<?xml version="1.0" encoding="UTF-8"?><gpx xmlns="http://www.topografix.com/GPX/1/1" xmlns:xsi="http://www.w3.org/2001/XMLSchema-instance" version="1.1" creator="Polar Vantage M3" xsi:schemaLocation="http://www.topografix.com/GPX/1/1 http://www.topografix.com/GPX/1/1/gpx.xsd"><metadata><author><name>Polar</name></author><time>2026-06-12T07:34:44.892Z</time><bounds minlat="59.34725" minlon="18.040745" maxlat="59.37557167" maxlon="18.096285"></bounds></metadata><trk><trkseg><trkpt lat="59.36237167" lon="18.05819833"><ele>-2.0</ele><time>2026-06-03T09:00:43.069Z</time></trkpt><trkpt lat="59.36230667" lon="18.05823"><ele>-2.0</ele><time>2026-06-03T09:00:44.069Z</time></trkpt><trkpt lat="59.362275" lon="18.058275"><ele>-2.0</ele><time>2026-06-03T09:00:45.069Z</time></trkpt><trkpt lat="59.362265" lon="18.05834167"><ele>-2.0</ele><time>2026-06-03T09:00:46.069Z</time></trkpt><trkpt lat="59.36226" lon="18.05843833"><ele>-2.0</ele><time>2026-06-03T09:00:47.069Z</time></trkpt><trkpt lat="59.36225167" lon="18.058495"><ele>-2.0</ele><time>2026-06-03T09:00:48.069Z</time></trkpt><trkpt lat="59.36225" lon="18.05850667"><ele>-2.0</ele><time>2026-06-03T09:00:49.068Z</time></trkpt><trkpt lat="59.36224" lon="18.05849"><ele>-2.0</ele><time>2026-06-03T09:00:50.069Z</time></trkpt><trkpt lat="59.36223833" lon="18.05847667"><ele>-2.0</ele><time>2026-06-03T09:00:51.068Z</time></trkpt><trkpt lat="59.36222833" lon="18.05846833"><ele>-2.0</ele><time>2026-06-03T09:00:52.069Z</time></trkpt><trkpt lat="59.36222833" lon="18.05846833"><ele>-2.0</ele><time>2026-06-03T09:00:53.069Z</time></trkpt><trkpt lat="59.36220333" lon="18.05838833"><ele>-1.0</ele><time>2026-06-03T09:00:54.069Z</time></trkpt><trkpt lat="59.3622" lon="18.05835333"><ele>-1.0</ele><time>2026-06-03T09:00:55.069Z</time></trkpt><trkpt lat="59.36218167" lon="18.05832833"><ele>-1.0</ele><time>2026-06-03T09:00:56.069Z</time></trkpt><trkpt lat="59.36216167" lon="18.05832"><ele>-1.0</ele><time>2026-06-03T09:00:57.068Z</time></trkpt><trkpt lat="59.36213" lon="18.058295"><ele>0.0</ele><time>2026-06-03T09:00:58.069Z</time></trkpt><trkpt lat="59.36210333" lon="18.05828833"><ele>0.0</ele><time>2026-06-03T09:00:59.068Z</time></trkpt><trkpt lat="59.36208" lon="18.05828"><ele>0.0</ele><time>2026-06-03T09:01:00.068Z</time></trkpt><trkpt lat="59.36208" lon="18.05828"><ele>0.0</ele><time>2026-06-03T09:01:01.068Z</time></trkpt><trkpt lat="59.362035" lon="18.05828167"><ele>0.0</ele><time>2026-06-03T09:01:02.068Z</time></trkpt><trkpt lat="59.36202167" lon="18.058275"><ele>0.0</ele><time>2026-06-03T09:01:03.069Z</time></trkpt><trkpt lat="59.36200667" lon="18.05827333"><ele>0.0</ele><time>2026-06-03T09:01:04.069Z</time></trkpt><trkpt lat="59.36198833" lon="18.05827833"><ele>0.0</ele><time>2026-06-03T09:01:05.069Z</time></trkpt><trkpt lat="59.36198833" lon="18.05827833"><ele>0.0</ele><time>2026-06-03T09:01:06.069Z</time></trkpt><trkpt lat="59.361965" lon="18.05828333"><ele>0.0</ele><time>2026-06-03T09:01:07.068Z</time></trkpt><trkpt lat="59.36194667" lon="18.058295"><ele>0.0</ele><time>2026-06-03T09:01:08.068Z</time></trkpt><trkpt lat="59.361925" lon="18.05831167"><ele>-2.0</ele><time>2026-06-03T09:01:09.068Z</time></trkpt><trkpt lat="59.36188833" lon="18.05835"><ele>-1.0</ele><time>2026-06-03T09:01:10.068Z</time></trkpt><trkpt lat="59.36188833" lon="18.05835"><ele>-1.0</ele><time>2026-06-03T09:01:11.069Z</time></trkpt><trkpt lat="59.361865" lon="18.058385"><ele>-1.0</ele><time>2026-06-03T09:01:12.069Z</time></trkpt><trkpt lat="59.36181667" lon="18.05844833"><ele>-1.0</ele><time>2026-06-03T09:01:13.068Z</time></trkpt><trkpt lat="59.36181667" lon="18.05844833"><ele>-1.0</ele><time>2026-06-03T09:01:14.069Z</time></trkpt><trkpt lat="59.36179" lon="18.058475"><ele>-1.0</ele><time>2026-06-03T09:01:15.069Z</time></trkpt><trkpt lat="59.361765" lon="18.05850333"><ele>-1.0</ele><time>2026-06-03T09:01:16.068Z</time></trkpt><trkpt lat="59.36174" lon="18.05853"><ele>-1.0</ele><time>2026-06-03T09:01:17.069Z</time></trkpt><trkpt lat="59.361715" lon="18.05855833"><ele>-1.0</ele><time>2026-06-03T09:01:18.069Z</time></trkpt><trkpt lat="59.36165667" lon="18.05860833"><ele>-3.0</ele><time>2026-06-03T09:01:19.068Z</time></trkpt><trkpt lat="59.36165667" lon="18.05860833"><ele>-3.0</ele><time>2026-06-03T09:01:20.068Z</time></trkpt><trkpt lat="59.36162833" lon="18.05863"><ele>-3.0</ele><time>2026-06-03T09:01:21.069Z</time></trkpt><trkpt lat="59.3616" lon="18.05864833"><ele>-3.0</ele><time>2026-06-03T09:01:22.068Z</time></trkpt><trkpt lat="59.36157333" lon="18.05865833"><ele>-2.0</ele><time>2026-06-03T09:01:23.068Z</time></trkpt><trkpt lat="59.36151667" lon="18.05867333"><ele>-2.0</ele><time>2026-06-03T09:01:24.068Z</time></trkpt><trkpt lat="59.36151667" lon="18.05867333"><ele>-2.0</ele><time>2026-06-03T09:01:25.069Z</time></trkpt><trkpt lat="59.36148667" lon="18.05867333"><ele>-2.0</ele><time>2026-06-03T09:01:26.069Z</time></trkpt><trkpt lat="59.36146" lon="18.05867"><ele>-2.0</ele><time>2026-06-03T09:01:27.069Z</time></trkpt><trkpt lat="59.36143167" lon="18.05866833"><ele>-2.0</ele><time>2026-06-03T09:01:28.069Z</time></trkpt><trkpt lat="59.36140333" lon="18.058665"><ele>-2.0</ele><time>2026-06-03T09:01:29.069Z</time></trkpt><trkpt lat="59.36134333" lon="18.05865667"><ele>-2.0</ele><time>2026-06-03T09:01:30.068Z</time></trkpt><trkpt lat="59.36134333" lon="18.05865667"><ele>-2.0</ele><time>2026-06-03T09:01:31.069Z</time></trkpt><trkpt lat="59.361315" lon="18.058655"><ele>-2.0</ele><time>2026-06-03T09:01:32.069Z</time></trkpt><trkpt lat="59.361255" lon="18.05864333"><ele>-2.0</ele><time>2026-06-03T09:01:33.069Z</time></trkpt><trkpt lat="59.361255" lon="18.05864333"><ele>-2.0</ele><time>2026-06-03T09:01:34.069Z</time></trkpt><trkpt lat="59.361225" lon="18.05864"><ele>-2.0</ele><time>2026-06-03T09:01:35.069Z</time></trkpt><trkpt lat="59.36119167" lon="18.05863667"><ele>-2.0</ele><time>2026-06-03T09:01:36.068Z</time></trkpt><trkpt lat="59.36113" lon="18.05862667"><ele>-2.0</ele><time>2026-06-03T09:01:37.069Z</time></trkpt><trkpt lat="59.36113" lon="18.05862667"><ele>-2.0</ele><time>2026-06-03T09:01:38.069Z</time></trkpt><trkpt lat="59.36109667" lon="18.058625"><ele>-2.0</ele><time>2026-06-03T09:01:39.069Z</time></trkpt><trkpt lat="59.36106333" lon="18.05862333"><ele>-2.0</ele><time>2026-06-03T09:01:40.069Z</time></trkpt><trkpt lat="59.36103333" lon="18.05861833"><ele>-2.0</ele><time>2026-06-03T09:01:41.069Z</time></trkpt><trkpt lat="59.36100333" lon="18.05861"><ele>-2.0</ele><time>2026-06-03T09:01:42.069Z</time></trkpt><trkpt lat="59.36094667" lon="18.05859667"><ele>-2.0</ele><time>2026-06-03T09:01:43.069Z</time></trkpt><trkpt lat="59.36094667" lon="18.05859667"><ele>-2.0</ele><time>2026-06-03T09:01:44.069Z</time></trkpt><trkpt lat="59.360915" lon="18.05859667"><ele>-2.0</ele><time>2026-06-03T09:01:45.069Z</time></trkpt><trkpt lat="59.36088667" lon="18.05859667"><ele>-2.0</ele><time>2026-06-03T09:01:46.068Z</time></trkpt><trkpt lat="59.36085667" lon="18.05859333"><ele>-2.0</ele><time>2026-06-03T09:01:47.068Z</time></trkpt><trkpt lat="59.36082333" lon="18.0586"><ele>-2.0</ele><time>2026-06-03T09:01:48.069Z</time></trkpt><trkpt lat="59.36079333" lon="18.05860167"><ele>-2.0</ele><time>2026-06-03T09:01:49.068Z</time></trkpt><trkpt lat="59.360765" lon="18.05860333"><ele>-2.0</ele><time>2026-06-03T09:01:50.069Z</time></trkpt><trkpt lat="59.360735" lon="18.058605"><ele>-2.0</ele><time>2026-06-03T09:01:51.069Z</time></trkpt><trkpt lat="59.36067667" lon="18.05859333"><ele>-2.0</ele><time>2026-06-03T09:01:52.069Z</time></trkpt><trkpt lat="59.36067667" lon="18.05859333"><ele>-2.0</ele><time>2026-06-03T09:01:53.069Z</time></trkpt><trkpt lat="59.36065" lon="18.058595"><ele>-2.0</ele><time>2026-06-03T09:01:54.069Z</time></trkpt><trkpt lat="59.36062167" lon="18.05858833"><ele>-2.0</ele><time>2026-06-03T09:01:55.069Z</time></trkpt><trkpt lat="59.36059167" lon="18.05857833"><ele>-2.0</ele><time>2026-06-03T09:01:56.069Z</time></trkpt><trkpt lat="59.36056333" lon="18.05857333"><ele>-2.0</ele><time>2026-06-03T09:01:57.069Z</time></trkpt><trkpt lat="59.36053333" lon="18.05857333"><ele>-2.0</ele><time>2026-06-03T09:01:58.069Z</time></trkpt><trkpt lat="59.360505" lon="18.058575"><ele>-2.0</ele><time>2026-06-03T09:01:59.068Z</time></trkpt><trkpt lat="59.36047667" lon="18.05858"><ele>-2.0</ele><time>2026-06-03T09:02:00.069Z</time></trkpt><trkpt lat="59.36044667" lon="18.058585"><ele>-2.0</ele><time>2026-06-03T09:02:01.069Z</time></trkpt><trkpt lat="59.36041667" lon="18.05859667"><ele>-2.0</ele><time>2026-06-03T09:02:02.069Z</time></trkpt><trkpt lat="59.36038833" lon="18.05861667"><ele>-2.0</ele><time>2026-06-03T09:02:03.068Z</time></trkpt><trkpt lat="59.36036167" lon="18.05863167"><ele>-2.0</ele><time>2026-06-03T09:02:04.069Z</time></trkpt><trkpt lat="59.36033667" lon="18.058655"><ele>-2.0</ele><time>2026-06-03T09:02:05.068Z</time></trkpt><trkpt lat="59.36031333" lon="18.05868333"><ele>-2.0</ele><time>2026-06-03T09:02:06.068Z</time></trkpt><trkpt lat="59.36029167" lon="18.058715"><ele>-2.0</ele><time>2026-06-03T09:02:07.068Z</time></trkpt><trkpt lat="59.36024667" lon="18.05877333"><ele>-2.0</ele><time>2026-06-03T09:02:08.068Z</time></trkpt><trkpt lat="59.36024667" lon="18.05877333"><ele>-2.0</ele><time>2026-06-03T09:02:09.069Z</time></trkpt><trkpt lat="59.360225" lon="18.0588"><ele>-2.0</ele><time>2026-06-03T09:02:10.069Z</time></trkpt><trkpt lat="59.36020167" lon="18.05883333"><ele>-2.0</ele><time>2026-06-03T09:02:11.069Z</time></trkpt><trkpt lat="59.36018" lon="18.05886667"><ele>-2.0</ele><time>2026-06-03T09:02:12.069Z</time></trkpt><trkpt lat="59.36015833" lon="18.05890167"><ele>-2.0</ele><time>2026-06-03T09:02:13.069Z</time></trkpt><trkpt lat="59.36013833" lon="18.05893667"><ele>-2.0</ele><time>2026-06-03T09:02:14.069Z</time></trkpt><trkpt lat="59.36011667" lon="18.05897333"><ele>-2.0</ele><time>2026-06-03T09:02:15.069Z</time></trkpt><trkpt lat="59.360095" lon="18.05901167"><ele>-2.0</ele><time>2026-06-03T09:02:16.069Z</time></trkpt><trkpt lat="59.36007667" lon="18.059045"><ele>-2.0</ele><time>2026-06-03T09:02:17.069Z</time></trkpt><trkpt lat="59.36005333" lon="18.059085"><ele>-2.0</ele><time>2026-06-03T09:02:18.069Z</time></trkpt><trkpt lat="59.36003167" lon="18.05913"><ele>-2.0</ele><time>2026-06-03T09:02:19.069Z</time></trkpt><trkpt lat="59.36001" lon="18.05916833"><ele>-2.0</ele><time>2026-06-03T09:02:20.068Z</time></trkpt><trkpt lat="59.35998833" lon="18.059205"><ele>-2.0</ele><time>2026-06-03T09:02:21.068Z</time></trkpt><trkpt lat="59.359965" lon="18.05924667"><ele>-2.0</ele><time>2026-06-03T09:02:22.069Z</time></trkpt><trkpt lat="59.35991667" lon="18.05932167"><ele>-2.0</ele><time>2026-06-03T09:02:23.069Z</time></trkpt><trkpt lat="59.35991667" lon="18.05932167"><ele>-2.0</ele><time>2026-06-03T09:02:24.068Z</time></trkpt><trkpt lat="59.35989333" lon="18.059365"><ele>-2.0</ele><time>2026-06-03T09:02:25.069Z</time></trkpt><trkpt lat="59.35984833" lon="18.05943833"><ele>-2.0</ele><time>2026-06-03T09:02:26.069Z</time></trkpt><trkpt lat="59.35984833" lon="18.05943833"><ele>-2.0</ele><time>2026-06-03T09:02:27.068Z</time></trkpt><trkpt lat="59.359825" lon="18.059475"><ele>-2.0</ele><time>2026-06-03T09:02:28.069Z</time></trkpt><trkpt lat="59.359805" lon="18.05951333"><ele>-2.0</ele><time>2026-06-03T09:02:29.069Z</time></trkpt><trkpt lat="59.35978333" lon="18.05955833"><ele>-2.0</ele><time>2026-06-03T09:02:30.068Z</time></trkpt><trkpt lat="59.35976" lon="18.05959167"><ele>-2.0</ele><time>2026-06-03T09:02:31.068Z</time></trkpt><trkpt lat="59.35973833" lon="18.05964333"><ele>-3.0</ele><time>2026-06-03T09:02:32.069Z</time></trkpt><trkpt lat="59.359695" lon="18.05972167"><ele>-3.0</ele><time>2026-06-03T09:02:33.068Z</time></trkpt><trkpt lat="59.359695" lon="18.05972167"><ele>-3.0</ele><time>2026-06-03T09:02:34.069Z</time></trkpt><trkpt lat="59.359675" lon="18.05976667"><ele>-1.0</ele><time>2026-06-03T09:02:35.069Z</time></trkpt><trkpt lat="59.35965333" lon="18.059805"><ele>-1.0</ele><time>2026-06-03T09:02:36.068Z</time></trkpt><trkpt lat="59.35963" lon="18.059845"><ele>-1.0</ele><time>2026-06-03T09:02:37.069Z</time></trkpt><trkpt lat="59.35961" lon="18.05988333"><ele>-1.0</ele><time>2026-06-03T09:02:38.068Z</time></trkpt><trkpt lat="59.35958833" lon="18.05991667"><ele>-1.0</ele><time>2026-06-03T09:02:39.068Z</time></trkpt><trkpt lat="59.359565" lon="18.05995167"><ele>-1.0</ele><time>2026-06-03T09:02:40.068Z</time></trkpt><trkpt lat="59.35954667" lon="18.05998333"><ele>-1.0</ele><time>2026-06-03T09:02:41.069Z</time></trkpt><trkpt lat="59.359525" lon="18.06002"><ele>-1.0</ele><time>2026-06-03T09:02:42.068Z</time></trkpt><trkpt lat="59.35950333" lon="18.06004667"><ele>-1.0</ele><time>2026-06-03T09:02:43.069Z</time></trkpt><trkpt lat="59.35947833" lon="18.06007167"><ele>-1.0</ele><time>2026-06-03T09:02:44.069Z</time></trkpt><trkpt lat="59.35945833" lon="18.06010667"><ele>-1.0</ele><time>2026-06-03T09:02:45.068Z</time></trkpt><trkpt lat="59.359435" lon="18.06014833"><ele>-1.0</ele><time>2026-06-03T09:02:46.069Z</time></trkpt><trkpt lat="59.35939" lon="18.06022333"><ele>-1.0</ele><time>2026-06-03T09:02:47.069Z</time></trkpt><trkpt lat="59.35939" lon="18.06022333"><ele>-1.0</ele><time>2026-06-03T09:02:48.068Z</time></trkpt><trkpt lat="59.35936667" lon="18.06026333"><ele>-1.0</ele><time>2026-06-03T09:02:49.069Z</time></trkpt><trkpt lat="59.35932167" lon="18.06032667"><ele>-1.0</ele><time>2026-06-03T09:02:50.069Z</time></trkpt><trkpt lat="59.35932167" lon="18.06032667"><ele>-1.0</ele><time>2026-06-03T09:02:51.068Z</time></trkpt><trkpt lat="59.35930167" lon="18.06036333"><ele>-1.0</ele><time>2026-06-03T09:02:52.069Z</time></trkpt><trkpt lat="59.35926167" lon="18.06042667"><ele>-1.0</ele><time>2026-06-03T09:02:53.069Z</time></trkpt><trkpt lat="59.35926167" lon="18.06042667"><ele>-1.0</ele><time>2026-06-03T09:02:54.068Z</time></trkpt><trkpt lat="59.35924" lon="18.060465"><ele>-1.0</ele><time>2026-06-03T09:02:55.069Z</time></trkpt><trkpt lat="59.35919" lon="18.06051833"><ele>-1.0</ele><time>2026-06-03T09:02:56.069Z</time></trkpt><trkpt lat="59.35919" lon="18.06051833"><ele>-1.0</ele><time>2026-06-03T09:02:57.068Z</time></trkpt><trkpt lat="59.359165" lon="18.060555"><ele>-1.0</ele><time>2026-06-03T09:02:58.069Z</time></trkpt><trkpt lat="59.35914167" lon="18.06059333"><ele>-1.0</ele><time>2026-06-03T09:02:59.068Z</time></trkpt><trkpt lat="59.35911833" lon="18.06063"><ele>-1.0</ele><time>2026-06-03T09:03:00.068Z</time></trkpt><trkpt lat="59.359095" lon="18.06066833"><ele>-1.0</ele><time>2026-06-03T09:03:01.069Z</time></trkpt><trkpt lat="59.35907" lon="18.06070333"><ele>-1.0</ele><time>2026-06-03T09:03:02.069Z</time></trkpt><trkpt lat="59.35905" lon="18.06074833"><ele>-1.0</ele><time>2026-06-03T09:03:03.068Z</time></trkpt><trkpt lat="59.359025" lon="18.060785"><ele>-1.0</ele><time>2026-06-03T09:03:04.069Z</time></trkpt><trkpt lat="59.359" lon="18.06082167"><ele>-1.0</ele><time>2026-06-03T09:03:05.069Z</time></trkpt><trkpt lat="59.35897333" lon="18.06085667"><ele>-1.0</ele><time>2026-06-03T09:03:06.068Z</time></trkpt><trkpt lat="59.35894667" lon="18.06088833"><ele>-1.0</ele><time>2026-06-03T09:03:07.069Z</time></trkpt><trkpt lat="59.35891833" lon="18.06091333"><ele>-1.0</ele><time>2026-06-03T09:03:08.069Z</time></trkpt><trkpt lat="59.35888833" lon="18.06094667"><ele>-1.0</ele><time>2026-06-03T09:03:09.068Z</time></trkpt><trkpt lat="59.35886" lon="18.06098"><ele>-1.0</ele><time>2026-06-03T09:03:10.069Z</time></trkpt><trkpt lat="59.35883167" lon="18.061015"><ele>-1.0</ele><time>2026-06-03T09:03:11.069Z</time></trkpt><trkpt lat="59.35877667" lon="18.06108833"><ele>-1.0</ele><time>2026-06-03T09:03:12.068Z</time></trkpt><trkpt lat="59.35877667" lon="18.06108833"><ele>-1.0</ele><time>2026-06-03T09:03:13.068Z</time></trkpt><trkpt lat="59.35874833" lon="18.06113167"><ele>-1.0</ele><time>2026-06-03T09:03:14.069Z</time></trkpt><trkpt lat="59.35872333" lon="18.06116833"><ele>-1.0</ele><time>2026-06-03T09:03:15.068Z</time></trkpt><trkpt lat="59.35870167" lon="18.0612"><ele>-1.0</ele><time>2026-06-03T09:03:16.069Z</time></trkpt><trkpt lat="59.35867833" lon="18.06123833"><ele>-1.0</ele><time>2026-06-03T09:03:17.069Z</time></trkpt><trkpt lat="59.35863333" lon="18.06129167"><ele>-1.0</ele><time>2026-06-03T09:03:18.068Z</time></trkpt><trkpt lat="59.35863333" lon="18.06129167"><ele>-1.0</ele><time>2026-06-03T09:03:19.069Z</time></trkpt><trkpt lat="59.35860667" lon="18.06131667"><ele>-1.0</ele><time>2026-06-03T09:03:20.068Z</time></trkpt><trkpt lat="59.35858167" lon="18.06133833"><ele>-1.0</ele><time>2026-06-03T09:03:21.068Z</time></trkpt><trkpt lat="59.35855667" lon="18.06137667"><ele>-1.0</ele><time>2026-06-03T09:03:22.069Z</time></trkpt><trkpt lat="59.35853333" lon="18.06141"><ele>-1.0</ele><time>2026-06-03T09:03:23.069Z</time></trkpt><trkpt lat="59.358505" lon="18.061445"><ele>-1.0</ele><time>2026-06-03T09:03:24.069Z</time></trkpt><trkpt lat="59.35847833" lon="18.06147833"><ele>-1.0</ele><time>2026-06-03T09:03:25.069Z</time></trkpt><trkpt lat="59.35845167" lon="18.06150833"><ele>-1.0</ele><time>2026-06-03T09:03:26.069Z</time></trkpt><trkpt lat="59.35839167" lon="18.06156667"><ele>-1.0</ele><time>2026-06-03T09:03:27.068Z</time></trkpt><trkpt lat="59.35839167" lon="18.06156667"><ele>-1.0</ele><time>2026-06-03T09:03:28.069Z</time></trkpt><trkpt lat="59.358365" lon="18.061595"><ele>-1.0</ele><time>2026-06-03T09:03:29.069Z</time></trkpt><trkpt lat="59.358315" lon="18.06164167"><ele>-1.0</ele><time>2026-06-03T09:03:30.068Z</time></trkpt><trkpt lat="59.358315" lon="18.06164167"><ele>-1.0</ele><time>2026-06-03T09:03:31.069Z</time></trkpt><trkpt lat="59.35828833" lon="18.06166667"><ele>-1.0</ele><time>2026-06-03T09:03:32.069Z</time></trkpt><trkpt lat="59.35826" lon="18.06169"><ele>-1.0</ele><time>2026-06-03T09:03:33.068Z</time></trkpt><trkpt lat="59.358235" lon="18.06171833"><ele>-1.0</ele><time>2026-06-03T09:03:34.068Z</time></trkpt><trkpt lat="59.35820833" lon="18.06174333"><ele>-1.0</ele><time>2026-06-03T09:03:35.069Z</time></trkpt><trkpt lat="59.358185" lon="18.06177167"><ele>-1.0</ele><time>2026-06-03T09:03:36.068Z</time></trkpt><trkpt lat="59.35815833" lon="18.061795"><ele>-1.0</ele><time>2026-06-03T09:03:37.069Z</time></trkpt><trkpt lat="59.35813167" lon="18.06182167"><ele>-1.0</ele><time>2026-06-03T09:03:38.069Z</time></trkpt><trkpt lat="59.358105" lon="18.06185167"><ele>-1.0</ele><time>2026-06-03T09:03:39.069Z</time></trkpt><trkpt lat="59.35807667" lon="18.06188"><ele>-1.0</ele><time>2026-06-03T09:03:40.069Z</time></trkpt><trkpt lat="59.35804667" lon="18.061905"><ele>-1.0</ele><time>2026-06-03T09:03:41.068Z</time></trkpt><trkpt lat="59.35801833" lon="18.06192833"><ele>-1.0</ele><time>2026-06-03T09:03:42.068Z</time></trkpt><trkpt lat="59.35799333" lon="18.06194833"><ele>-1.0</ele><time>2026-06-03T09:03:43.069Z</time></trkpt><trkpt lat="59.357965" lon="18.06196667"><ele>-1.0</ele><time>2026-06-03T09:03:44.069Z</time></trkpt><trkpt lat="59.35793833" lon="18.06198667"><ele>-2.0</ele><time>2026-06-03T09:03:45.068Z</time></trkpt><trkpt lat="59.35791333" lon="18.06200667"><ele>-2.0</ele><time>2026-06-03T09:03:46.069Z</time></trkpt><trkpt lat="59.35788667" lon="18.06202167"><ele>-2.0</ele><time>2026-06-03T09:03:47.069Z</time></trkpt><trkpt lat="59.35786167" lon="18.06204167"><ele>-2.0</ele><time>2026-06-03T09:03:48.068Z</time></trkpt><trkpt lat="59.35783167" lon="18.06206833"><ele>-2.0</ele><time>2026-06-03T09:03:49.069Z</time></trkpt><trkpt lat="59.357805" lon="18.06209667"><ele>-2.0</ele><time>2026-06-03T09:03:50.069Z</time></trkpt><trkpt lat="59.35777833" lon="18.06212"><ele>-2.0</ele><time>2026-06-03T09:03:51.068Z</time></trkpt><trkpt lat="59.357755" lon="18.06215"><ele>-2.0</ele><time>2026-06-03T09:03:52.069Z</time></trkpt><trkpt lat="59.35772833" lon="18.062185"><ele>-2.0</ele><time>2026-06-03T09:03:53.069Z</time></trkpt><trkpt lat="59.357675" lon="18.06226167"><ele>-2.0</ele><time>2026-06-03T09:03:54.068Z</time></trkpt><trkpt lat="59.357675" lon="18.06226167"><ele>-2.0</ele><time>2026-06-03T09:03:55.068Z</time></trkpt><trkpt lat="59.35765167" lon="18.06229667"><ele>-2.0</ele><time>2026-06-03T09:03:56.069Z</time></trkpt><trkpt lat="59.357625" lon="18.06232667"><ele>-1.0</ele><time>2026-06-03T09:03:57.068Z</time></trkpt><trkpt lat="59.35760167" lon="18.06236167"><ele>-1.0</ele><time>2026-06-03T09:03:58.069Z</time></trkpt><trkpt lat="59.35758" lon="18.06239167"><ele>-1.0</ele><time>2026-06-03T09:03:59.069Z</time></trkpt><trkpt lat="59.35756167" lon="18.06241667"><ele>-1.0</ele><time>2026-06-03T09:04:00.068Z</time></trkpt><trkpt lat="59.35754" lon="18.062445"><ele>-1.0</ele><time>2026-06-03T09:04:01.069Z</time></trkpt><trkpt lat="59.35752167" lon="18.06247333"><ele>-1.0</ele><time>2026-06-03T09:04:02.068Z</time></trkpt><trkpt lat="59.35750167" lon="18.06249833"><ele>-1.0</ele><time>2026-06-03T09:04:03.068Z</time></trkpt><trkpt lat="59.35748167" lon="18.06253833"><ele>-1.0</ele><time>2026-06-03T09:04:04.069Z</time></trkpt><trkpt lat="59.357455" lon="18.062575"><ele>-1.0</ele><time>2026-06-03T09:04:05.069Z</time></trkpt><trkpt lat="59.35743667" lon="18.062605"><ele>-1.0</ele><time>2026-06-03T09:04:06.068Z</time></trkpt><trkpt lat="59.35741667" lon="18.062645"><ele>-1.0</ele><time>2026-06-03T09:04:07.069Z</time></trkpt><trkpt lat="59.357395" lon="18.06268333"><ele>-1.0</ele><time>2026-06-03T09:04:08.069Z</time></trkpt><trkpt lat="59.35735667" lon="18.062755"><ele>-1.0</ele><time>2026-06-03T09:04:09.068Z</time></trkpt><trkpt lat="59.35735667" lon="18.062755"><ele>-1.0</ele><time>2026-06-03T09:04:10.069Z</time></trkpt><trkpt lat="59.35733667" lon="18.06280167"><ele>-1.0</ele><time>2026-06-03T09:04:11.069Z</time></trkpt><trkpt lat="59.35731167" lon="18.06285333"><ele>-1.0</ele><time>2026-06-03T09:04:12.069Z</time></trkpt><trkpt lat="59.35728833" lon="18.06289667"><ele>-1.0</ele><time>2026-06-03T09:04:13.069Z</time></trkpt><trkpt lat="59.357265" lon="18.06294667"><ele>-1.0</ele><time>2026-06-03T09:04:14.069Z</time></trkpt><trkpt lat="59.35722" lon="18.06306"><ele>-1.0</ele><time>2026-06-03T09:04:15.069Z</time></trkpt><trkpt lat="59.35722" lon="18.06306"><ele>-1.0</ele><time>2026-06-03T09:04:16.068Z</time></trkpt><trkpt lat="59.35719833" lon="18.06311"><ele>-1.0</ele><time>2026-06-03T09:04:17.069Z</time></trkpt><trkpt lat="59.357175" lon="18.06317"><ele>-1.0</ele><time>2026-06-03T09:04:18.068Z</time></trkpt><trkpt lat="59.35715167" lon="18.06323"><ele>-1.0</ele><time>2026-06-03T09:04:19.069Z</time></trkpt><trkpt lat="59.35713" lon="18.06328667"><ele>-1.0</ele><time>2026-06-03T09:04:20.068Z</time></trkpt><trkpt lat="59.35710833" lon="18.063345"><ele>-1.0</ele><time>2026-06-03T09:04:21.068Z</time></trkpt><trkpt lat="59.357085" lon="18.063385"><ele>-1.0</ele><time>2026-06-03T09:04:22.069Z</time></trkpt><trkpt lat="59.35706333" lon="18.06342333"><ele>-1.0</ele><time>2026-06-03T09:04:23.068Z</time></trkpt><trkpt lat="59.357025" lon="18.063505"><ele>-1.0</ele><time>2026-06-03T09:04:24.068Z</time></trkpt><trkpt lat="59.357025" lon="18.063505"><ele>-1.0</ele><time>2026-06-03T09:04:25.069Z</time></trkpt><trkpt lat="59.35700833" lon="18.06355833"><ele>-1.0</ele><time>2026-06-03T09:04:26.069Z</time></trkpt><trkpt lat="59.35697167" lon="18.06364833"><ele>-1.0</ele><time>2026-06-03T09:04:27.068Z</time></trkpt><trkpt lat="59.35697167" lon="18.06364833"><ele>-1.0</ele><time>2026-06-03T09:04:28.069Z</time></trkpt><trkpt lat="59.35695" lon="18.06368667"><ele>-1.0</ele><time>2026-06-03T09:04:29.069Z</time></trkpt><trkpt lat="59.35690667" lon="18.06378667"><ele>-1.0</ele><time>2026-06-03T09:04:30.068Z</time></trkpt><trkpt lat="59.35690667" lon="18.06378667"><ele>-1.0</ele><time>2026-06-03T09:04:31.069Z</time></trkpt><trkpt lat="59.356885" lon="18.06383333"><ele>-1.0</ele><time>2026-06-03T09:04:32.069Z</time></trkpt><trkpt lat="59.35684667" lon="18.06394833"><ele>-2.0</ele><time>2026-06-03T09:04:33.069Z</time></trkpt><trkpt lat="59.35684667" lon="18.06394833"><ele>-2.0</ele><time>2026-06-03T09:04:34.069Z</time></trkpt><trkpt lat="59.35682833" lon="18.06399667"><ele>0.0</ele><time>2026-06-03T09:04:35.069Z</time></trkpt><trkpt lat="59.35681" lon="18.06403833"><ele>0.0</ele><time>2026-06-03T09:04:36.069Z</time></trkpt><trkpt lat="59.35679333" lon="18.06408667"><ele>0.0</ele><time>2026-06-03T09:04:37.068Z</time></trkpt><trkpt lat="59.35677833" lon="18.06414"><ele>0.0</ele><time>2026-06-03T09:04:38.069Z</time></trkpt><trkpt lat="59.356745" lon="18.06424167"><ele>0.0</ele><time>2026-06-03T09:04:39.069Z</time></trkpt><trkpt lat="59.356745" lon="18.06424167"><ele>0.0</ele><time>2026-06-03T09:04:40.069Z</time></trkpt><trkpt lat="59.35673" lon="18.06428333"><ele>0.0</ele><time>2026-06-03T09:04:41.069Z</time></trkpt><trkpt lat="59.35669167" lon="18.06438"><ele>0.0</ele><time>2026-06-03T09:04:42.068Z</time></trkpt><trkpt lat="59.35669167" lon="18.06438"><ele>0.0</ele><time>2026-06-03T09:04:43.069Z</time></trkpt><trkpt lat="59.356675" lon="18.06443667"><ele>0.0</ele><time>2026-06-03T09:04:44.068Z</time></trkpt><trkpt lat="59.35665333" lon="18.06449167"><ele>0.0</ele><time>2026-06-03T09:04:45.068Z</time></trkpt><trkpt lat="59.35663333" lon="18.06453167"><ele>0.0</ele><time>2026-06-03T09:04:46.069Z</time></trkpt><trkpt lat="59.35661667" lon="18.06457833"><ele>0.0</ele><time>2026-06-03T09:04:47.069Z</time></trkpt><trkpt lat="59.3566" lon="18.06461333"><ele>0.0</ele><time>2026-06-03T09:04:48.069Z</time></trkpt><trkpt lat="59.35658" lon="18.064655"><ele>0.0</ele><time>2026-06-03T09:04:49.069Z</time></trkpt><trkpt lat="59.35656" lon="18.06469833"><ele>0.0</ele><time>2026-06-03T09:04:50.068Z</time></trkpt><trkpt lat="59.35651833" lon="18.06479833"><ele>0.0</ele><time>2026-06-03T09:04:51.068Z</time></trkpt><trkpt lat="59.35651833" lon="18.06479833"><ele>0.0</ele><time>2026-06-03T09:04:52.069Z</time></trkpt><trkpt lat="59.3565" lon="18.06485167"><ele>0.0</ele><time>2026-06-03T09:04:53.069Z</time></trkpt><trkpt lat="59.35646167" lon="18.064955"><ele>0.0</ele><time>2026-06-03T09:04:54.069Z</time></trkpt><trkpt lat="59.35646167" lon="18.064955"><ele>0.0</ele><time>2026-06-03T09:04:55.069Z</time></trkpt><trkpt lat="59.356445" lon="18.06500667"><ele>0.0</ele><time>2026-06-03T09:04:56.069Z</time></trkpt><trkpt lat="59.356425" lon="18.06510833"><ele>0.0</ele><time>2026-06-03T09:04:57.069Z</time></trkpt><trkpt lat="59.356425" lon="18.06510833"><ele>0.0</ele><time>2026-06-03T09:04:58.068Z</time></trkpt><trkpt lat="59.356415" lon="18.065165"><ele>0.0</ele><time>2026-06-03T09:04:59.069Z</time></trkpt><trkpt lat="59.35639667" lon="18.06528833"><ele>0.0</ele><time>2026-06-03T09:05:00.068Z</time></trkpt><trkpt lat="59.35639667" lon="18.06528833"><ele>0.0</ele><time>2026-06-03T09:05:01.069Z</time></trkpt><trkpt lat="59.35638833" lon="18.06534"><ele>0.0</ele><time>2026-06-03T09:05:02.069Z</time></trkpt><trkpt lat="59.35638" lon="18.06539667"><ele>-1.0</ele><time>2026-06-03T09:05:03.068Z</time></trkpt><trkpt lat="59.35637" lon="18.06545333"><ele>-1.0</ele><time>2026-06-03T09:05:04.069Z</time></trkpt><trkpt lat="59.35636167" lon="18.06550167"><ele>-1.0</ele><time>2026-06-03T09:05:05.068Z</time></trkpt><trkpt lat="59.356355" lon="18.06555667"><ele>-1.0</ele><time>2026-06-03T09:05:06.068Z</time></trkpt><trkpt lat="59.35634667" lon="18.06560833"><ele>0.0</ele><time>2026-06-03T09:05:07.069Z</time></trkpt><trkpt lat="59.35634" lon="18.06567167"><ele>0.0</ele><time>2026-06-03T09:05:08.069Z</time></trkpt><trkpt lat="59.35633333" lon="18.06571833"><ele>0.0</ele><time>2026-06-03T09:05:09.068Z</time></trkpt><trkpt lat="59.356325" lon="18.06577333"><ele>0.0</ele><time>2026-06-03T09:05:10.069Z</time></trkpt><trkpt lat="59.356315" lon="18.06582167"><ele>0.0</ele><time>2026-06-03T09:05:11.069Z</time></trkpt><trkpt lat="59.3563" lon="18.06587333"><ele>0.0</ele><time>2026-06-03T09:05:12.068Z</time></trkpt><trkpt lat="59.356285" lon="18.06592167"><ele>0.0</ele><time>2026-06-03T09:05:13.069Z</time></trkpt><trkpt lat="59.356265" lon="18.065965"><ele>0.0</ele><time>2026-06-03T09:05:14.069Z</time></trkpt><trkpt lat="59.35622167" lon="18.06604833"><ele>0.0</ele><time>2026-06-03T09:05:15.068Z</time></trkpt><trkpt lat="59.35622167" lon="18.06604833"><ele>0.0</ele><time>2026-06-03T09:05:16.069Z</time></trkpt><trkpt lat="59.3562" lon="18.06609"><ele>0.0</ele><time>2026-06-03T09:05:17.069Z</time></trkpt><trkpt lat="59.35617667" lon="18.06612333"><ele>0.0</ele><time>2026-06-03T09:05:18.069Z</time></trkpt><trkpt lat="59.35615333" lon="18.06615"><ele>0.0</ele><time>2026-06-03T09:05:19.068Z</time></trkpt><trkpt lat="59.3561" lon="18.06619167"><ele>-1.0</ele><time>2026-06-03T09:05:20.069Z</time></trkpt><trkpt lat="59.3561" lon="18.06619167"><ele>-1.0</ele><time>2026-06-03T09:05:21.069Z</time></trkpt><trkpt lat="59.35606667" lon="18.06621667"><ele>-1.0</ele><time>2026-06-03T09:05:22.069Z</time></trkpt><trkpt lat="59.356035" lon="18.066235"><ele>-1.0</ele><time>2026-06-03T09:05:23.068Z</time></trkpt><trkpt lat="59.35601" lon="18.066255"><ele>-1.0</ele><time>2026-06-03T09:05:24.069Z</time></trkpt><trkpt lat="59.35598167" lon="18.06628333"><ele>-1.0</ele><time>2026-06-03T09:05:25.069Z</time></trkpt><trkpt lat="59.355955" lon="18.06630833"><ele>-1.0</ele><time>2026-06-03T09:05:26.068Z</time></trkpt><trkpt lat="59.35593333" lon="18.06633167"><ele>-1.0</ele><time>2026-06-03T09:05:27.068Z</time></trkpt><trkpt lat="59.35591167" lon="18.06636"><ele>-1.0</ele><time>2026-06-03T09:05:28.069Z</time></trkpt><trkpt lat="59.35588833" lon="18.06638833"><ele>-1.0</ele><time>2026-06-03T09:05:29.069Z</time></trkpt><trkpt lat="59.35583667" lon="18.06645"><ele>-1.0</ele><time>2026-06-03T09:05:30.068Z</time></trkpt><trkpt lat="59.35583667" lon="18.06645"><ele>-1.0</ele><time>2026-06-03T09:05:31.069Z</time></trkpt><trkpt lat="59.35580667" lon="18.06648"><ele>-1.0</ele><time>2026-06-03T09:05:32.069Z</time></trkpt><trkpt lat="59.35575" lon="18.06655167"><ele>0.0</ele><time>2026-06-03T09:05:33.068Z</time></trkpt><trkpt lat="59.35575" lon="18.06655167"><ele>0.0</ele><time>2026-06-03T09:05:34.069Z</time></trkpt><trkpt lat="59.35572333" lon="18.06658667"><ele>0.0</ele><time>2026-06-03T09:05:35.068Z</time></trkpt><trkpt lat="59.35566833" lon="18.06666"><ele>0.0</ele><time>2026-06-03T09:05:36.069Z</time></trkpt><trkpt lat="59.35566833" lon="18.06666"><ele>0.0</ele><time>2026-06-03T09:05:37.069Z</time></trkpt><trkpt lat="59.35564167" lon="18.066695"><ele>0.0</ele><time>2026-06-03T09:05:38.069Z</time></trkpt><trkpt lat="59.35559" lon="18.06676167"><ele>0.0</ele><time>2026-06-03T09:05:39.068Z</time></trkpt><trkpt lat="59.35559" lon="18.06676167"><ele>0.0</ele><time>2026-06-03T09:05:40.068Z</time></trkpt><trkpt lat="59.355565" lon="18.06679667"><ele>0.0</ele><time>2026-06-03T09:05:41.069Z</time></trkpt><trkpt lat="59.355515" lon="18.06686333"><ele>0.0</ele><time>2026-06-03T09:05:42.069Z</time></trkpt><trkpt lat="59.355515" lon="18.06686333"><ele>0.0</ele><time>2026-06-03T09:05:43.069Z</time></trkpt><trkpt lat="59.35548833" lon="18.06690167"><ele>0.0</ele><time>2026-06-03T09:05:44.069Z</time></trkpt><trkpt lat="59.35545" lon="18.06698167"><ele>0.0</ele><time>2026-06-03T09:05:45.068Z</time></trkpt><trkpt lat="59.35545" lon="18.06698167"><ele>0.0</ele><time>2026-06-03T09:05:46.069Z</time></trkpt><trkpt lat="59.35543167" lon="18.067025"><ele>0.0</ele><time>2026-06-03T09:05:47.068Z</time></trkpt><trkpt lat="59.35541" lon="18.06707167"><ele>0.0</ele><time>2026-06-03T09:05:48.069Z</time></trkpt><trkpt lat="59.35539" lon="18.06712667"><ele>0.0</ele><time>2026-06-03T09:05:49.069Z</time></trkpt><trkpt lat="59.35535667" lon="18.06724333"><ele>0.0</ele><time>2026-06-03T09:05:50.068Z</time></trkpt><trkpt lat="59.35535667" lon="18.06724333"><ele>0.0</ele><time>2026-06-03T09:05:51.069Z</time></trkpt><trkpt lat="59.35533833" lon="18.06730167"><ele>0.0</ele><time>2026-06-03T09:05:52.068Z</time></trkpt><trkpt lat="59.355305" lon="18.06742"><ele>0.0</ele><time>2026-06-03T09:05:53.068Z</time></trkpt><trkpt lat="59.355305" lon="18.06742"><ele>0.0</ele><time>2026-06-03T09:05:54.068Z</time></trkpt><trkpt lat="59.35528667" lon="18.06747833"><ele>0.0</ele><time>2026-06-03T09:05:55.068Z</time></trkpt><trkpt lat="59.35527167" lon="18.06752833"><ele>0.0</ele><time>2026-06-03T09:05:56.069Z</time></trkpt><trkpt lat="59.355255" lon="18.067585"><ele>0.0</ele><time>2026-06-03T09:05:57.069Z</time></trkpt><trkpt lat="59.35522333" lon="18.06769833"><ele>0.0</ele><time>2026-06-03T09:05:58.068Z</time></trkpt><trkpt lat="59.35522333" lon="18.06769833"><ele>0.0</ele><time>2026-06-03T09:05:59.069Z</time></trkpt><trkpt lat="59.35520833" lon="18.06776167"><ele>0.0</ele><time>2026-06-03T09:06:00.069Z</time></trkpt><trkpt lat="59.35519333" lon="18.06782333"><ele>0.0</ele><time>2026-06-03T09:06:01.069Z</time></trkpt><trkpt lat="59.35517333" lon="18.067885"><ele>0.0</ele><time>2026-06-03T09:06:02.069Z</time></trkpt><trkpt lat="59.35515833" lon="18.06794167"><ele>0.0</ele><time>2026-06-03T09:06:03.069Z</time></trkpt><trkpt lat="59.35512333" lon="18.06807333"><ele>0.0</ele><time>2026-06-03T09:06:04.069Z</time></trkpt><trkpt lat="59.35512333" lon="18.06807333"><ele>0.0</ele><time>2026-06-03T09:06:05.069Z</time></trkpt><trkpt lat="59.35510667" lon="18.06813667"><ele>0.0</ele><time>2026-06-03T09:06:06.069Z</time></trkpt><trkpt lat="59.35506833" lon="18.06826167"><ele>0.0</ele><time>2026-06-03T09:06:07.069Z</time></trkpt><trkpt lat="59.35506833" lon="18.06826167"><ele>0.0</ele><time>2026-06-03T09:06:08.068Z</time></trkpt><trkpt lat="59.35504667" lon="18.06831667"><ele>0.0</ele><time>2026-06-03T09:06:09.069Z</time></trkpt><trkpt lat="59.35503" lon="18.06837"><ele>0.0</ele><time>2026-06-03T09:06:10.069Z</time></trkpt><trkpt lat="59.35501167" lon="18.06842833"><ele>0.0</ele><time>2026-06-03T09:06:11.069Z</time></trkpt><trkpt lat="59.35498333" lon="18.06853"><ele>0.0</ele><time>2026-06-03T09:06:12.069Z</time></trkpt><trkpt lat="59.35498333" lon="18.06853"><ele>0.0</ele><time>2026-06-03T09:06:13.069Z</time></trkpt><trkpt lat="59.35496667" lon="18.06858333"><ele>0.0</ele><time>2026-06-03T09:06:14.069Z</time></trkpt><trkpt lat="59.35493667" lon="18.06868833"><ele>0.0</ele><time>2026-06-03T09:06:15.068Z</time></trkpt><trkpt lat="59.35493667" lon="18.06868833"><ele>0.0</ele><time>2026-06-03T09:06:16.069Z</time></trkpt><trkpt lat="59.35492" lon="18.06873833"><ele>1.0</ele><time>2026-06-03T09:06:17.069Z</time></trkpt><trkpt lat="59.35488833" lon="18.06883667"><ele>1.0</ele><time>2026-06-03T09:06:18.069Z</time></trkpt><trkpt lat="59.35488833" lon="18.06883667"><ele>1.0</ele><time>2026-06-03T09:06:19.069Z</time></trkpt><trkpt lat="59.35487667" lon="18.06889"><ele>1.0</ele><time>2026-06-03T09:06:20.069Z</time></trkpt><trkpt lat="59.35486" lon="18.068945"><ele>1.0</ele><time>2026-06-03T09:06:21.069Z</time></trkpt><trkpt lat="59.354845" lon="18.06899833"><ele>2.0</ele><time>2026-06-03T09:06:22.068Z</time></trkpt><trkpt lat="59.35481333" lon="18.06911333"><ele>2.0</ele><time>2026-06-03T09:06:23.069Z</time></trkpt><trkpt lat="59.35481333" lon="18.06911333"><ele>2.0</ele><time>2026-06-03T09:06:24.069Z</time></trkpt><trkpt lat="59.3548" lon="18.06916667"><ele>2.0</ele><time>2026-06-03T09:06:25.069Z</time></trkpt><trkpt lat="59.35477167" lon="18.069275"><ele>2.0</ele><time>2026-06-03T09:06:26.068Z</time></trkpt><trkpt lat="59.35477167" lon="18.069275"><ele>2.0</ele><time>2026-06-03T09:06:27.069Z</time></trkpt><trkpt lat="59.35475667" lon="18.069335"><ele>3.0</ele><time>2026-06-03T09:06:28.069Z</time></trkpt><trkpt lat="59.35472667" lon="18.06943833"><ele>3.0</ele><time>2026-06-03T09:06:29.068Z</time></trkpt><trkpt lat="59.35472667" lon="18.06943833"><ele>3.0</ele><time>2026-06-03T09:06:30.069Z</time></trkpt><trkpt lat="59.35471167" lon="18.06948333"><ele>3.0</ele><time>2026-06-03T09:06:31.069Z</time></trkpt><trkpt lat="59.35469833" lon="18.06953"><ele>3.0</ele><time>2026-06-03T09:06:32.069Z</time></trkpt><trkpt lat="59.354685" lon="18.06957667"><ele>3.0</ele><time>2026-06-03T09:06:33.069Z</time></trkpt><trkpt lat="59.35467333" lon="18.06963333"><ele>3.0</ele><time>2026-06-03T09:06:34.069Z</time></trkpt><trkpt lat="59.35466" lon="18.06969"><ele>4.0</ele><time>2026-06-03T09:06:35.069Z</time></trkpt><trkpt lat="59.354645" lon="18.06974167"><ele>4.0</ele><time>2026-06-03T09:06:36.068Z</time></trkpt><trkpt lat="59.35463" lon="18.069795"><ele>4.0</ele><time>2026-06-03T09:06:37.069Z</time></trkpt><trkpt lat="59.35461667" lon="18.06984667"><ele>4.0</ele><time>2026-06-03T09:06:38.069Z</time></trkpt><trkpt lat="59.3546" lon="18.06989333"><ele>4.0</ele><time>2026-06-03T09:06:39.069Z</time></trkpt><trkpt lat="59.35457833" lon="18.06994167"><ele>4.0</ele><time>2026-06-03T09:06:40.069Z</time></trkpt><trkpt lat="59.35455167" lon="18.06997667"><ele>4.0</ele><time>2026-06-03T09:06:41.069Z</time></trkpt><trkpt lat="59.354525" lon="18.07000833"><ele>4.0</ele><time>2026-06-03T09:06:42.068Z</time></trkpt><trkpt lat="59.354495" lon="18.070035"><ele>4.0</ele><time>2026-06-03T09:06:43.068Z</time></trkpt><trkpt lat="59.354465" lon="18.07004833"><ele>5.0</ele><time>2026-06-03T09:06:44.069Z</time></trkpt><trkpt lat="59.35443" lon="18.070055"><ele>5.0</ele><time>2026-06-03T09:06:45.068Z</time></trkpt><trkpt lat="59.35439833" lon="18.070055"><ele>5.0</ele><time>2026-06-03T09:06:46.069Z</time></trkpt><trkpt lat="59.35436667" lon="18.07005"><ele>5.0</ele><time>2026-06-03T09:06:47.069Z</time></trkpt><trkpt lat="59.35429667" lon="18.070025"><ele>5.0</ele><time>2026-06-03T09:06:48.068Z</time></trkpt><trkpt lat="59.35429667" lon="18.070025"><ele>5.0</ele><time>2026-06-03T09:06:49.069Z</time></trkpt><trkpt lat="59.35426" lon="18.07000833"><ele>5.0</ele><time>2026-06-03T09:06:50.068Z</time></trkpt><trkpt lat="59.35422667" lon="18.06998667"><ele>5.0</ele><time>2026-06-03T09:06:51.069Z</time></trkpt><trkpt lat="59.35417333" lon="18.06989833"><ele>5.0</ele><time>2026-06-03T09:06:52.068Z</time></trkpt><trkpt lat="59.35417333" lon="18.06989833"><ele>5.0</ele><time>2026-06-03T09:06:53.069Z</time></trkpt><trkpt lat="59.35416" lon="18.06985333"><ele>5.0</ele><time>2026-06-03T09:06:54.069Z</time></trkpt><trkpt lat="59.35416" lon="18.06980667"><ele>5.0</ele><time>2026-06-03T09:06:55.068Z</time></trkpt><trkpt lat="59.35417167" lon="18.06975333"><ele>5.0</ele><time>2026-06-03T09:06:56.069Z</time></trkpt><trkpt lat="59.354185" lon="18.06970667"><ele>5.0</ele><time>2026-06-03T09:06:57.068Z</time></trkpt><trkpt lat="59.354205" lon="18.06966667"><ele>5.0</ele><time>2026-06-03T09:06:58.069Z</time></trkpt><trkpt lat="59.35422333" lon="18.069625"><ele>5.0</ele><time>2026-06-03T09:06:59.069Z</time></trkpt><trkpt lat="59.354245" lon="18.06958"><ele>5.0</ele><time>2026-06-03T09:07:00.069Z</time></trkpt><trkpt lat="59.354265" lon="18.06953667"><ele>5.0</ele><time>2026-06-03T09:07:01.069Z</time></trkpt><trkpt lat="59.35428667" lon="18.06948667"><ele>5.0</ele><time>2026-06-03T09:07:02.069Z</time></trkpt><trkpt lat="59.35431" lon="18.06944333"><ele>5.0</ele><time>2026-06-03T09:07:03.069Z</time></trkpt><trkpt lat="59.35432833" lon="18.06939667"><ele>4.0</ele><time>2026-06-03T09:07:04.069Z</time></trkpt><trkpt lat="59.35434833" lon="18.069345"><ele>4.0</ele><time>2026-06-03T09:07:05.069Z</time></trkpt><trkpt lat="59.35436333" lon="18.069295"><ele>4.0</ele><time>2026-06-03T09:07:06.069Z</time></trkpt><trkpt lat="59.35438167" lon="18.06924333"><ele>4.0</ele><time>2026-06-03T09:07:07.069Z</time></trkpt><trkpt lat="59.3544" lon="18.06919333"><ele>4.0</ele><time>2026-06-03T09:07:08.069Z</time></trkpt><trkpt lat="59.354415" lon="18.06914833"><ele>4.0</ele><time>2026-06-03T09:07:09.069Z</time></trkpt><trkpt lat="59.35443333" lon="18.0691"><ele>4.0</ele><time>2026-06-03T09:07:10.069Z</time></trkpt><trkpt lat="59.35444667" lon="18.069055"><ele>4.0</ele><time>2026-06-03T09:07:11.069Z</time></trkpt><trkpt lat="59.35446333" lon="18.06900667"><ele>4.0</ele><time>2026-06-03T09:07:12.069Z</time></trkpt><trkpt lat="59.35448167" lon="18.06896"><ele>4.0</ele><time>2026-06-03T09:07:13.068Z</time></trkpt><trkpt lat="59.35449833" lon="18.06891833"><ele>3.0</ele><time>2026-06-03T09:07:14.069Z</time></trkpt><trkpt lat="59.35452" lon="18.06886333"><ele>3.0</ele><time>2026-06-03T09:07:15.069Z</time></trkpt><trkpt lat="59.354535" lon="18.06881"><ele>3.0</ele><time>2026-06-03T09:07:16.069Z</time></trkpt><trkpt lat="59.35456167" lon="18.06873"><ele>3.0</ele><time>2026-06-03T09:07:17.068Z</time></trkpt><trkpt lat="59.35456167" lon="18.06873"><ele>3.0</ele><time>2026-06-03T09:07:18.069Z</time></trkpt><trkpt lat="59.35458" lon="18.068685"><ele>3.0</ele><time>2026-06-03T09:07:19.069Z</time></trkpt><trkpt lat="59.35459833" lon="18.068635"><ele>3.0</ele><time>2026-06-03T09:07:20.069Z</time></trkpt><trkpt lat="59.35461667" lon="18.06859667"><ele>3.0</ele><time>2026-06-03T09:07:21.069Z</time></trkpt><trkpt lat="59.35463833" lon="18.06855833"><ele>3.0</ele><time>2026-06-03T09:07:22.069Z</time></trkpt><trkpt lat="59.35466333" lon="18.06852333"><ele>3.0</ele><time>2026-06-03T09:07:23.069Z</time></trkpt><trkpt lat="59.354685" lon="18.068485"><ele>3.0</ele><time>2026-06-03T09:07:24.069Z</time></trkpt><trkpt lat="59.35470167" lon="18.06844167"><ele>3.0</ele><time>2026-06-03T09:07:25.069Z</time></trkpt><trkpt lat="59.35471667" lon="18.06839"><ele>2.0</ele><time>2026-06-03T09:07:26.069Z</time></trkpt><trkpt lat="59.354735" lon="18.06834167"><ele>2.0</ele><time>2026-06-03T09:07:27.069Z</time></trkpt><trkpt lat="59.35475167" lon="18.06828667"><ele>2.0</ele><time>2026-06-03T09:07:28.069Z</time></trkpt><trkpt lat="59.35477" lon="18.06822667"><ele>2.0</ele><time>2026-06-03T09:07:29.069Z</time></trkpt><trkpt lat="59.354785" lon="18.06816833"><ele>2.0</ele><time>2026-06-03T09:07:30.069Z</time></trkpt><trkpt lat="59.35480167" lon="18.06810667"><ele>2.0</ele><time>2026-06-03T09:07:31.069Z</time></trkpt><trkpt lat="59.354815" lon="18.068045"><ele>2.0</ele><time>2026-06-03T09:07:32.068Z</time></trkpt><trkpt lat="59.35483167" lon="18.06799333"><ele>2.0</ele><time>2026-06-03T09:07:33.069Z</time></trkpt><trkpt lat="59.35484667" lon="18.06794333"><ele>2.0</ele><time>2026-06-03T09:07:34.069Z</time></trkpt><trkpt lat="59.35486333" lon="18.06789167"><ele>2.0</ele><time>2026-06-03T09:07:35.069Z</time></trkpt><trkpt lat="59.35488167" lon="18.06783833"><ele>2.0</ele><time>2026-06-03T09:07:36.069Z</time></trkpt><trkpt lat="59.35490333" lon="18.06778167"><ele>2.0</ele><time>2026-06-03T09:07:37.069Z</time></trkpt><trkpt lat="59.354925" lon="18.06773167"><ele>1.0</ele><time>2026-06-03T09:07:38.069Z</time></trkpt><trkpt lat="59.35494333" lon="18.067675"><ele>1.0</ele><time>2026-06-03T09:07:39.068Z</time></trkpt><trkpt lat="59.35495833" lon="18.06762"><ele>1.0</ele><time>2026-06-03T09:07:40.069Z</time></trkpt><trkpt lat="59.35497333" lon="18.06756833"><ele>1.0</ele><time>2026-06-03T09:07:41.069Z</time></trkpt><trkpt lat="59.35498833" lon="18.067515"><ele>1.0</ele><time>2026-06-03T09:07:42.069Z</time></trkpt><trkpt lat="59.35500167" lon="18.06745667"><ele>1.0</ele><time>2026-06-03T09:07:43.069Z</time></trkpt><trkpt lat="59.35501333" lon="18.067405"><ele>1.0</ele><time>2026-06-03T09:07:44.069Z</time></trkpt><trkpt lat="59.35502667" lon="18.06735333"><ele>1.0</ele><time>2026-06-03T09:07:45.069Z</time></trkpt><trkpt lat="59.35503833" lon="18.06729333"><ele>1.0</ele><time>2026-06-03T09:07:46.069Z</time></trkpt><trkpt lat="59.35505167" lon="18.067235"><ele>1.0</ele><time>2026-06-03T09:07:47.069Z</time></trkpt><trkpt lat="59.35506333" lon="18.06718"><ele>1.0</ele><time>2026-06-03T09:07:48.069Z</time></trkpt><trkpt lat="59.35507667" lon="18.06713167"><ele>1.0</ele><time>2026-06-03T09:07:49.068Z</time></trkpt><trkpt lat="59.35509" lon="18.06708333"><ele>1.0</ele><time>2026-06-03T09:07:50.069Z</time></trkpt><trkpt lat="59.355105" lon="18.06704167"><ele>1.0</ele><time>2026-06-03T09:07:51.068Z</time></trkpt><trkpt lat="59.35511833" lon="18.06699667"><ele>1.0</ele><time>2026-06-03T09:07:52.069Z</time></trkpt><trkpt lat="59.35513333" lon="18.06695167"><ele>1.0</ele><time>2026-06-03T09:07:53.069Z</time></trkpt><trkpt lat="59.35514333" lon="18.06690333"><ele>1.0</ele><time>2026-06-03T09:07:54.069Z</time></trkpt><trkpt lat="59.35515667" lon="18.06685833"><ele>1.0</ele><time>2026-06-03T09:07:55.068Z</time></trkpt><trkpt lat="59.35517" lon="18.06681667"><ele>1.0</ele><time>2026-06-03T09:07:56.069Z</time></trkpt><trkpt lat="59.35518667" lon="18.06677"><ele>1.0</ele><time>2026-06-03T09:07:57.069Z</time></trkpt><trkpt lat="59.35519833" lon="18.066735"><ele>1.0</ele><time>2026-06-03T09:07:58.069Z</time></trkpt><trkpt lat="59.355205" lon="18.066695"><ele>0.0</ele><time>2026-06-03T09:07:59.069Z</time></trkpt><trkpt lat="59.35521167" lon="18.06665167"><ele>0.0</ele><time>2026-06-03T09:08:00.069Z</time></trkpt><trkpt lat="59.355215" lon="18.06661167"><ele>0.0</ele><time>2026-06-03T09:08:01.068Z</time></trkpt><trkpt lat="59.35522" lon="18.06656"><ele>0.0</ele><time>2026-06-03T09:08:02.069Z</time></trkpt><trkpt lat="59.35522333" lon="18.06650333"><ele>0.0</ele><time>2026-06-03T09:08:03.069Z</time></trkpt><trkpt lat="59.355225" lon="18.06644667"><ele>0.0</ele><time>2026-06-03T09:08:04.069Z</time></trkpt><trkpt lat="59.35523" lon="18.06638833"><ele>0.0</ele><time>2026-06-03T09:08:05.069Z</time></trkpt><trkpt lat="59.35523333" lon="18.06632667"><ele>0.0</ele><time>2026-06-03T09:08:06.069Z</time></trkpt><trkpt lat="59.35523667" lon="18.06626333"><ele>0.0</ele><time>2026-06-03T09:08:07.069Z</time></trkpt><trkpt lat="59.35524" lon="18.06620833"><ele>0.0</ele><time>2026-06-03T09:08:08.069Z</time></trkpt><trkpt lat="59.35524833" lon="18.06615333"><ele>0.0</ele><time>2026-06-03T09:08:09.069Z</time></trkpt><trkpt lat="59.35525667" lon="18.066095"><ele>0.0</ele><time>2026-06-03T09:08:10.069Z</time></trkpt><trkpt lat="59.35526167" lon="18.06604167"><ele>0.0</ele><time>2026-06-03T09:08:11.069Z</time></trkpt><trkpt lat="59.35526833" lon="18.06598833"><ele>0.0</ele><time>2026-06-03T09:08:12.069Z</time></trkpt><trkpt lat="59.35527167" lon="18.065925"><ele>0.0</ele><time>2026-06-03T09:08:13.069Z</time></trkpt><trkpt lat="59.35527167" lon="18.06586667"><ele>0.0</ele><time>2026-06-03T09:08:14.069Z</time></trkpt><trkpt lat="59.35526833" lon="18.06580833"><ele>0.0</ele><time>2026-06-03T09:08:15.069Z</time></trkpt><trkpt lat="59.35526167" lon="18.06575333"><ele>0.0</ele><time>2026-06-03T09:08:16.069Z</time></trkpt><trkpt lat="59.35524833" lon="18.06569833"><ele>0.0</ele><time>2026-06-03T09:08:17.069Z</time></trkpt><trkpt lat="59.35523833" lon="18.06563667"><ele>0.0</ele><time>2026-06-03T09:08:18.069Z</time></trkpt><trkpt lat="59.35522667" lon="18.06557"><ele>0.0</ele><time>2026-06-03T09:08:19.069Z</time></trkpt><trkpt lat="59.355215" lon="18.0655"><ele>0.0</ele><time>2026-06-03T09:08:20.069Z</time></trkpt><trkpt lat="59.355205" lon="18.06543667"><ele>0.0</ele><time>2026-06-03T09:08:21.069Z</time></trkpt><trkpt lat="59.35519667" lon="18.06537167"><ele>0.0</ele><time>2026-06-03T09:08:22.069Z</time></trkpt><trkpt lat="59.35519333" lon="18.06531667"><ele>0.0</ele><time>2026-06-03T09:08:23.069Z</time></trkpt><trkpt lat="59.35518833" lon="18.06525667"><ele>0.0</ele><time>2026-06-03T09:08:24.069Z</time></trkpt><trkpt lat="59.35519167" lon="18.065205"><ele>0.0</ele><time>2026-06-03T09:08:25.069Z</time></trkpt><trkpt lat="59.35519833" lon="18.06515333"><ele>0.0</ele><time>2026-06-03T09:08:26.069Z</time></trkpt><trkpt lat="59.355205" lon="18.065095"><ele>0.0</ele><time>2026-06-03T09:08:27.069Z</time></trkpt><trkpt lat="59.35521" lon="18.06503667"><ele>0.0</ele><time>2026-06-03T09:08:28.069Z</time></trkpt><trkpt lat="59.35521" lon="18.06498167"><ele>0.0</ele><time>2026-06-03T09:08:29.069Z</time></trkpt><trkpt lat="59.35520667" lon="18.06493167"><ele>0.0</ele><time>2026-06-03T09:08:30.069Z</time></trkpt><trkpt lat="59.35520333" lon="18.06488"><ele>0.0</ele><time>2026-06-03T09:08:31.068Z</time></trkpt><trkpt lat="59.3552" lon="18.06483"><ele>0.0</ele><time>2026-06-03T09:08:32.069Z</time></trkpt><trkpt lat="59.35519667" lon="18.06478333"><ele>0.0</ele><time>2026-06-03T09:08:33.068Z</time></trkpt><trkpt lat="59.35519667" lon="18.06473333"><ele>0.0</ele><time>2026-06-03T09:08:34.069Z</time></trkpt><trkpt lat="59.3552" lon="18.064685"><ele>0.0</ele><time>2026-06-03T09:08:35.069Z</time></trkpt><trkpt lat="59.35519833" lon="18.06463"><ele>0.0</ele><time>2026-06-03T09:08:36.069Z</time></trkpt><trkpt lat="59.35520167" lon="18.064575"><ele>0.0</ele><time>2026-06-03T09:08:37.069Z</time></trkpt><trkpt lat="59.355205" lon="18.06452333"><ele>0.0</ele><time>2026-06-03T09:08:38.069Z</time></trkpt><trkpt lat="59.35520333" lon="18.06446667"><ele>0.0</ele><time>2026-06-03T09:08:39.069Z</time></trkpt><trkpt lat="59.35520333" lon="18.06441667"><ele>0.0</ele><time>2026-06-03T09:08:40.069Z</time></trkpt><trkpt lat="59.35520333" lon="18.06435167"><ele>0.0</ele><time>2026-06-03T09:08:41.069Z</time></trkpt><trkpt lat="59.35520833" lon="18.06428833"><ele>0.0</ele><time>2026-06-03T09:08:42.069Z</time></trkpt><trkpt lat="59.35520833" lon="18.06422667"><ele>0.0</ele><time>2026-06-03T09:08:43.069Z</time></trkpt><trkpt lat="59.35521167" lon="18.06415667"><ele>0.0</ele><time>2026-06-03T09:08:44.068Z</time></trkpt><trkpt lat="59.35521167" lon="18.06408"><ele>0.0</ele><time>2026-06-03T09:08:45.069Z</time></trkpt><trkpt lat="59.35521167" lon="18.06400833"><ele>0.0</ele><time>2026-06-03T09:08:46.069Z</time></trkpt><trkpt lat="59.35521" lon="18.063955"><ele>0.0</ele><time>2026-06-03T09:08:47.068Z</time></trkpt><trkpt lat="59.35520833" lon="18.06390667"><ele>0.0</ele><time>2026-06-03T09:08:48.069Z</time></trkpt><trkpt lat="59.35520333" lon="18.06387833"><ele>0.0</ele><time>2026-06-03T09:08:49.069Z</time></trkpt><trkpt lat="59.35519167" lon="18.06385667"><ele>0.0</ele><time>2026-06-03T09:08:50.068Z</time></trkpt><trkpt lat="59.355175" lon="18.06384333"><ele>0.0</ele><time>2026-06-03T09:08:51.069Z</time></trkpt><trkpt lat="59.355165" lon="18.06385167"><ele>0.0</ele><time>2026-06-03T09:08:52.069Z</time></trkpt><trkpt lat="59.355155" lon="18.06387333"><ele>0.0</ele><time>2026-06-03T09:08:53.068Z</time></trkpt><trkpt lat="59.355145" lon="18.06389833"><ele>0.0</ele><time>2026-06-03T09:08:54.069Z</time></trkpt><trkpt lat="59.35513167" lon="18.063945"><ele>0.0</ele><time>2026-06-03T09:08:55.068Z</time></trkpt><trkpt lat="59.35511833" lon="18.06398333"><ele>0.0</ele><time>2026-06-03T09:08:56.068Z</time></trkpt><trkpt lat="59.35510333" lon="18.06402833"><ele>0.0</ele><time>2026-06-03T09:08:57.069Z</time></trkpt><trkpt lat="59.35508833" lon="18.06407"><ele>0.0</ele><time>2026-06-03T09:08:58.069Z</time></trkpt><trkpt lat="59.35507333" lon="18.06411667"><ele>0.0</ele><time>2026-06-03T09:08:59.068Z</time></trkpt><trkpt lat="59.35505833" lon="18.06416"><ele>0.0</ele><time>2026-06-03T09:09:00.069Z</time></trkpt><trkpt lat="59.35504333" lon="18.06419"><ele>0.0</ele><time>2026-06-03T09:09:01.069Z</time></trkpt><trkpt lat="59.355025" lon="18.06422667"><ele>0.0</ele><time>2026-06-03T09:09:02.068Z</time></trkpt><trkpt lat="59.35501667" lon="18.06426667"><ele>0.0</ele><time>2026-06-03T09:09:03.069Z</time></trkpt><trkpt lat="59.35501167" lon="18.064295"><ele>0.0</ele><time>2026-06-03T09:09:04.069Z</time></trkpt><trkpt lat="59.355005" lon="18.06431667"><ele>-1.0</ele><time>2026-06-03T09:09:05.068Z</time></trkpt><trkpt lat="59.354995" lon="18.06435"><ele>-1.0</ele><time>2026-06-03T09:09:06.069Z</time></trkpt><trkpt lat="59.35498167" lon="18.06439167"><ele>-1.0</ele><time>2026-06-03T09:09:07.069Z</time></trkpt><trkpt lat="59.35497" lon="18.06443833"><ele>0.0</ele><time>2026-06-03T09:09:08.068Z</time></trkpt><trkpt lat="59.35495667" lon="18.064475"><ele>0.0</ele><time>2026-06-03T09:09:09.069Z</time></trkpt><trkpt lat="59.35494167" lon="18.06451333"><ele>0.0</ele><time>2026-06-03T09:09:10.069Z</time></trkpt><trkpt lat="59.35492333" lon="18.06456167"><ele>0.0</ele><time>2026-06-03T09:09:11.068Z</time></trkpt><trkpt lat="59.35490833" lon="18.0646"><ele>0.0</ele><time>2026-06-03T09:09:12.069Z</time></trkpt><trkpt lat="59.35489667" lon="18.06463333"><ele>0.0</ele><time>2026-06-03T09:09:13.068Z</time></trkpt><trkpt lat="59.35488333" lon="18.06466"><ele>0.0</ele><time>2026-06-03T09:09:14.068Z</time></trkpt><trkpt lat="59.35487167" lon="18.064695"><ele>0.0</ele><time>2026-06-03T09:09:15.069Z</time></trkpt><trkpt lat="59.35486167" lon="18.06473"><ele>0.0</ele><time>2026-06-03T09:09:16.069Z</time></trkpt><trkpt lat="59.35485333" lon="18.06476833"><ele>0.0</ele><time>2026-06-03T09:09:17.068Z</time></trkpt><trkpt lat="59.354845" lon="18.06479667"><ele>0.0</ele><time>2026-06-03T09:09:18.069Z</time></trkpt><trkpt lat="59.35483167" lon="18.06482333"><ele>-1.0</ele><time>2026-06-03T09:09:19.068Z</time></trkpt><trkpt lat="59.35482" lon="18.064855"><ele>0.0</ele><time>2026-06-03T09:09:20.068Z</time></trkpt><trkpt lat="59.35480833" lon="18.06489333"><ele>0.0</ele><time>2026-06-03T09:09:21.069Z</time></trkpt><trkpt lat="59.3548" lon="18.064925"><ele>0.0</ele><time>2026-06-03T09:09:22.069Z</time></trkpt><trkpt lat="59.35478667" lon="18.06495167"><ele>0.0</ele><time>2026-06-03T09:09:23.068Z</time></trkpt><trkpt lat="59.35477167" lon="18.06498167"><ele>0.0</ele><time>2026-06-03T09:09:24.069Z</time></trkpt><trkpt lat="59.35475333" lon="18.06502167"><ele>0.0</ele><time>2026-06-03T09:09:25.068Z</time></trkpt><trkpt lat="59.35474333" lon="18.06505667"><ele>0.0</ele><time>2026-06-03T09:09:26.068Z</time></trkpt><trkpt lat="59.35472833" lon="18.06509167"><ele>0.0</ele><time>2026-06-03T09:09:27.068Z</time></trkpt><trkpt lat="59.35471833" lon="18.06512"><ele>0.0</ele><time>2026-06-03T09:09:28.069Z</time></trkpt><trkpt lat="59.35470833" lon="18.06515167"><ele>0.0</ele><time>2026-06-03T09:09:29.068Z</time></trkpt><trkpt lat="59.35469833" lon="18.06517333"><ele>0.0</ele><time>2026-06-03T09:09:30.069Z</time></trkpt><trkpt lat="59.354685" lon="18.06519667"><ele>0.0</ele><time>2026-06-03T09:09:31.069Z</time></trkpt><trkpt lat="59.35467" lon="18.065235"><ele>0.0</ele><time>2026-06-03T09:09:32.068Z</time></trkpt><trkpt lat="59.35466" lon="18.06525833"><ele>0.0</ele><time>2026-06-03T09:09:33.069Z</time></trkpt><trkpt lat="59.35465167" lon="18.06528"><ele>0.0</ele><time>2026-06-03T09:09:34.068Z</time></trkpt><trkpt lat="59.35463833" lon="18.06530167"><ele>0.0</ele><time>2026-06-03T09:09:35.068Z</time></trkpt><trkpt lat="59.354625" lon="18.06533333"><ele>0.0</ele><time>2026-06-03T09:09:36.069Z</time></trkpt><trkpt lat="59.35461667" lon="18.06536167"><ele>0.0</ele><time>2026-06-03T09:09:37.069Z</time></trkpt><trkpt lat="59.35460333" lon="18.06538333"><ele>1.0</ele><time>2026-06-03T09:09:38.068Z</time></trkpt><trkpt lat="59.35459333" lon="18.06540333"><ele>1.0</ele><time>2026-06-03T09:09:39.069Z</time></trkpt><trkpt lat="59.35458" lon="18.065435"><ele>1.0</ele><time>2026-06-03T09:09:40.069Z</time></trkpt><trkpt lat="59.35456333" lon="18.06547"><ele>1.0</ele><time>2026-06-03T09:09:41.068Z</time></trkpt><trkpt lat="59.35455333" lon="18.06550167"><ele>1.0</ele><time>2026-06-03T09:09:42.069Z</time></trkpt><trkpt lat="59.35454" lon="18.06553"><ele>2.0</ele><time>2026-06-03T09:09:43.069Z</time></trkpt><trkpt lat="59.354525" lon="18.065555"><ele>2.0</ele><time>2026-06-03T09:09:44.069Z</time></trkpt><trkpt lat="59.35450667" lon="18.065575"><ele>2.0</ele><time>2026-06-03T09:09:45.069Z</time></trkpt><trkpt lat="59.35448833" lon="18.0656"><ele>2.0</ele><time>2026-06-03T09:09:46.069Z</time></trkpt><trkpt lat="59.35446833" lon="18.06562"><ele>2.0</ele><time>2026-06-03T09:09:47.068Z</time></trkpt><trkpt lat="59.35445167" lon="18.06564167"><ele>3.0</ele><time>2026-06-03T09:09:48.068Z</time></trkpt><trkpt lat="59.35443667" lon="18.06566333"><ele>3.0</ele><time>2026-06-03T09:09:49.069Z</time></trkpt><trkpt lat="59.35441833" lon="18.06568333"><ele>3.0</ele><time>2026-06-03T09:09:50.069Z</time></trkpt><trkpt lat="59.35439667" lon="18.06570333"><ele>3.0</ele><time>2026-06-03T09:09:51.069Z</time></trkpt><trkpt lat="59.354375" lon="18.065725"><ele>3.0</ele><time>2026-06-03T09:09:52.069Z</time></trkpt><trkpt lat="59.35435333" lon="18.06574"><ele>3.0</ele><time>2026-06-03T09:09:53.069Z</time></trkpt><trkpt lat="59.35433" lon="18.065765"><ele>4.0</ele><time>2026-06-03T09:09:54.068Z</time></trkpt><trkpt lat="59.35431" lon="18.06578833"><ele>4.0</ele><time>2026-06-03T09:09:55.068Z</time></trkpt><trkpt lat="59.35428833" lon="18.06581"><ele>4.0</ele><time>2026-06-03T09:09:56.069Z</time></trkpt><trkpt lat="59.35427167" lon="18.065835"><ele>4.0</ele><time>2026-06-03T09:09:57.069Z</time></trkpt><trkpt lat="59.35425167" lon="18.06586333"><ele>4.0</ele><time>2026-06-03T09:09:58.069Z</time></trkpt><trkpt lat="59.35423" lon="18.065895"><ele>4.0</ele><time>2026-06-03T09:09:59.069Z</time></trkpt><trkpt lat="59.35420833" lon="18.06592167"><ele>4.0</ele><time>2026-06-03T09:10:00.069Z</time></trkpt><trkpt lat="59.35418833" lon="18.06594833"><ele>5.0</ele><time>2026-06-03T09:10:01.068Z</time></trkpt><trkpt lat="59.35416833" lon="18.06597"><ele>5.0</ele><time>2026-06-03T09:10:02.068Z</time></trkpt><trkpt lat="59.35414833" lon="18.06599833"><ele>5.0</ele><time>2026-06-03T09:10:03.069Z</time></trkpt><trkpt lat="59.35413167" lon="18.06602833"><ele>5.0</ele><time>2026-06-03T09:10:04.069Z</time></trkpt><trkpt lat="59.354115" lon="18.066065"><ele>5.0</ele><time>2026-06-03T09:10:05.069Z</time></trkpt><trkpt lat="59.35410167" lon="18.06610667"><ele>5.0</ele><time>2026-06-03T09:10:06.069Z</time></trkpt><trkpt lat="59.35409" lon="18.06614833"><ele>5.0</ele><time>2026-06-03T09:10:07.068Z</time></trkpt><trkpt lat="59.35407667" lon="18.06619167"><ele>5.0</ele><time>2026-06-03T09:10:08.068Z</time></trkpt><trkpt lat="59.35406667" lon="18.06623667"><ele>5.0</ele><time>2026-06-03T09:10:09.068Z</time></trkpt><trkpt lat="59.35406333" lon="18.06628"><ele>5.0</ele><time>2026-06-03T09:10:10.069Z</time></trkpt><trkpt lat="59.35405" lon="18.066365"><ele>5.0</ele><time>2026-06-03T09:10:11.069Z</time></trkpt><trkpt lat="59.35404833" lon="18.06642"><ele>6.0</ele><time>2026-06-03T09:10:12.069Z</time></trkpt><trkpt lat="59.35405167" lon="18.06647"><ele>6.0</ele><time>2026-06-03T09:10:13.069Z</time></trkpt><trkpt lat="59.35405333" lon="18.06652667"><ele>6.0</ele><time>2026-06-03T09:10:14.069Z</time></trkpt><trkpt lat="59.35405667" lon="18.06657833"><ele>6.0</ele><time>2026-06-03T09:10:15.068Z</time></trkpt><trkpt lat="59.35404" lon="18.066675"><ele>6.0</ele><time>2026-06-03T09:10:16.068Z</time></trkpt><trkpt lat="59.35403667" lon="18.06672667"><ele>6.0</ele><time>2026-06-03T09:10:17.069Z</time></trkpt><trkpt lat="59.35403167" lon="18.066785"><ele>7.0</ele><time>2026-06-03T09:10:18.069Z</time></trkpt><trkpt lat="59.35402833" lon="18.06683833"><ele>7.0</ele><time>2026-06-03T09:10:19.069Z</time></trkpt><trkpt lat="59.35402333" lon="18.06691333"><ele>7.0</ele><time>2026-06-03T09:10:20.069Z</time></trkpt><trkpt lat="59.354015" lon="18.06698333"><ele>7.0</ele><time>2026-06-03T09:10:21.069Z</time></trkpt><trkpt lat="59.354015" lon="18.06704167"><ele>8.0</ele><time>2026-06-03T09:10:22.069Z</time></trkpt><trkpt lat="59.35401" lon="18.06709833"><ele>8.0</ele><time>2026-06-03T09:10:23.069Z</time></trkpt><trkpt lat="59.35401" lon="18.067155"><ele>8.0</ele><time>2026-06-03T09:10:24.068Z</time></trkpt><trkpt lat="59.354015" lon="18.06720833"><ele>8.0</ele><time>2026-06-03T09:10:25.069Z</time></trkpt><trkpt lat="59.354015" lon="18.06725667"><ele>9.0</ele><time>2026-06-03T09:10:26.069Z</time></trkpt><trkpt lat="59.35401833" lon="18.06730667"><ele>9.0</ele><time>2026-06-03T09:10:27.068Z</time></trkpt><trkpt lat="59.35402167" lon="18.06735667"><ele>9.0</ele><time>2026-06-03T09:10:28.069Z</time></trkpt><trkpt lat="59.35402333" lon="18.0674"><ele>9.0</ele><time>2026-06-03T09:10:29.069Z</time></trkpt><trkpt lat="59.35402667" lon="18.06744667"><ele>10.0</ele><time>2026-06-03T09:10:30.069Z</time></trkpt><trkpt lat="59.35403" lon="18.067495"><ele>10.0</ele><time>2026-06-03T09:10:31.069Z</time></trkpt><trkpt lat="59.35403" lon="18.06754"><ele>10.0</ele><time>2026-06-03T09:10:32.069Z</time></trkpt><trkpt lat="59.354035" lon="18.06759167"><ele>10.0</ele><time>2026-06-03T09:10:33.069Z</time></trkpt><trkpt lat="59.35404" lon="18.06763667"><ele>11.0</ele><time>2026-06-03T09:10:34.069Z</time></trkpt><trkpt lat="59.35404167" lon="18.06769"><ele>11.0</ele><time>2026-06-03T09:10:35.069Z</time></trkpt><trkpt lat="59.35404167" lon="18.06773833"><ele>11.0</ele><time>2026-06-03T09:10:36.069Z</time></trkpt><trkpt lat="59.35404" lon="18.06779333"><ele>11.0</ele><time>2026-06-03T09:10:37.069Z</time></trkpt><trkpt lat="59.354035" lon="18.06784333"><ele>12.0</ele><time>2026-06-03T09:10:38.069Z</time></trkpt><trkpt lat="59.35402167" lon="18.06788167"><ele>12.0</ele><time>2026-06-03T09:10:39.069Z</time></trkpt><trkpt lat="59.35400667" lon="18.067915"><ele>12.0</ele><time>2026-06-03T09:10:40.069Z</time></trkpt><trkpt lat="59.35399167" lon="18.06795667"><ele>12.0</ele><time>2026-06-03T09:10:41.069Z</time></trkpt><trkpt lat="59.35397333" lon="18.06799833"><ele>12.0</ele><time>2026-06-03T09:10:42.069Z</time></trkpt><trkpt lat="59.35395667" lon="18.06804"><ele>13.0</ele><time>2026-06-03T09:10:43.069Z</time></trkpt><trkpt lat="59.35393333" lon="18.06807"><ele>13.0</ele><time>2026-06-03T09:10:44.069Z</time></trkpt><trkpt lat="59.35391167" lon="18.06809333"><ele>13.0</ele><time>2026-06-03T09:10:45.068Z</time></trkpt><trkpt lat="59.35389" lon="18.06811167"><ele>13.0</ele><time>2026-06-03T09:10:46.069Z</time></trkpt><trkpt lat="59.35386333" lon="18.06812"><ele>13.0</ele><time>2026-06-03T09:10:47.069Z</time></trkpt><trkpt lat="59.35384" lon="18.06813167"><ele>13.0</ele><time>2026-06-03T09:10:48.069Z</time></trkpt><trkpt lat="59.353815" lon="18.06814667"><ele>13.0</ele><time>2026-06-03T09:10:49.068Z</time></trkpt><trkpt lat="59.35379" lon="18.06815333"><ele>13.0</ele><time>2026-06-03T09:10:50.069Z</time></trkpt><trkpt lat="59.353765" lon="18.06815833"><ele>13.0</ele><time>2026-06-03T09:10:51.069Z</time></trkpt><trkpt lat="59.35374" lon="18.06815333"><ele>13.0</ele><time>2026-06-03T09:10:52.069Z</time></trkpt><trkpt lat="59.35371667" lon="18.068145"><ele>13.0</ele><time>2026-06-03T09:10:53.069Z</time></trkpt><trkpt lat="59.35369333" lon="18.068125"><ele>13.0</ele><time>2026-06-03T09:10:54.069Z</time></trkpt><trkpt lat="59.353665" lon="18.068105"><ele>13.0</ele><time>2026-06-03T09:10:55.069Z</time></trkpt><trkpt lat="59.35363167" lon="18.06809333"><ele>13.0</ele><time>2026-06-03T09:10:56.069Z</time></trkpt><trkpt lat="59.35360667" lon="18.06807"><ele>13.0</ele><time>2026-06-03T09:10:57.069Z</time></trkpt><trkpt lat="59.35357667" lon="18.068045"><ele>13.0</ele><time>2026-06-03T09:10:58.069Z</time></trkpt><trkpt lat="59.35354667" lon="18.06801833"><ele>13.0</ele><time>2026-06-03T09:10:59.069Z</time></trkpt><trkpt lat="59.35351833" lon="18.06799667"><ele>13.0</ele><time>2026-06-03T09:11:00.069Z</time></trkpt><trkpt lat="59.353495" lon="18.06798167"><ele>13.0</ele><time>2026-06-03T09:11:01.069Z</time></trkpt><trkpt lat="59.35347" lon="18.06796333"><ele>13.0</ele><time>2026-06-03T09:11:02.069Z</time></trkpt><trkpt lat="59.35344833" lon="18.06794"><ele>13.0</ele><time>2026-06-03T09:11:03.069Z</time></trkpt><trkpt lat="59.353425" lon="18.06791833"><ele>13.0</ele><time>2026-06-03T09:11:04.069Z</time></trkpt><trkpt lat="59.353405" lon="18.06788833"><ele>13.0</ele><time>2026-06-03T09:11:05.069Z</time></trkpt><trkpt lat="59.35338" lon="18.06785667"><ele>13.0</ele><time>2026-06-03T09:11:06.068Z</time></trkpt><trkpt lat="59.35335833" lon="18.06782333"><ele>13.0</ele><time>2026-06-03T09:11:07.069Z</time></trkpt><trkpt lat="59.35333667" lon="18.06778667"><ele>13.0</ele><time>2026-06-03T09:11:08.069Z</time></trkpt><trkpt lat="59.35331833" lon="18.06774667"><ele>13.0</ele><time>2026-06-03T09:11:09.069Z</time></trkpt><trkpt lat="59.35329667" lon="18.06771"><ele>13.0</ele><time>2026-06-03T09:11:10.069Z</time></trkpt><trkpt lat="59.35327333" lon="18.06767"><ele>13.0</ele><time>2026-06-03T09:11:11.069Z</time></trkpt><trkpt lat="59.35325" lon="18.06763667"><ele>13.0</ele><time>2026-06-03T09:11:12.069Z</time></trkpt><trkpt lat="59.353225" lon="18.067605"><ele>13.0</ele><time>2026-06-03T09:11:13.069Z</time></trkpt><trkpt lat="59.35319667" lon="18.06757833"><ele>13.0</ele><time>2026-06-03T09:11:14.069Z</time></trkpt><trkpt lat="59.35317" lon="18.06755833"><ele>14.0</ele><time>2026-06-03T09:11:15.069Z</time></trkpt><trkpt lat="59.35314" lon="18.06754"><ele>14.0</ele><time>2026-06-03T09:11:16.069Z</time></trkpt><trkpt lat="59.35311" lon="18.06753"><ele>14.0</ele><time>2026-06-03T09:11:17.069Z</time></trkpt><trkpt lat="59.353075" lon="18.06751667"><ele>14.0</ele><time>2026-06-03T09:11:18.069Z</time></trkpt><trkpt lat="59.35304667" lon="18.06751833"><ele>14.0</ele><time>2026-06-03T09:11:19.069Z</time></trkpt><trkpt lat="59.35301667" lon="18.06753333"><ele>14.0</ele><time>2026-06-03T09:11:20.069Z</time></trkpt><trkpt lat="59.35299333" lon="18.06756667"><ele>14.0</ele><time>2026-06-03T09:11:21.068Z</time></trkpt><trkpt lat="59.352975" lon="18.06760167"><ele>14.0</ele><time>2026-06-03T09:11:22.069Z</time></trkpt><trkpt lat="59.35295" lon="18.067645"><ele>14.0</ele><time>2026-06-03T09:11:23.069Z</time></trkpt><trkpt lat="59.35292833" lon="18.06769"><ele>14.0</ele><time>2026-06-03T09:11:24.069Z</time></trkpt><trkpt lat="59.35291167" lon="18.067735"><ele>14.0</ele><time>2026-06-03T09:11:25.069Z</time></trkpt><trkpt lat="59.35289333" lon="18.06778"><ele>15.0</ele><time>2026-06-03T09:11:26.069Z</time></trkpt><trkpt lat="59.35287667" lon="18.06782667"><ele>15.0</ele><time>2026-06-03T09:11:27.069Z</time></trkpt><trkpt lat="59.35286" lon="18.06787"><ele>15.0</ele><time>2026-06-03T09:11:28.068Z</time></trkpt><trkpt lat="59.35284333" lon="18.06791167"><ele>15.0</ele><time>2026-06-03T09:11:29.069Z</time></trkpt><trkpt lat="59.35282667" lon="18.067955"><ele>15.0</ele><time>2026-06-03T09:11:30.069Z</time></trkpt><trkpt lat="59.352805" lon="18.06799667"><ele>15.0</ele><time>2026-06-03T09:11:31.069Z</time></trkpt><trkpt lat="59.35279" lon="18.068035"><ele>15.0</ele><time>2026-06-03T09:11:32.069Z</time></trkpt><trkpt lat="59.35277" lon="18.068075"><ele>16.0</ele><time>2026-06-03T09:11:33.069Z</time></trkpt><trkpt lat="59.35275" lon="18.06810833"><ele>16.0</ele><time>2026-06-03T09:11:34.069Z</time></trkpt><trkpt lat="59.35272333" lon="18.06815167"><ele>16.0</ele><time>2026-06-03T09:11:35.069Z</time></trkpt><trkpt lat="59.35270333" lon="18.06819333"><ele>16.0</ele><time>2026-06-03T09:11:36.069Z</time></trkpt><trkpt lat="59.352685" lon="18.06823833"><ele>16.0</ele><time>2026-06-03T09:11:37.069Z</time></trkpt><trkpt lat="59.35266833" lon="18.06829333"><ele>16.0</ele><time>2026-06-03T09:11:38.069Z</time></trkpt><trkpt lat="59.35265333" lon="18.06834833"><ele>16.0</ele><time>2026-06-03T09:11:39.069Z</time></trkpt><trkpt lat="59.35263667" lon="18.068405"><ele>16.0</ele><time>2026-06-03T09:11:40.069Z</time></trkpt><trkpt lat="59.352625" lon="18.06846167"><ele>16.0</ele><time>2026-06-03T09:11:41.069Z</time></trkpt><trkpt lat="59.35260667" lon="18.06851333"><ele>16.0</ele><time>2026-06-03T09:11:42.069Z</time></trkpt><trkpt lat="59.35258833" lon="18.06856667"><ele>16.0</ele><time>2026-06-03T09:11:43.069Z</time></trkpt><trkpt lat="59.35256833" lon="18.06862333"><ele>16.0</ele><time>2026-06-03T09:11:44.069Z</time></trkpt><trkpt lat="59.35255167" lon="18.06867833"><ele>16.0</ele><time>2026-06-03T09:11:45.069Z</time></trkpt><trkpt lat="59.352535" lon="18.06873"><ele>16.0</ele><time>2026-06-03T09:11:46.069Z</time></trkpt><trkpt lat="59.35251833" lon="18.06878167"><ele>17.0</ele><time>2026-06-03T09:11:47.069Z</time></trkpt><trkpt lat="59.35250333" lon="18.06882833"><ele>17.0</ele><time>2026-06-03T09:11:48.069Z</time></trkpt><trkpt lat="59.35248167" lon="18.06887167"><ele>17.0</ele><time>2026-06-03T09:11:49.069Z</time></trkpt><trkpt lat="59.35246167" lon="18.068915"><ele>17.0</ele><time>2026-06-03T09:11:50.069Z</time></trkpt><trkpt lat="59.35244833" lon="18.06895833"><ele>17.0</ele><time>2026-06-03T09:11:51.069Z</time></trkpt><trkpt lat="59.35243333" lon="18.06900167"><ele>17.0</ele><time>2026-06-03T09:11:52.069Z</time></trkpt><trkpt lat="59.35241167" lon="18.06905167"><ele>17.0</ele><time>2026-06-03T09:11:53.069Z</time></trkpt><trkpt lat="59.35239" lon="18.06910167"><ele>17.0</ele><time>2026-06-03T09:11:54.069Z</time></trkpt><trkpt lat="59.35237167" lon="18.06915"><ele>17.0</ele><time>2026-06-03T09:11:55.069Z</time></trkpt><trkpt lat="59.35235167" lon="18.06920167"><ele>17.0</ele><time>2026-06-03T09:11:56.069Z</time></trkpt><trkpt lat="59.352335" lon="18.06924833"><ele>17.0</ele><time>2026-06-03T09:11:57.068Z</time></trkpt><trkpt lat="59.35232333" lon="18.0693"><ele>17.0</ele><time>2026-06-03T09:11:58.069Z</time></trkpt><trkpt lat="59.35230833" lon="18.06934667"><ele>17.0</ele><time>2026-06-03T09:11:59.069Z</time></trkpt><trkpt lat="59.35229833" lon="18.06940167"><ele>17.0</ele><time>2026-06-03T09:12:00.069Z</time></trkpt><trkpt lat="59.35228833" lon="18.06945667"><ele>17.0</ele><time>2026-06-03T09:12:01.069Z</time></trkpt><trkpt lat="59.35228167" lon="18.06950833"><ele>17.0</ele><time>2026-06-03T09:12:02.069Z</time></trkpt><trkpt lat="59.35227167" lon="18.06956167"><ele>17.0</ele><time>2026-06-03T09:12:03.069Z</time></trkpt><trkpt lat="59.35225833" lon="18.06962333"><ele>17.0</ele><time>2026-06-03T09:12:04.068Z</time></trkpt><trkpt lat="59.35224667" lon="18.06968333"><ele>17.0</ele><time>2026-06-03T09:12:05.069Z</time></trkpt><trkpt lat="59.35223167" lon="18.06974333"><ele>17.0</ele><time>2026-06-03T09:12:06.069Z</time></trkpt><trkpt lat="59.35221833" lon="18.06980667"><ele>17.0</ele><time>2026-06-03T09:12:07.069Z</time></trkpt><trkpt lat="59.35221167" lon="18.06986333"><ele>17.0</ele><time>2026-06-03T09:12:08.069Z</time></trkpt><trkpt lat="59.35221" lon="18.06991667"><ele>17.0</ele><time>2026-06-03T09:12:09.069Z</time></trkpt><trkpt lat="59.35220833" lon="18.06997167"><ele>17.0</ele><time>2026-06-03T09:12:10.069Z</time></trkpt><trkpt lat="59.35220667" lon="18.07002"><ele>17.0</ele><time>2026-06-03T09:12:11.068Z</time></trkpt><trkpt lat="59.35220667" lon="18.07007167"><ele>17.0</ele><time>2026-06-03T09:12:12.069Z</time></trkpt><trkpt lat="59.35220167" lon="18.07012833"><ele>17.0</ele><time>2026-06-03T09:12:13.069Z</time></trkpt><trkpt lat="59.35219667" lon="18.07018667"><ele>17.0</ele><time>2026-06-03T09:12:14.069Z</time></trkpt><trkpt lat="59.35219167" lon="18.07025167"><ele>17.0</ele><time>2026-06-03T09:12:15.069Z</time></trkpt><trkpt lat="59.35218667" lon="18.07031"><ele>16.0</ele><time>2026-06-03T09:12:16.069Z</time></trkpt><trkpt lat="59.352185" lon="18.07036667"><ele>16.0</ele><time>2026-06-03T09:12:17.069Z</time></trkpt><trkpt lat="59.35218667" lon="18.07041833"><ele>16.0</ele><time>2026-06-03T09:12:18.068Z</time></trkpt><trkpt lat="59.35218833" lon="18.07046"><ele>16.0</ele><time>2026-06-03T09:12:19.069Z</time></trkpt><trkpt lat="59.35218167" lon="18.07051333"><ele>16.0</ele><time>2026-06-03T09:12:20.069Z</time></trkpt><trkpt lat="59.352175" lon="18.07057"><ele>16.0</ele><time>2026-06-03T09:12:21.069Z</time></trkpt><trkpt lat="59.35216667" lon="18.07062333"><ele>16.0</ele><time>2026-06-03T09:12:22.069Z</time></trkpt><trkpt lat="59.35215333" lon="18.070675"><ele>16.0</ele><time>2026-06-03T09:12:23.069Z</time></trkpt><trkpt lat="59.35214667" lon="18.070725"><ele>16.0</ele><time>2026-06-03T09:12:24.069Z</time></trkpt><trkpt lat="59.35214" lon="18.07077667"><ele>16.0</ele><time>2026-06-03T09:12:25.068Z</time></trkpt><trkpt lat="59.35213" lon="18.07083167"><ele>16.0</ele><time>2026-06-03T09:12:26.069Z</time></trkpt><trkpt lat="59.35212" lon="18.070885"><ele>16.0</ele><time>2026-06-03T09:12:27.068Z</time></trkpt><trkpt lat="59.35211167" lon="18.07094167"><ele>16.0</ele><time>2026-06-03T09:12:28.069Z</time></trkpt><trkpt lat="59.35210667" lon="18.071"><ele>16.0</ele><time>2026-06-03T09:12:29.069Z</time></trkpt><trkpt lat="59.35210667" lon="18.07105333"><ele>16.0</ele><time>2026-06-03T09:12:30.069Z</time></trkpt><trkpt lat="59.35211" lon="18.071105"><ele>16.0</ele><time>2026-06-03T09:12:31.069Z</time></trkpt><trkpt lat="59.35211833" lon="18.07116"><ele>16.0</ele><time>2026-06-03T09:12:32.068Z</time></trkpt><trkpt lat="59.352125" lon="18.07122167"><ele>16.0</ele><time>2026-06-03T09:12:33.069Z</time></trkpt><trkpt lat="59.35212333" lon="18.07127333"><ele>16.0</ele><time>2026-06-03T09:12:34.069Z</time></trkpt><trkpt lat="59.35212" lon="18.07133"><ele>16.0</ele><time>2026-06-03T09:12:35.069Z</time></trkpt><trkpt lat="59.35211" lon="18.07139333"><ele>16.0</ele><time>2026-06-03T09:12:36.069Z</time></trkpt><trkpt lat="59.3521" lon="18.07144667"><ele>16.0</ele><time>2026-06-03T09:12:37.069Z</time></trkpt><trkpt lat="59.352085" lon="18.07149333"><ele>16.0</ele><time>2026-06-03T09:12:38.069Z</time></trkpt><trkpt lat="59.35207" lon="18.07153333"><ele>16.0</ele><time>2026-06-03T09:12:39.069Z</time></trkpt><trkpt lat="59.35205333" lon="18.071575"><ele>16.0</ele><time>2026-06-03T09:12:40.069Z</time></trkpt><trkpt lat="59.35203167" lon="18.07161667"><ele>16.0</ele><time>2026-06-03T09:12:41.069Z</time></trkpt><trkpt lat="59.35201333" lon="18.07165"><ele>16.0</ele><time>2026-06-03T09:12:42.068Z</time></trkpt><trkpt lat="59.351995" lon="18.07168833"><ele>16.0</ele><time>2026-06-03T09:12:43.069Z</time></trkpt><trkpt lat="59.35198" lon="18.07171667"><ele>16.0</ele><time>2026-06-03T09:12:44.069Z</time></trkpt><trkpt lat="59.35196167" lon="18.07174833"><ele>16.0</ele><time>2026-06-03T09:12:45.069Z</time></trkpt><trkpt lat="59.35194667" lon="18.07178"><ele>16.0</ele><time>2026-06-03T09:12:46.069Z</time></trkpt><trkpt lat="59.35193" lon="18.071815"><ele>16.0</ele><time>2026-06-03T09:12:47.069Z</time></trkpt><trkpt lat="59.35191333" lon="18.07186"><ele>16.0</ele><time>2026-06-03T09:12:48.068Z</time></trkpt><trkpt lat="59.35190167" lon="18.07189667"><ele>16.0</ele><time>2026-06-03T09:12:49.068Z</time></trkpt><trkpt lat="59.35188833" lon="18.07193333"><ele>16.0</ele><time>2026-06-03T09:12:50.069Z</time></trkpt><trkpt lat="59.35187" lon="18.071965"><ele>16.0</ele><time>2026-06-03T09:12:51.069Z</time></trkpt><trkpt lat="59.35185667" lon="18.072"><ele>17.0</ele><time>2026-06-03T09:12:52.069Z</time></trkpt><trkpt lat="59.35184333" lon="18.07204"><ele>17.0</ele><time>2026-06-03T09:12:53.069Z</time></trkpt><trkpt lat="59.35183167" lon="18.072085"><ele>17.0</ele><time>2026-06-03T09:12:54.069Z</time></trkpt><trkpt lat="59.35182" lon="18.07213667"><ele>17.0</ele><time>2026-06-03T09:12:55.069Z</time></trkpt><trkpt lat="59.35181" lon="18.07217833"><ele>17.0</ele><time>2026-06-03T09:12:56.069Z</time></trkpt><trkpt lat="59.35179667" lon="18.072225"><ele>17.0</ele><time>2026-06-03T09:12:57.069Z</time></trkpt><trkpt lat="59.35178833" lon="18.07227333"><ele>17.0</ele><time>2026-06-03T09:12:58.069Z</time></trkpt><trkpt lat="59.35178167" lon="18.072325"><ele>17.0</ele><time>2026-06-03T09:12:59.069Z</time></trkpt><trkpt lat="59.35177667" lon="18.07237833"><ele>17.0</ele><time>2026-06-03T09:13:00.069Z</time></trkpt><trkpt lat="59.35177167" lon="18.07242833"><ele>17.0</ele><time>2026-06-03T09:13:01.068Z</time></trkpt><trkpt lat="59.351765" lon="18.07246833"><ele>17.0</ele><time>2026-06-03T09:13:02.069Z</time></trkpt><trkpt lat="59.35175167" lon="18.07250167"><ele>17.0</ele><time>2026-06-03T09:13:03.069Z</time></trkpt><trkpt lat="59.35173" lon="18.07254167"><ele>17.0</ele><time>2026-06-03T09:13:04.069Z</time></trkpt><trkpt lat="59.351705" lon="18.07258"><ele>17.0</ele><time>2026-06-03T09:13:05.069Z</time></trkpt><trkpt lat="59.35168" lon="18.07260167"><ele>17.0</ele><time>2026-06-03T09:13:06.069Z</time></trkpt><trkpt lat="59.35166" lon="18.07263167"><ele>17.0</ele><time>2026-06-03T09:13:07.069Z</time></trkpt><trkpt lat="59.35164333" lon="18.072665"><ele>17.0</ele><time>2026-06-03T09:13:08.069Z</time></trkpt><trkpt lat="59.35162667" lon="18.07271167"><ele>17.0</ele><time>2026-06-03T09:13:09.069Z</time></trkpt><trkpt lat="59.35161" lon="18.07274833"><ele>17.0</ele><time>2026-06-03T09:13:10.069Z</time></trkpt><trkpt lat="59.35159333" lon="18.072785"><ele>17.0</ele><time>2026-06-03T09:13:11.069Z</time></trkpt><trkpt lat="59.35158" lon="18.07283"><ele>17.0</ele><time>2026-06-03T09:13:12.069Z</time></trkpt><trkpt lat="59.35157" lon="18.07287833"><ele>18.0</ele><time>2026-06-03T09:13:13.069Z</time></trkpt><trkpt lat="59.35155833" lon="18.07292667"><ele>18.0</ele><time>2026-06-03T09:13:14.069Z</time></trkpt><trkpt lat="59.351545" lon="18.07297333"><ele>18.0</ele><time>2026-06-03T09:13:15.069Z</time></trkpt><trkpt lat="59.35153167" lon="18.07300333"><ele>18.0</ele><time>2026-06-03T09:13:16.069Z</time></trkpt><trkpt lat="59.35152167" lon="18.073035"><ele>18.0</ele><time>2026-06-03T09:13:17.069Z</time></trkpt><trkpt lat="59.35150833" lon="18.073065"><ele>18.0</ele><time>2026-06-03T09:13:18.069Z</time></trkpt><trkpt lat="59.35149333" lon="18.07309333"><ele>18.0</ele><time>2026-06-03T09:13:19.068Z</time></trkpt><trkpt lat="59.35147667" lon="18.07313167"><ele>18.0</ele><time>2026-06-03T09:13:20.069Z</time></trkpt><trkpt lat="59.35146667" lon="18.07317167"><ele>18.0</ele><time>2026-06-03T09:13:21.069Z</time></trkpt><trkpt lat="59.35145167" lon="18.073205"><ele>18.0</ele><time>2026-06-03T09:13:22.069Z</time></trkpt><trkpt lat="59.35143667" lon="18.07324167"><ele>18.0</ele><time>2026-06-03T09:13:23.069Z</time></trkpt><trkpt lat="59.35142333" lon="18.07327333"><ele>18.0</ele><time>2026-06-03T09:13:24.069Z</time></trkpt><trkpt lat="59.35140833" lon="18.07330333"><ele>18.0</ele><time>2026-06-03T09:13:25.069Z</time></trkpt><trkpt lat="59.35139333" lon="18.07334"><ele>18.0</ele><time>2026-06-03T09:13:26.069Z</time></trkpt><trkpt lat="59.35138333" lon="18.07337"><ele>18.0</ele><time>2026-06-03T09:13:27.069Z</time></trkpt><trkpt lat="59.35136667" lon="18.07340333"><ele>18.0</ele><time>2026-06-03T09:13:28.069Z</time></trkpt><trkpt lat="59.35134833" lon="18.073435"><ele>18.0</ele><time>2026-06-03T09:13:29.069Z</time></trkpt><trkpt lat="59.35133167" lon="18.07346667"><ele>18.0</ele><time>2026-06-03T09:13:30.069Z</time></trkpt><trkpt lat="59.35131333" lon="18.0735"><ele>18.0</ele><time>2026-06-03T09:13:31.069Z</time></trkpt><trkpt lat="59.35129" lon="18.07353333"><ele>18.0</ele><time>2026-06-03T09:13:32.069Z</time></trkpt><trkpt lat="59.35126833" lon="18.07356167"><ele>18.0</ele><time>2026-06-03T09:13:33.069Z</time></trkpt><trkpt lat="59.35125" lon="18.073595"><ele>18.0</ele><time>2026-06-03T09:13:34.069Z</time></trkpt><trkpt lat="59.35123167" lon="18.073625"><ele>18.0</ele><time>2026-06-03T09:13:35.068Z</time></trkpt><trkpt lat="59.35121167" lon="18.07366"><ele>18.0</ele><time>2026-06-03T09:13:36.069Z</time></trkpt><trkpt lat="59.35119167" lon="18.073695"><ele>18.0</ele><time>2026-06-03T09:13:37.069Z</time></trkpt><trkpt lat="59.351165" lon="18.07372333"><ele>18.0</ele><time>2026-06-03T09:13:38.069Z</time></trkpt><trkpt lat="59.35114333" lon="18.073755"><ele>18.0</ele><time>2026-06-03T09:13:39.069Z</time></trkpt><trkpt lat="59.35112333" lon="18.07378167"><ele>18.0</ele><time>2026-06-03T09:13:40.069Z</time></trkpt><trkpt lat="59.351105" lon="18.07382"><ele>18.0</ele><time>2026-06-03T09:13:41.069Z</time></trkpt><trkpt lat="59.35108333" lon="18.07387"><ele>17.0</ele><time>2026-06-03T09:13:42.069Z</time></trkpt><trkpt lat="59.35106" lon="18.07390667"><ele>17.0</ele><time>2026-06-03T09:13:43.069Z</time></trkpt><trkpt lat="59.35104" lon="18.07394667"><ele>17.0</ele><time>2026-06-03T09:13:44.069Z</time></trkpt><trkpt lat="59.35102167" lon="18.07398667"><ele>17.0</ele><time>2026-06-03T09:13:45.068Z</time></trkpt><trkpt lat="59.350995" lon="18.07404667"><ele>17.0</ele><time>2026-06-03T09:13:46.069Z</time></trkpt><trkpt lat="59.35097333" lon="18.07409"><ele>17.0</ele><time>2026-06-03T09:13:47.069Z</time></trkpt><trkpt lat="59.35095333" lon="18.07412833"><ele>17.0</ele><time>2026-06-03T09:13:48.069Z</time></trkpt><trkpt lat="59.350935" lon="18.07417"><ele>17.0</ele><time>2026-06-03T09:13:49.069Z</time></trkpt><trkpt lat="59.35091833" lon="18.07421667"><ele>17.0</ele><time>2026-06-03T09:13:50.069Z</time></trkpt><trkpt lat="59.3509" lon="18.07425833"><ele>17.0</ele><time>2026-06-03T09:13:51.069Z</time></trkpt><trkpt lat="59.35088167" lon="18.07429667"><ele>17.0</ele><time>2026-06-03T09:13:52.068Z</time></trkpt><trkpt lat="59.350865" lon="18.07433667"><ele>17.0</ele><time>2026-06-03T09:13:53.069Z</time></trkpt><trkpt lat="59.35084167" lon="18.07436833"><ele>17.0</ele><time>2026-06-03T09:13:54.069Z</time></trkpt><trkpt lat="59.35082167" lon="18.074395"><ele>17.0</ele><time>2026-06-03T09:13:55.069Z</time></trkpt><trkpt lat="59.35080167" lon="18.07442"><ele>17.0</ele><time>2026-06-03T09:13:56.069Z</time></trkpt><trkpt lat="59.35077667" lon="18.07446167"><ele>17.0</ele><time>2026-06-03T09:13:57.069Z</time></trkpt><trkpt lat="59.35075833" lon="18.074495"><ele>17.0</ele><time>2026-06-03T09:13:58.069Z</time></trkpt><trkpt lat="59.35073167" lon="18.07453833"><ele>17.0</ele><time>2026-06-03T09:13:59.068Z</time></trkpt><trkpt lat="59.35071167" lon="18.07458167"><ele>17.0</ele><time>2026-06-03T09:14:00.069Z</time></trkpt><trkpt lat="59.35069333" lon="18.07462333"><ele>17.0</ele><time>2026-06-03T09:14:01.069Z</time></trkpt><trkpt lat="59.35067333" lon="18.07467167"><ele>17.0</ele><time>2026-06-03T09:14:02.069Z</time></trkpt><trkpt lat="59.35064667" lon="18.07471667"><ele>17.0</ele><time>2026-06-03T09:14:03.069Z</time></trkpt><trkpt lat="59.35062" lon="18.07475667"><ele>17.0</ele><time>2026-06-03T09:14:04.069Z</time></trkpt><trkpt lat="59.35059833" lon="18.07479167"><ele>17.0</ele><time>2026-06-03T09:14:05.069Z</time></trkpt><trkpt lat="59.35057167" lon="18.07483"><ele>17.0</ele><time>2026-06-03T09:14:06.068Z</time></trkpt><trkpt lat="59.35054667" lon="18.07486667"><ele>17.0</ele><time>2026-06-03T09:14:07.069Z</time></trkpt><trkpt lat="59.35052" lon="18.07490167"><ele>17.0</ele><time>2026-06-03T09:14:08.069Z</time></trkpt><trkpt lat="59.350495" lon="18.07493333"><ele>17.0</ele><time>2026-06-03T09:14:09.069Z</time></trkpt><trkpt lat="59.35047167" lon="18.07496333"><ele>17.0</ele><time>2026-06-03T09:14:10.069Z</time></trkpt><trkpt lat="59.35044" lon="18.07499167"><ele>17.0</ele><time>2026-06-03T09:14:11.069Z</time></trkpt><trkpt lat="59.350415" lon="18.07502167"><ele>17.0</ele><time>2026-06-03T09:14:12.069Z</time></trkpt><trkpt lat="59.35038667" lon="18.075045"><ele>17.0</ele><time>2026-06-03T09:14:13.068Z</time></trkpt><trkpt lat="59.35036" lon="18.07507"><ele>17.0</ele><time>2026-06-03T09:14:14.068Z</time></trkpt><trkpt lat="59.350335" lon="18.07509167"><ele>17.0</ele><time>2026-06-03T09:14:15.068Z</time></trkpt><trkpt lat="59.35030667" lon="18.075115"><ele>17.0</ele><time>2026-06-03T09:14:16.069Z</time></trkpt><trkpt lat="59.35027833" lon="18.075145"><ele>17.0</ele><time>2026-06-03T09:14:17.069Z</time></trkpt><trkpt lat="59.35025" lon="18.07517167"><ele>17.0</ele><time>2026-06-03T09:14:18.068Z</time></trkpt><trkpt lat="59.35022167" lon="18.075195"><ele>17.0</ele><time>2026-06-03T09:14:19.069Z</time></trkpt><trkpt lat="59.350195" lon="18.07521167"><ele>17.0</ele><time>2026-06-03T09:14:20.069Z</time></trkpt><trkpt lat="59.350165" lon="18.07523"><ele>17.0</ele><time>2026-06-03T09:14:21.068Z</time></trkpt><trkpt lat="59.35013833" lon="18.07524833"><ele>17.0</ele><time>2026-06-03T09:14:22.069Z</time></trkpt><trkpt lat="59.35010333" lon="18.075265"><ele>16.0</ele><time>2026-06-03T09:14:23.069Z</time></trkpt><trkpt lat="59.35006833" lon="18.07528"><ele>16.0</ele><time>2026-06-03T09:14:24.069Z</time></trkpt><trkpt lat="59.35004" lon="18.07529333"><ele>16.0</ele><time>2026-06-03T09:14:25.069Z</time></trkpt><trkpt lat="59.35000833" lon="18.07531"><ele>16.0</ele><time>2026-06-03T09:14:26.069Z</time></trkpt><trkpt lat="59.34997833" lon="18.07532333"><ele>16.0</ele><time>2026-06-03T09:14:27.069Z</time></trkpt><trkpt lat="59.34994833" lon="18.075335"><ele>16.0</ele><time>2026-06-03T09:14:28.069Z</time></trkpt><trkpt lat="59.34992" lon="18.07535167"><ele>16.0</ele><time>2026-06-03T09:14:29.069Z</time></trkpt><trkpt lat="59.34989667" lon="18.07536333"><ele>16.0</ele><time>2026-06-03T09:14:30.069Z</time></trkpt><trkpt lat="59.34987167" lon="18.075375"><ele>16.0</ele><time>2026-06-03T09:14:31.068Z</time></trkpt><trkpt lat="59.349845" lon="18.07538333"><ele>16.0</ele><time>2026-06-03T09:14:32.069Z</time></trkpt><trkpt lat="59.34981667" lon="18.075395"><ele>16.0</ele><time>2026-06-03T09:14:33.069Z</time></trkpt><trkpt lat="59.34978833" lon="18.07540833"><ele>15.0</ele><time>2026-06-03T09:14:34.069Z</time></trkpt><trkpt lat="59.34976333" lon="18.07541833"><ele>15.0</ele><time>2026-06-03T09:14:35.069Z</time></trkpt><trkpt lat="59.34973667" lon="18.075435"><ele>15.0</ele><time>2026-06-03T09:14:36.069Z</time></trkpt><trkpt lat="59.34971167" lon="18.07544667"><ele>16.0</ele><time>2026-06-03T09:14:37.069Z</time></trkpt><trkpt lat="59.34968667" lon="18.07545667"><ele>16.0</ele><time>2026-06-03T09:14:38.069Z</time></trkpt><trkpt lat="59.34965833" lon="18.07546167"><ele>16.0</ele><time>2026-06-03T09:14:39.069Z</time></trkpt><trkpt lat="59.349635" lon="18.07547167"><ele>16.0</ele><time>2026-06-03T09:14:40.069Z</time></trkpt><trkpt lat="59.34961" lon="18.075475"><ele>16.0</ele><time>2026-06-03T09:14:41.068Z</time></trkpt><trkpt lat="59.34958167" lon="18.07548333"><ele>16.0</ele><time>2026-06-03T09:14:42.069Z</time></trkpt><trkpt lat="59.34954833" lon="18.07550333"><ele>16.0</ele><time>2026-06-03T09:14:43.069Z</time></trkpt><trkpt lat="59.34951667" lon="18.07551667"><ele>16.0</ele><time>2026-06-03T09:14:44.069Z</time></trkpt><trkpt lat="59.34948833" lon="18.075535"><ele>16.0</ele><time>2026-06-03T09:14:45.069Z</time></trkpt><trkpt lat="59.34945833" lon="18.07554833"><ele>16.0</ele><time>2026-06-03T09:14:46.069Z</time></trkpt><trkpt lat="59.34942833" lon="18.07555833"><ele>16.0</ele><time>2026-06-03T09:14:47.069Z</time></trkpt><trkpt lat="59.3494" lon="18.07556833"><ele>16.0</ele><time>2026-06-03T09:14:48.069Z</time></trkpt><trkpt lat="59.34937" lon="18.07557833"><ele>16.0</ele><time>2026-06-03T09:14:49.069Z</time></trkpt><trkpt lat="59.34933833" lon="18.07558667"><ele>16.0</ele><time>2026-06-03T09:14:50.069Z</time></trkpt><trkpt lat="59.34931" lon="18.07560333"><ele>16.0</ele><time>2026-06-03T09:14:51.068Z</time></trkpt><trkpt lat="59.34927833" lon="18.07561833"><ele>16.0</ele><time>2026-06-03T09:14:52.068Z</time></trkpt><trkpt lat="59.34925167" lon="18.07562833"><ele>16.0</ele><time>2026-06-03T09:14:53.069Z</time></trkpt><trkpt lat="59.34918667" lon="18.07565"><ele>16.0</ele><time>2026-06-03T09:14:54.069Z</time></trkpt><trkpt lat="59.34918667" lon="18.07565"><ele>16.0</ele><time>2026-06-03T09:14:55.069Z</time></trkpt><trkpt lat="59.34915667" lon="18.075665"><ele>16.0</ele><time>2026-06-03T09:14:56.069Z</time></trkpt><trkpt lat="59.34912" lon="18.07568"><ele>16.0</ele><time>2026-06-03T09:14:57.069Z</time></trkpt><trkpt lat="59.34909" lon="18.07569667"><ele>16.0</ele><time>2026-06-03T09:14:58.069Z</time></trkpt><trkpt lat="59.34905833" lon="18.07571833"><ele>15.0</ele><time>2026-06-03T09:14:59.069Z</time></trkpt><trkpt lat="59.34902667" lon="18.07573"><ele>15.0</ele><time>2026-06-03T09:15:00.068Z</time></trkpt><trkpt lat="59.34899833" lon="18.07573833"><ele>15.0</ele><time>2026-06-03T09:15:01.069Z</time></trkpt><trkpt lat="59.34896667" lon="18.07575333"><ele>15.0</ele><time>2026-06-03T09:15:02.069Z</time></trkpt><trkpt lat="59.34893667" lon="18.07577167"><ele>15.0</ele><time>2026-06-03T09:15:03.068Z</time></trkpt><trkpt lat="59.348905" lon="18.07578167"><ele>15.0</ele><time>2026-06-03T09:15:04.069Z</time></trkpt><trkpt lat="59.34887833" lon="18.07579333"><ele>15.0</ele><time>2026-06-03T09:15:05.069Z</time></trkpt><trkpt lat="59.34885167" lon="18.07581"><ele>15.0</ele><time>2026-06-03T09:15:06.068Z</time></trkpt><trkpt lat="59.34882167" lon="18.07582833"><ele>15.0</ele><time>2026-06-03T09:15:07.069Z</time></trkpt><trkpt lat="59.348795" lon="18.07584667"><ele>15.0</ele><time>2026-06-03T09:15:08.068Z</time></trkpt><trkpt lat="59.34876833" lon="18.07586333"><ele>15.0</ele><time>2026-06-03T09:15:09.069Z</time></trkpt><trkpt lat="59.34873667" lon="18.07587667"><ele>15.0</ele><time>2026-06-03T09:15:10.068Z</time></trkpt><trkpt lat="59.34871" lon="18.07589667"><ele>15.0</ele><time>2026-06-03T09:15:11.069Z</time></trkpt><trkpt lat="59.34867833" lon="18.07592167"><ele>15.0</ele><time>2026-06-03T09:15:12.070Z</time></trkpt><trkpt lat="59.34865" lon="18.075945"><ele>15.0</ele><time>2026-06-03T09:15:13.068Z</time></trkpt><trkpt lat="59.34862" lon="18.07596833"><ele>15.0</ele><time>2026-06-03T09:15:14.069Z</time></trkpt><trkpt lat="59.34858833" lon="18.07599"><ele>15.0</ele><time>2026-06-03T09:15:15.068Z</time></trkpt><trkpt lat="59.34855667" lon="18.07600833"><ele>15.0</ele><time>2026-06-03T09:15:16.068Z</time></trkpt><trkpt lat="59.34852833" lon="18.07602833"><ele>15.0</ele><time>2026-06-03T09:15:17.069Z</time></trkpt><trkpt lat="59.34849833" lon="18.076045"><ele>15.0</ele><time>2026-06-03T09:15:18.069Z</time></trkpt><trkpt lat="59.34846833" lon="18.076055"><ele>16.0</ele><time>2026-06-03T09:15:19.068Z</time></trkpt><trkpt lat="59.34843667" lon="18.07606"><ele>16.0</ele><time>2026-06-03T09:15:20.069Z</time></trkpt><trkpt lat="59.348405" lon="18.07607167"><ele>16.0</ele><time>2026-06-03T09:15:21.068Z</time></trkpt><trkpt lat="59.34837167" lon="18.07607667"><ele>16.0</ele><time>2026-06-03T09:15:22.068Z</time></trkpt><trkpt lat="59.34834167" lon="18.07608333"><ele>16.0</ele><time>2026-06-03T09:15:23.069Z</time></trkpt><trkpt lat="59.34831333" lon="18.07608333"><ele>16.0</ele><time>2026-06-03T09:15:24.069Z</time></trkpt><trkpt lat="59.34828333" lon="18.07608333"><ele>16.0</ele><time>2026-06-03T09:15:25.068Z</time></trkpt><trkpt lat="59.348255" lon="18.07608"><ele>16.0</ele><time>2026-06-03T09:15:26.069Z</time></trkpt><trkpt lat="59.34822333" lon="18.07608167"><ele>16.0</ele><time>2026-06-03T09:15:27.069Z</time></trkpt><trkpt lat="59.348195" lon="18.07608"><ele>16.0</ele><time>2026-06-03T09:15:28.068Z</time></trkpt><trkpt lat="59.34816833" lon="18.07607"><ele>16.0</ele><time>2026-06-03T09:15:29.069Z</time></trkpt><trkpt lat="59.34813833" lon="18.07607167"><ele>16.0</ele><time>2026-06-03T09:15:30.069Z</time></trkpt><trkpt lat="59.34810833" lon="18.076075"><ele>16.0</ele><time>2026-06-03T09:15:31.068Z</time></trkpt><trkpt lat="59.34808167" lon="18.07608167"><ele>16.0</ele><time>2026-06-03T09:15:32.069Z</time></trkpt><trkpt lat="59.34805" lon="18.07608333"><ele>16.0</ele><time>2026-06-03T09:15:33.069Z</time></trkpt><trkpt lat="59.34802" lon="18.07609667"><ele>16.0</ele><time>2026-06-03T09:15:34.068Z</time></trkpt><trkpt lat="59.34799" lon="18.07611"><ele>16.0</ele><time>2026-06-03T09:15:35.069Z</time></trkpt><trkpt lat="59.34796167" lon="18.07612"><ele>16.0</ele><time>2026-06-03T09:15:36.069Z</time></trkpt><trkpt lat="59.34793" lon="18.07613"><ele>16.0</ele><time>2026-06-03T09:15:37.068Z</time></trkpt><trkpt lat="59.34789667" lon="18.07614333"><ele>16.0</ele><time>2026-06-03T09:15:38.069Z</time></trkpt><trkpt lat="59.34786833" lon="18.07615667"><ele>16.0</ele><time>2026-06-03T09:15:39.069Z</time></trkpt><trkpt lat="59.34783833" lon="18.07617333"><ele>16.0</ele><time>2026-06-03T09:15:40.069Z</time></trkpt><trkpt lat="59.34781167" lon="18.07618833"><ele>16.0</ele><time>2026-06-03T09:15:41.069Z</time></trkpt><trkpt lat="59.34778167" lon="18.07619333"><ele>16.0</ele><time>2026-06-03T09:15:42.069Z</time></trkpt><trkpt lat="59.34775333" lon="18.07620167"><ele>16.0</ele><time>2026-06-03T09:15:43.068Z</time></trkpt><trkpt lat="59.347725" lon="18.07620667"><ele>16.0</ele><time>2026-06-03T09:15:44.069Z</time></trkpt><trkpt lat="59.34769667" lon="18.07622"><ele>16.0</ele><time>2026-06-03T09:15:45.069Z</time></trkpt><trkpt lat="59.34767167" lon="18.07623667"><ele>15.0</ele><time>2026-06-03T09:15:46.068Z</time></trkpt><trkpt lat="59.347645" lon="18.07625333"><ele>15.0</ele><time>2026-06-03T09:15:47.068Z</time></trkpt><trkpt lat="59.34761667" lon="18.07626833"><ele>15.0</ele><time>2026-06-03T09:15:48.069Z</time></trkpt><trkpt lat="59.34759" lon="18.07628"><ele>15.0</ele><time>2026-06-03T09:15:49.068Z</time></trkpt><trkpt lat="59.34756" lon="18.07628"><ele>15.0</ele><time>2026-06-03T09:15:50.069Z</time></trkpt><trkpt lat="59.34753" lon="18.07628333"><ele>15.0</ele><time>2026-06-03T09:15:51.069Z</time></trkpt><trkpt lat="59.34750167" lon="18.07628833"><ele>15.0</ele><time>2026-06-03T09:15:52.068Z</time></trkpt><trkpt lat="59.347475" lon="18.076285"><ele>15.0</ele><time>2026-06-03T09:15:53.069Z</time></trkpt><trkpt lat="59.34744667" lon="18.07628833"><ele>15.0</ele><time>2026-06-03T09:15:54.068Z</time></trkpt><trkpt lat="59.34741833" lon="18.07628667"><ele>15.0</ele><time>2026-06-03T09:15:55.068Z</time></trkpt><trkpt lat="59.347385" lon="18.07628833"><ele>15.0</ele><time>2026-06-03T09:15:56.069Z</time></trkpt><trkpt lat="59.347355" lon="18.07629"><ele>15.0</ele><time>2026-06-03T09:15:57.069Z</time></trkpt><trkpt lat="59.34732667" lon="18.07629"><ele>15.0</ele><time>2026-06-03T09:15:58.069Z</time></trkpt><trkpt lat="59.3473" lon="18.07629333"><ele>15.0</ele><time>2026-06-03T09:15:59.069Z</time></trkpt><trkpt lat="59.34727667" lon="18.07630167"><ele>15.0</ele><time>2026-06-03T09:16:00.069Z</time></trkpt><trkpt lat="59.34726" lon="18.07632667"><ele>15.0</ele><time>2026-06-03T09:16:01.068Z</time></trkpt><trkpt lat="59.34725167" lon="18.07637"><ele>15.0</ele><time>2026-06-03T09:16:02.069Z</time></trkpt><trkpt lat="59.34725" lon="18.07642333"><ele>15.0</ele><time>2026-06-03T09:16:03.068Z</time></trkpt><trkpt lat="59.34725" lon="18.076495"><ele>15.0</ele><time>2026-06-03T09:16:04.069Z</time></trkpt><trkpt lat="59.34725667" lon="18.07657833"><ele>15.0</ele><time>2026-06-03T09:16:05.069Z</time></trkpt><trkpt lat="59.34727" lon="18.07662833"><ele>15.0</ele><time>2026-06-03T09:16:06.069Z</time></trkpt><trkpt lat="59.34728833" lon="18.07667833"><ele>15.0</ele><time>2026-06-03T09:16:07.069Z</time></trkpt><trkpt lat="59.34730833" lon="18.07672833"><ele>15.0</ele><time>2026-06-03T09:16:08.068Z</time></trkpt><trkpt lat="59.34733167" lon="18.07676833"><ele>15.0</ele><time>2026-06-03T09:16:09.069Z</time></trkpt><trkpt lat="59.347355" lon="18.07680667"><ele>15.0</ele><time>2026-06-03T09:16:10.068Z</time></trkpt><trkpt lat="59.34738167" lon="18.07684667"><ele>15.0</ele><time>2026-06-03T09:16:11.068Z</time></trkpt><trkpt lat="59.34740333" lon="18.07687833"><ele>15.0</ele><time>2026-06-03T09:16:12.069Z</time></trkpt><trkpt lat="59.34743" lon="18.07690333"><ele>15.0</ele><time>2026-06-03T09:16:13.068Z</time></trkpt><trkpt lat="59.34745833" lon="18.07693167"><ele>15.0</ele><time>2026-06-03T09:16:14.069Z</time></trkpt><trkpt lat="59.347485" lon="18.07696333"><ele>15.0</ele><time>2026-06-03T09:16:15.069Z</time></trkpt><trkpt lat="59.34751167" lon="18.076995"><ele>15.0</ele><time>2026-06-03T09:16:16.069Z</time></trkpt><trkpt lat="59.34753333" lon="18.07703"><ele>15.0</ele><time>2026-06-03T09:16:17.069Z</time></trkpt><trkpt lat="59.347555" lon="18.07707"><ele>15.0</ele><time>2026-06-03T09:16:18.069Z</time></trkpt><trkpt lat="59.347575" lon="18.07711333"><ele>15.0</ele><time>2026-06-03T09:16:19.068Z</time></trkpt><trkpt lat="59.34759333" lon="18.077155"><ele>15.0</ele><time>2026-06-03T09:16:20.069Z</time></trkpt><trkpt lat="59.34761" lon="18.07720167"><ele>15.0</ele><time>2026-06-03T09:16:21.069Z</time></trkpt><trkpt lat="59.34762833" lon="18.07723667"><ele>15.0</ele><time>2026-06-03T09:16:22.069Z</time></trkpt><trkpt lat="59.34764833" lon="18.07727167"><ele>15.0</ele><time>2026-06-03T09:16:23.069Z</time></trkpt><trkpt lat="59.34766667" lon="18.07731333"><ele>15.0</ele><time>2026-06-03T09:16:24.069Z</time></trkpt><trkpt lat="59.34768833" lon="18.07734833"><ele>15.0</ele><time>2026-06-03T09:16:25.069Z</time></trkpt><trkpt lat="59.34771" lon="18.07738"><ele>15.0</ele><time>2026-06-03T09:16:26.069Z</time></trkpt><trkpt lat="59.34773" lon="18.07742"><ele>15.0</ele><time>2026-06-03T09:16:27.069Z</time></trkpt><trkpt lat="59.34775167" lon="18.07745833"><ele>15.0</ele><time>2026-06-03T09:16:28.069Z</time></trkpt><trkpt lat="59.34776833" lon="18.07749667"><ele>15.0</ele><time>2026-06-03T09:16:29.069Z</time></trkpt><trkpt lat="59.347785" lon="18.077535"><ele>15.0</ele><time>2026-06-03T09:16:30.069Z</time></trkpt><trkpt lat="59.34780667" lon="18.07757667"><ele>15.0</ele><time>2026-06-03T09:16:31.069Z</time></trkpt><trkpt lat="59.34782667" lon="18.07761667"><ele>15.0</ele><time>2026-06-03T09:16:32.069Z</time></trkpt><trkpt lat="59.34784667" lon="18.07765833"><ele>15.0</ele><time>2026-06-03T09:16:33.069Z</time></trkpt><trkpt lat="59.347865" lon="18.07769833"><ele>15.0</ele><time>2026-06-03T09:16:34.068Z</time></trkpt><trkpt lat="59.34787833" lon="18.07773833"><ele>15.0</ele><time>2026-06-03T09:16:35.069Z</time></trkpt><trkpt lat="59.34789833" lon="18.07778333"><ele>15.0</ele><time>2026-06-03T09:16:36.069Z</time></trkpt><trkpt lat="59.34791667" lon="18.07783"><ele>15.0</ele><time>2026-06-03T09:16:37.069Z</time></trkpt><trkpt lat="59.34793667" lon="18.077875"><ele>15.0</ele><time>2026-06-03T09:16:38.069Z</time></trkpt><trkpt lat="59.34795833" lon="18.07791833"><ele>15.0</ele><time>2026-06-03T09:16:39.069Z</time></trkpt><trkpt lat="59.34797667" lon="18.07796667"><ele>15.0</ele><time>2026-06-03T09:16:40.069Z</time></trkpt><trkpt lat="59.34799833" lon="18.078015"><ele>15.0</ele><time>2026-06-03T09:16:41.069Z</time></trkpt><trkpt lat="59.34801833" lon="18.07807"><ele>15.0</ele><time>2026-06-03T09:16:42.069Z</time></trkpt><trkpt lat="59.34803833" lon="18.07811333"><ele>15.0</ele><time>2026-06-03T09:16:43.069Z</time></trkpt><trkpt lat="59.34806" lon="18.07814333"><ele>15.0</ele><time>2026-06-03T09:16:44.069Z</time></trkpt><trkpt lat="59.34807833" lon="18.07817167"><ele>15.0</ele><time>2026-06-03T09:16:45.069Z</time></trkpt><trkpt lat="59.348105" lon="18.078205"><ele>15.0</ele><time>2026-06-03T09:16:46.069Z</time></trkpt><trkpt lat="59.34813167" lon="18.07823333"><ele>15.0</ele><time>2026-06-03T09:16:47.069Z</time></trkpt><trkpt lat="59.34816167" lon="18.07826833"><ele>15.0</ele><time>2026-06-03T09:16:48.069Z</time></trkpt><trkpt lat="59.34821833" lon="18.07834333"><ele>15.0</ele><time>2026-06-03T09:16:49.068Z</time></trkpt><trkpt lat="59.34821833" lon="18.07834333"><ele>15.0</ele><time>2026-06-03T09:16:50.069Z</time></trkpt><trkpt lat="59.348245" lon="18.07838"><ele>15.0</ele><time>2026-06-03T09:16:51.069Z</time></trkpt><trkpt lat="59.34826833" lon="18.07840667"><ele>15.0</ele><time>2026-06-03T09:16:52.069Z</time></trkpt><trkpt lat="59.348295" lon="18.07843333"><ele>15.0</ele><time>2026-06-03T09:16:53.069Z</time></trkpt><trkpt lat="59.34832333" lon="18.07846"><ele>15.0</ele><time>2026-06-03T09:16:54.068Z</time></trkpt><trkpt lat="59.34835333" lon="18.07848667"><ele>15.0</ele><time>2026-06-03T09:16:55.069Z</time></trkpt><trkpt lat="59.34838" lon="18.07851167"><ele>15.0</ele><time>2026-06-03T09:16:56.069Z</time></trkpt><trkpt lat="59.348405" lon="18.07854167"><ele>15.0</ele><time>2026-06-03T09:16:57.069Z</time></trkpt><trkpt lat="59.34842833" lon="18.07857333"><ele>15.0</ele><time>2026-06-03T09:16:58.069Z</time></trkpt><trkpt lat="59.34845333" lon="18.07859667"><ele>15.0</ele><time>2026-06-03T09:16:59.069Z</time></trkpt><trkpt lat="59.34847833" lon="18.078625"><ele>15.0</ele><time>2026-06-03T09:17:00.068Z</time></trkpt><trkpt lat="59.348505" lon="18.07864833"><ele>15.0</ele><time>2026-06-03T09:17:01.069Z</time></trkpt><trkpt lat="59.34853" lon="18.07866667"><ele>15.0</ele><time>2026-06-03T09:17:02.069Z</time></trkpt><trkpt lat="59.34855667" lon="18.07869167"><ele>15.0</ele><time>2026-06-03T09:17:03.069Z</time></trkpt><trkpt lat="59.34858" lon="18.07872333"><ele>15.0</ele><time>2026-06-03T09:17:04.069Z</time></trkpt><trkpt lat="59.34860167" lon="18.07874667"><ele>15.0</ele><time>2026-06-03T09:17:05.068Z</time></trkpt><trkpt lat="59.34862667" lon="18.07877667"><ele>15.0</ele><time>2026-06-03T09:17:06.069Z</time></trkpt><trkpt lat="59.34865" lon="18.07881"><ele>15.0</ele><time>2026-06-03T09:17:07.069Z</time></trkpt><trkpt lat="59.34867667" lon="18.07885333"><ele>15.0</ele><time>2026-06-03T09:17:08.068Z</time></trkpt><trkpt lat="59.34870333" lon="18.07889167"><ele>15.0</ele><time>2026-06-03T09:17:09.069Z</time></trkpt><trkpt lat="59.34872833" lon="18.07892833"><ele>15.0</ele><time>2026-06-03T09:17:10.069Z</time></trkpt><trkpt lat="59.34875" lon="18.07897167"><ele>15.0</ele><time>2026-06-03T09:17:11.069Z</time></trkpt><trkpt lat="59.34876833" lon="18.07901"><ele>15.0</ele><time>2026-06-03T09:17:12.069Z</time></trkpt><trkpt lat="59.348785" lon="18.07905167"><ele>15.0</ele><time>2026-06-03T09:17:13.069Z</time></trkpt><trkpt lat="59.34880333" lon="18.07910167"><ele>15.0</ele><time>2026-06-03T09:17:14.069Z</time></trkpt><trkpt lat="59.34882167" lon="18.07915333"><ele>15.0</ele><time>2026-06-03T09:17:15.069Z</time></trkpt><trkpt lat="59.34884" lon="18.07920667"><ele>15.0</ele><time>2026-06-03T09:17:16.068Z</time></trkpt><trkpt lat="59.348885" lon="18.079295"><ele>15.0</ele><time>2026-06-03T09:17:17.069Z</time></trkpt><trkpt lat="59.348885" lon="18.079295"><ele>15.0</ele><time>2026-06-03T09:17:18.069Z</time></trkpt><trkpt lat="59.34891" lon="18.07933833"><ele>15.0</ele><time>2026-06-03T09:17:19.069Z</time></trkpt><trkpt lat="59.34893" lon="18.07938167"><ele>15.0</ele><time>2026-06-03T09:17:20.069Z</time></trkpt><trkpt lat="59.34895" lon="18.07941833"><ele>14.0</ele><time>2026-06-03T09:17:21.069Z</time></trkpt><trkpt lat="59.34896833" lon="18.07945333"><ele>14.0</ele><time>2026-06-03T09:17:22.069Z</time></trkpt><trkpt lat="59.34899" lon="18.07948833"><ele>14.0</ele><time>2026-06-03T09:17:23.069Z</time></trkpt><trkpt lat="59.34901" lon="18.07951833"><ele>14.0</ele><time>2026-06-03T09:17:24.069Z</time></trkpt><trkpt lat="59.34903167" lon="18.07955"><ele>14.0</ele><time>2026-06-03T09:17:25.069Z</time></trkpt><trkpt lat="59.34905167" lon="18.079585"><ele>14.0</ele><time>2026-06-03T09:17:26.069Z</time></trkpt><trkpt lat="59.349075" lon="18.07961833"><ele>14.0</ele><time>2026-06-03T09:17:27.069Z</time></trkpt><trkpt lat="59.3491" lon="18.07964667"><ele>14.0</ele><time>2026-06-03T09:17:28.068Z</time></trkpt><trkpt lat="59.34912167" lon="18.07967833"><ele>14.0</ele><time>2026-06-03T09:17:29.069Z</time></trkpt><trkpt lat="59.34914167" lon="18.07971167"><ele>14.0</ele><time>2026-06-03T09:17:30.069Z</time></trkpt><trkpt lat="59.34916333" lon="18.07975333"><ele>14.0</ele><time>2026-06-03T09:17:31.069Z</time></trkpt><trkpt lat="59.34918333" lon="18.07979333"><ele>14.0</ele><time>2026-06-03T09:17:32.069Z</time></trkpt><trkpt lat="59.34920667" lon="18.07982833"><ele>14.0</ele><time>2026-06-03T09:17:33.069Z</time></trkpt><trkpt lat="59.34922667" lon="18.07986833"><ele>13.0</ele><time>2026-06-03T09:17:34.069Z</time></trkpt><trkpt lat="59.34925" lon="18.07990833"><ele>13.0</ele><time>2026-06-03T09:17:35.068Z</time></trkpt><trkpt lat="59.34927167" lon="18.07994833"><ele>13.0</ele><time>2026-06-03T09:17:36.069Z</time></trkpt><trkpt lat="59.34929167" lon="18.07998833"><ele>13.0</ele><time>2026-06-03T09:17:37.069Z</time></trkpt><trkpt lat="59.34931" lon="18.08003"><ele>13.0</ele><time>2026-06-03T09:17:38.069Z</time></trkpt><trkpt lat="59.34933167" lon="18.08007667"><ele>13.0</ele><time>2026-06-03T09:17:39.069Z</time></trkpt><trkpt lat="59.349355" lon="18.08012"><ele>13.0</ele><time>2026-06-03T09:17:40.069Z</time></trkpt><trkpt lat="59.34938" lon="18.08016333"><ele>13.0</ele><time>2026-06-03T09:17:41.069Z</time></trkpt><trkpt lat="59.34940333" lon="18.08020667"><ele>13.0</ele><time>2026-06-03T09:17:42.068Z</time></trkpt><trkpt lat="59.34942167" lon="18.080255"><ele>13.0</ele><time>2026-06-03T09:17:43.069Z</time></trkpt><trkpt lat="59.34944" lon="18.08030833"><ele>13.0</ele><time>2026-06-03T09:17:44.069Z</time></trkpt><trkpt lat="59.34945667" lon="18.08036"><ele>13.0</ele><time>2026-06-03T09:17:45.069Z</time></trkpt><trkpt lat="59.34947167" lon="18.08041"><ele>13.0</ele><time>2026-06-03T09:17:46.069Z</time></trkpt><trkpt lat="59.349485" lon="18.08046167"><ele>13.0</ele><time>2026-06-03T09:17:47.069Z</time></trkpt><trkpt lat="59.3495" lon="18.08050833"><ele>13.0</ele><time>2026-06-03T09:17:48.069Z</time></trkpt><trkpt lat="59.34951833" lon="18.08055167"><ele>13.0</ele><time>2026-06-03T09:17:49.068Z</time></trkpt><trkpt lat="59.34953667" lon="18.08059667"><ele>12.0</ele><time>2026-06-03T09:17:50.069Z</time></trkpt><trkpt lat="59.349555" lon="18.08064"><ele>12.0</ele><time>2026-06-03T09:17:51.068Z</time></trkpt><trkpt lat="59.34957667" lon="18.08068833"><ele>12.0</ele><time>2026-06-03T09:17:52.069Z</time></trkpt><trkpt lat="59.3496" lon="18.08073167"><ele>12.0</ele><time>2026-06-03T09:17:53.069Z</time></trkpt><trkpt lat="59.34962" lon="18.08078167"><ele>12.0</ele><time>2026-06-03T09:17:54.069Z</time></trkpt><trkpt lat="59.34963833" lon="18.08082833"><ele>12.0</ele><time>2026-06-03T09:17:55.069Z</time></trkpt><trkpt lat="59.349655" lon="18.080875"><ele>12.0</ele><time>2026-06-03T09:17:56.068Z</time></trkpt><trkpt lat="59.34967667" lon="18.08092333"><ele>12.0</ele><time>2026-06-03T09:17:57.069Z</time></trkpt><trkpt lat="59.34969333" lon="18.08096667"><ele>12.0</ele><time>2026-06-03T09:17:58.069Z</time></trkpt><trkpt lat="59.34970833" lon="18.08101333"><ele>12.0</ele><time>2026-06-03T09:17:59.069Z</time></trkpt><trkpt lat="59.34972333" lon="18.08106667"><ele>12.0</ele><time>2026-06-03T09:18:00.069Z</time></trkpt><trkpt lat="59.34974" lon="18.081115"><ele>12.0</ele><time>2026-06-03T09:18:01.069Z</time></trkpt><trkpt lat="59.34975833" lon="18.08115667"><ele>12.0</ele><time>2026-06-03T09:18:02.069Z</time></trkpt><trkpt lat="59.349775" lon="18.081195"><ele>12.0</ele><time>2026-06-03T09:18:03.069Z</time></trkpt><trkpt lat="59.34981667" lon="18.08126333"><ele>12.0</ele><time>2026-06-03T09:18:04.069Z</time></trkpt><trkpt lat="59.34981667" lon="18.08126333"><ele>12.0</ele><time>2026-06-03T09:18:05.069Z</time></trkpt><trkpt lat="59.34983833" lon="18.081305"><ele>12.0</ele><time>2026-06-03T09:18:06.068Z</time></trkpt><trkpt lat="59.34985833" lon="18.08135167"><ele>12.0</ele><time>2026-06-03T09:18:07.069Z</time></trkpt><trkpt lat="59.34987833" lon="18.08139"><ele>12.0</ele><time>2026-06-03T09:18:08.069Z</time></trkpt><trkpt lat="59.34989833" lon="18.08143333"><ele>12.0</ele><time>2026-06-03T09:18:09.068Z</time></trkpt><trkpt lat="59.34991833" lon="18.08148"><ele>11.0</ele><time>2026-06-03T09:18:10.069Z</time></trkpt><trkpt lat="59.34993667" lon="18.08152667"><ele>11.0</ele><time>2026-06-03T09:18:11.069Z</time></trkpt><trkpt lat="59.34995167" lon="18.08157333"><ele>11.0</ele><time>2026-06-03T09:18:12.069Z</time></trkpt><trkpt lat="59.34997" lon="18.08161667"><ele>11.0</ele><time>2026-06-03T09:18:13.069Z</time></trkpt><trkpt lat="59.34999" lon="18.08166167"><ele>11.0</ele><time>2026-06-03T09:18:14.069Z</time></trkpt><trkpt lat="59.35001" lon="18.081705"><ele>12.0</ele><time>2026-06-03T09:18:15.068Z</time></trkpt><trkpt lat="59.35002667" lon="18.081755"><ele>12.0</ele><time>2026-06-03T09:18:16.069Z</time></trkpt><trkpt lat="59.35004667" lon="18.08180833"><ele>12.0</ele><time>2026-06-03T09:18:17.068Z</time></trkpt><trkpt lat="59.35006833" lon="18.08185833"><ele>12.0</ele><time>2026-06-03T09:18:18.069Z</time></trkpt><trkpt lat="59.35008667" lon="18.08190833"><ele>12.0</ele><time>2026-06-03T09:18:19.069Z</time></trkpt><trkpt lat="59.350105" lon="18.08195667"><ele>11.0</ele><time>2026-06-03T09:18:20.069Z</time></trkpt><trkpt lat="59.350125" lon="18.082005"><ele>11.0</ele><time>2026-06-03T09:18:21.069Z</time></trkpt><trkpt lat="59.35014667" lon="18.08205333"><ele>11.0</ele><time>2026-06-03T09:18:22.069Z</time></trkpt><trkpt lat="59.35016833" lon="18.08209333"><ele>11.0</ele><time>2026-06-03T09:18:23.069Z</time></trkpt><trkpt lat="59.35019" lon="18.082135"><ele>11.0</ele><time>2026-06-03T09:18:24.069Z</time></trkpt><trkpt lat="59.35021167" lon="18.08217833"><ele>11.0</ele><time>2026-06-03T09:18:25.069Z</time></trkpt><trkpt lat="59.35023" lon="18.082225"><ele>11.0</ele><time>2026-06-03T09:18:26.069Z</time></trkpt><trkpt lat="59.35024833" lon="18.082265"><ele>11.0</ele><time>2026-06-03T09:18:27.069Z</time></trkpt><trkpt lat="59.350265" lon="18.08231"><ele>11.0</ele><time>2026-06-03T09:18:28.068Z</time></trkpt><trkpt lat="59.35028167" lon="18.08235167"><ele>11.0</ele><time>2026-06-03T09:18:29.069Z</time></trkpt><trkpt lat="59.35029833" lon="18.08239833"><ele>11.0</ele><time>2026-06-03T09:18:30.069Z</time></trkpt><trkpt lat="59.35031167" lon="18.08244167"><ele>11.0</ele><time>2026-06-03T09:18:31.069Z</time></trkpt><trkpt lat="59.35033" lon="18.08248667"><ele>11.0</ele><time>2026-06-03T09:18:32.069Z</time></trkpt><trkpt lat="59.35034833" lon="18.08253667"><ele>11.0</ele><time>2026-06-03T09:18:33.069Z</time></trkpt><trkpt lat="59.350365" lon="18.08258833"><ele>11.0</ele><time>2026-06-03T09:18:34.069Z</time></trkpt><trkpt lat="59.35038333" lon="18.08263333"><ele>11.0</ele><time>2026-06-03T09:18:35.069Z</time></trkpt><trkpt lat="59.35040333" lon="18.08267667"><ele>11.0</ele><time>2026-06-03T09:18:36.069Z</time></trkpt><trkpt lat="59.35042667" lon="18.082755"><ele>11.0</ele><time>2026-06-03T09:18:37.069Z</time></trkpt><trkpt lat="59.35042667" lon="18.082755"><ele>11.0</ele><time>2026-06-03T09:18:38.069Z</time></trkpt><trkpt lat="59.35044333" lon="18.08278833"><ele>11.0</ele><time>2026-06-03T09:18:39.069Z</time></trkpt><trkpt lat="59.35046" lon="18.08282667"><ele>11.0</ele><time>2026-06-03T09:18:40.068Z</time></trkpt><trkpt lat="59.35047667" lon="18.08287167"><ele>11.0</ele><time>2026-06-03T09:18:41.069Z</time></trkpt><trkpt lat="59.35049167" lon="18.08291667"><ele>11.0</ele><time>2026-06-03T09:18:42.069Z</time></trkpt><trkpt lat="59.35051" lon="18.08295833"><ele>11.0</ele><time>2026-06-03T09:18:43.069Z</time></trkpt><trkpt lat="59.350525" lon="18.08300333"><ele>11.0</ele><time>2026-06-03T09:18:44.069Z</time></trkpt><trkpt lat="59.35054167" lon="18.08305333"><ele>11.0</ele><time>2026-06-03T09:18:45.069Z</time></trkpt><trkpt lat="59.35055667" lon="18.08309833"><ele>11.0</ele><time>2026-06-03T09:18:46.069Z</time></trkpt><trkpt lat="59.35057333" lon="18.083145"><ele>11.0</ele><time>2026-06-03T09:18:47.069Z</time></trkpt><trkpt lat="59.35059167" lon="18.08319"><ele>11.0</ele><time>2026-06-03T09:18:48.069Z</time></trkpt><trkpt lat="59.35061" lon="18.08323667"><ele>11.0</ele><time>2026-06-03T09:18:49.069Z</time></trkpt><trkpt lat="59.35063167" lon="18.08328167"><ele>10.0</ele><time>2026-06-03T09:18:50.069Z</time></trkpt><trkpt lat="59.35065333" lon="18.08332333"><ele>10.0</ele><time>2026-06-03T09:18:51.069Z</time></trkpt><trkpt lat="59.350675" lon="18.083365"><ele>10.0</ele><time>2026-06-03T09:18:52.069Z</time></trkpt><trkpt lat="59.350695" lon="18.08341167"><ele>10.0</ele><time>2026-06-03T09:18:53.069Z</time></trkpt><trkpt lat="59.35071333" lon="18.08345667"><ele>10.0</ele><time>2026-06-03T09:18:54.069Z</time></trkpt><trkpt lat="59.35073667" lon="18.08349667"><ele>10.0</ele><time>2026-06-03T09:18:55.069Z</time></trkpt><trkpt lat="59.35075667" lon="18.08353833"><ele>10.0</ele><time>2026-06-03T09:18:56.069Z</time></trkpt><trkpt lat="59.35077667" lon="18.08357667"><ele>10.0</ele><time>2026-06-03T09:18:57.069Z</time></trkpt><trkpt lat="59.35080167" lon="18.08361167"><ele>10.0</ele><time>2026-06-03T09:18:58.069Z</time></trkpt><trkpt lat="59.35083" lon="18.08364167"><ele>10.0</ele><time>2026-06-03T09:18:59.069Z</time></trkpt><trkpt lat="59.35086" lon="18.08367"><ele>10.0</ele><time>2026-06-03T09:19:00.069Z</time></trkpt><trkpt lat="59.35088667" lon="18.0837"><ele>10.0</ele><time>2026-06-03T09:19:01.069Z</time></trkpt><trkpt lat="59.35091167" lon="18.08373167"><ele>10.0</ele><time>2026-06-03T09:19:02.069Z</time></trkpt><trkpt lat="59.35094167" lon="18.08375833"><ele>10.0</ele><time>2026-06-03T09:19:03.069Z</time></trkpt><trkpt lat="59.35096833" lon="18.08377667"><ele>10.0</ele><time>2026-06-03T09:19:04.069Z</time></trkpt><trkpt lat="59.35099833" lon="18.08379833"><ele>10.0</ele><time>2026-06-03T09:19:05.069Z</time></trkpt><trkpt lat="59.35103" lon="18.08381667"><ele>10.0</ele><time>2026-06-03T09:19:06.069Z</time></trkpt><trkpt lat="59.35105833" lon="18.08383"><ele>9.0</ele><time>2026-06-03T09:19:07.069Z</time></trkpt><trkpt lat="59.35108833" lon="18.083845"><ele>9.0</ele><time>2026-06-03T09:19:08.069Z</time></trkpt><trkpt lat="59.35112" lon="18.08385333"><ele>9.0</ele><time>2026-06-03T09:19:09.069Z</time></trkpt><trkpt lat="59.35115167" lon="18.08386667"><ele>9.0</ele><time>2026-06-03T09:19:10.069Z</time></trkpt><trkpt lat="59.35118167" lon="18.083875"><ele>9.0</ele><time>2026-06-03T09:19:11.069Z</time></trkpt><trkpt lat="59.35121" lon="18.08389"><ele>9.0</ele><time>2026-06-03T09:19:12.069Z</time></trkpt><trkpt lat="59.35124167" lon="18.083905"><ele>9.0</ele><time>2026-06-03T09:19:13.069Z</time></trkpt><trkpt lat="59.35127333" lon="18.08392"><ele>9.0</ele><time>2026-06-03T09:19:14.069Z</time></trkpt><trkpt lat="59.35130333" lon="18.08394"><ele>9.0</ele><time>2026-06-03T09:19:15.069Z</time></trkpt><trkpt lat="59.351335" lon="18.08395667"><ele>9.0</ele><time>2026-06-03T09:19:16.069Z</time></trkpt><trkpt lat="59.35136667" lon="18.08396833"><ele>9.0</ele><time>2026-06-03T09:19:17.069Z</time></trkpt><trkpt lat="59.3514" lon="18.08398"><ele>9.0</ele><time>2026-06-03T09:19:18.069Z</time></trkpt><trkpt lat="59.35143" lon="18.08398667"><ele>9.0</ele><time>2026-06-03T09:19:19.069Z</time></trkpt><trkpt lat="59.35146" lon="18.08399833"><ele>9.0</ele><time>2026-06-03T09:19:20.069Z</time></trkpt><trkpt lat="59.35148833" lon="18.08400667"><ele>9.0</ele><time>2026-06-03T09:19:21.069Z</time></trkpt><trkpt lat="59.35151833" lon="18.084015"><ele>9.0</ele><time>2026-06-03T09:19:22.069Z</time></trkpt><trkpt lat="59.35154667" lon="18.08402167"><ele>9.0</ele><time>2026-06-03T09:19:23.069Z</time></trkpt><trkpt lat="59.35157833" lon="18.08402833"><ele>9.0</ele><time>2026-06-03T09:19:24.069Z</time></trkpt><trkpt lat="59.35160667" lon="18.08404333"><ele>9.0</ele><time>2026-06-03T09:19:25.069Z</time></trkpt><trkpt lat="59.35163333" lon="18.08405667"><ele>9.0</ele><time>2026-06-03T09:19:26.068Z</time></trkpt><trkpt lat="59.35166667" lon="18.08406833"><ele>9.0</ele><time>2026-06-03T09:19:27.069Z</time></trkpt><trkpt lat="59.35169833" lon="18.08408"><ele>9.0</ele><time>2026-06-03T09:19:28.069Z</time></trkpt><trkpt lat="59.35172667" lon="18.08409167"><ele>9.0</ele><time>2026-06-03T09:19:29.069Z</time></trkpt><trkpt lat="59.35175667" lon="18.08411"><ele>9.0</ele><time>2026-06-03T09:19:30.068Z</time></trkpt><trkpt lat="59.35178833" lon="18.08412"><ele>9.0</ele><time>2026-06-03T09:19:31.069Z</time></trkpt><trkpt lat="59.35181833" lon="18.08413667"><ele>9.0</ele><time>2026-06-03T09:19:32.069Z</time></trkpt><trkpt lat="59.35184667" lon="18.08414667"><ele>9.0</ele><time>2026-06-03T09:19:33.069Z</time></trkpt><trkpt lat="59.35187833" lon="18.08415"><ele>9.0</ele><time>2026-06-03T09:19:34.069Z</time></trkpt><trkpt lat="59.351905" lon="18.08416"><ele>9.0</ele><time>2026-06-03T09:19:35.069Z</time></trkpt><trkpt lat="59.35193333" lon="18.08417167"><ele>9.0</ele><time>2026-06-03T09:19:36.069Z</time></trkpt><trkpt lat="59.351955" lon="18.08419167"><ele>9.0</ele><time>2026-06-03T09:19:37.068Z</time></trkpt><trkpt lat="59.35198167" lon="18.08421333"><ele>9.0</ele><time>2026-06-03T09:19:38.069Z</time></trkpt><trkpt lat="59.35201333" lon="18.08423667"><ele>9.0</ele><time>2026-06-03T09:19:39.069Z</time></trkpt><trkpt lat="59.35204167" lon="18.084255"><ele>9.0</ele><time>2026-06-03T09:19:40.069Z</time></trkpt><trkpt lat="59.35207333" lon="18.08427167"><ele>9.0</ele><time>2026-06-03T09:19:41.068Z</time></trkpt><trkpt lat="59.35210667" lon="18.08428333"><ele>9.0</ele><time>2026-06-03T09:19:42.069Z</time></trkpt><trkpt lat="59.35213667" lon="18.0843"><ele>9.0</ele><time>2026-06-03T09:19:43.069Z</time></trkpt><trkpt lat="59.35216667" lon="18.08431167"><ele>9.0</ele><time>2026-06-03T09:19:44.068Z</time></trkpt><trkpt lat="59.3522" lon="18.084325"><ele>9.0</ele><time>2026-06-03T09:19:45.069Z</time></trkpt><trkpt lat="59.35223167" lon="18.08434333"><ele>9.0</ele><time>2026-06-03T09:19:46.069Z</time></trkpt><trkpt lat="59.35226333" lon="18.084355"><ele>9.0</ele><time>2026-06-03T09:19:47.069Z</time></trkpt><trkpt lat="59.35229333" lon="18.08437167"><ele>9.0</ele><time>2026-06-03T09:19:48.069Z</time></trkpt><trkpt lat="59.35232333" lon="18.08438833"><ele>9.0</ele><time>2026-06-03T09:19:49.069Z</time></trkpt><trkpt lat="59.35235167" lon="18.08441167"><ele>9.0</ele><time>2026-06-03T09:19:50.069Z</time></trkpt><trkpt lat="59.35238333" lon="18.08443333"><ele>9.0</ele><time>2026-06-03T09:19:51.068Z</time></trkpt><trkpt lat="59.35241" lon="18.08445333"><ele>9.0</ele><time>2026-06-03T09:19:52.069Z</time></trkpt><trkpt lat="59.352435" lon="18.08447667"><ele>9.0</ele><time>2026-06-03T09:19:53.069Z</time></trkpt><trkpt lat="59.35245667" lon="18.08450333"><ele>9.0</ele><time>2026-06-03T09:19:54.069Z</time></trkpt><trkpt lat="59.35248333" lon="18.08452833"><ele>9.0</ele><time>2026-06-03T09:19:55.069Z</time></trkpt><trkpt lat="59.35251167" lon="18.08454833"><ele>9.0</ele><time>2026-06-03T09:19:56.069Z</time></trkpt><trkpt lat="59.35253833" lon="18.08456833"><ele>9.0</ele><time>2026-06-03T09:19:57.069Z</time></trkpt><trkpt lat="59.35256667" lon="18.08458833"><ele>9.0</ele><time>2026-06-03T09:19:58.069Z</time></trkpt><trkpt lat="59.35259167" lon="18.08460333"><ele>9.0</ele><time>2026-06-03T09:19:59.069Z</time></trkpt><trkpt lat="59.35262" lon="18.08462333"><ele>9.0</ele><time>2026-06-03T09:20:00.069Z</time></trkpt><trkpt lat="59.35264833" lon="18.08464333"><ele>9.0</ele><time>2026-06-03T09:20:01.069Z</time></trkpt><trkpt lat="59.35267333" lon="18.08466667"><ele>9.0</ele><time>2026-06-03T09:20:02.069Z</time></trkpt><trkpt lat="59.35270167" lon="18.084695"><ele>9.0</ele><time>2026-06-03T09:20:03.069Z</time></trkpt><trkpt lat="59.35273" lon="18.08471833"><ele>9.0</ele><time>2026-06-03T09:20:04.069Z</time></trkpt><trkpt lat="59.35275667" lon="18.08474833"><ele>9.0</ele><time>2026-06-03T09:20:05.069Z</time></trkpt><trkpt lat="59.35278833" lon="18.08477833"><ele>9.0</ele><time>2026-06-03T09:20:06.069Z</time></trkpt><trkpt lat="59.35281667" lon="18.084815"><ele>9.0</ele><time>2026-06-03T09:20:07.069Z</time></trkpt><trkpt lat="59.35284167" lon="18.08485"><ele>9.0</ele><time>2026-06-03T09:20:08.069Z</time></trkpt><trkpt lat="59.35286667" lon="18.08489"><ele>9.0</ele><time>2026-06-03T09:20:09.069Z</time></trkpt><trkpt lat="59.35289" lon="18.08493667"><ele>9.0</ele><time>2026-06-03T09:20:10.068Z</time></trkpt><trkpt lat="59.352915" lon="18.084975"><ele>8.0</ele><time>2026-06-03T09:20:11.069Z</time></trkpt><trkpt lat="59.35293833" lon="18.08501667"><ele>8.0</ele><time>2026-06-03T09:20:12.069Z</time></trkpt><trkpt lat="59.35296333" lon="18.08505167"><ele>8.0</ele><time>2026-06-03T09:20:13.069Z</time></trkpt><trkpt lat="59.352985" lon="18.08508667"><ele>8.0</ele><time>2026-06-03T09:20:14.069Z</time></trkpt><trkpt lat="59.35301" lon="18.08511167"><ele>8.0</ele><time>2026-06-03T09:20:15.069Z</time></trkpt><trkpt lat="59.35303167" lon="18.08513667"><ele>8.0</ele><time>2026-06-03T09:20:16.069Z</time></trkpt><trkpt lat="59.35305333" lon="18.08516167"><ele>8.0</ele><time>2026-06-03T09:20:17.069Z</time></trkpt><trkpt lat="59.35307667" lon="18.08519667"><ele>8.0</ele><time>2026-06-03T09:20:18.069Z</time></trkpt><trkpt lat="59.35310167" lon="18.08521667"><ele>8.0</ele><time>2026-06-03T09:20:19.069Z</time></trkpt><trkpt lat="59.353125" lon="18.08523667"><ele>8.0</ele><time>2026-06-03T09:20:20.069Z</time></trkpt><trkpt lat="59.35314667" lon="18.08526"><ele>8.0</ele><time>2026-06-03T09:20:21.069Z</time></trkpt><trkpt lat="59.35317" lon="18.08528"><ele>8.0</ele><time>2026-06-03T09:20:22.069Z</time></trkpt><trkpt lat="59.35319167" lon="18.085305"><ele>8.0</ele><time>2026-06-03T09:20:23.069Z</time></trkpt><trkpt lat="59.35321833" lon="18.08532667"><ele>8.0</ele><time>2026-06-03T09:20:24.069Z</time></trkpt><trkpt lat="59.35324667" lon="18.085345"><ele>8.0</ele><time>2026-06-03T09:20:25.069Z</time></trkpt><trkpt lat="59.353275" lon="18.08536333"><ele>8.0</ele><time>2026-06-03T09:20:26.069Z</time></trkpt><trkpt lat="59.35330333" lon="18.085375"><ele>8.0</ele><time>2026-06-03T09:20:27.069Z</time></trkpt><trkpt lat="59.35333167" lon="18.08538"><ele>8.0</ele><time>2026-06-03T09:20:28.069Z</time></trkpt><trkpt lat="59.35335667" lon="18.08539167"><ele>8.0</ele><time>2026-06-03T09:20:29.068Z</time></trkpt><trkpt lat="59.35338167" lon="18.0854"><ele>8.0</ele><time>2026-06-03T09:20:30.069Z</time></trkpt><trkpt lat="59.35341" lon="18.08541"><ele>8.0</ele><time>2026-06-03T09:20:31.069Z</time></trkpt><trkpt lat="59.353435" lon="18.08542333"><ele>8.0</ele><time>2026-06-03T09:20:32.069Z</time></trkpt><trkpt lat="59.35346" lon="18.08544"><ele>8.0</ele><time>2026-06-03T09:20:33.069Z</time></trkpt><trkpt lat="59.35349" lon="18.08545"><ele>8.0</ele><time>2026-06-03T09:20:34.069Z</time></trkpt><trkpt lat="59.35351667" lon="18.08546167"><ele>8.0</ele><time>2026-06-03T09:20:35.069Z</time></trkpt><trkpt lat="59.35354167" lon="18.08546167"><ele>8.0</ele><time>2026-06-03T09:20:36.069Z</time></trkpt><trkpt lat="59.35357167" lon="18.08546333"><ele>8.0</ele><time>2026-06-03T09:20:37.068Z</time></trkpt><trkpt lat="59.35359833" lon="18.08547"><ele>8.0</ele><time>2026-06-03T09:20:38.069Z</time></trkpt><trkpt lat="59.353625" lon="18.08547333"><ele>8.0</ele><time>2026-06-03T09:20:39.068Z</time></trkpt><trkpt lat="59.35365" lon="18.08547833"><ele>8.0</ele><time>2026-06-03T09:20:40.069Z</time></trkpt><trkpt lat="59.35367833" lon="18.08547833"><ele>8.0</ele><time>2026-06-03T09:20:41.069Z</time></trkpt><trkpt lat="59.35370833" lon="18.08547833"><ele>8.0</ele><time>2026-06-03T09:20:42.069Z</time></trkpt><trkpt lat="59.35373833" lon="18.08547833"><ele>8.0</ele><time>2026-06-03T09:20:43.069Z</time></trkpt><trkpt lat="59.35377" lon="18.08547333"><ele>8.0</ele><time>2026-06-03T09:20:44.069Z</time></trkpt><trkpt lat="59.35379667" lon="18.08547"><ele>8.0</ele><time>2026-06-03T09:20:45.069Z</time></trkpt><trkpt lat="59.35382333" lon="18.08546833"><ele>8.0</ele><time>2026-06-03T09:20:46.069Z</time></trkpt><trkpt lat="59.35384833" lon="18.08547"><ele>8.0</ele><time>2026-06-03T09:20:47.069Z</time></trkpt><trkpt lat="59.35387333" lon="18.08547333"><ele>8.0</ele><time>2026-06-03T09:20:48.069Z</time></trkpt><trkpt lat="59.3539" lon="18.08547167"><ele>8.0</ele><time>2026-06-03T09:20:49.069Z</time></trkpt><trkpt lat="59.35392333" lon="18.085465"><ele>8.0</ele><time>2026-06-03T09:20:50.069Z</time></trkpt><trkpt lat="59.35395" lon="18.08545167"><ele>8.0</ele><time>2026-06-03T09:20:51.069Z</time></trkpt><trkpt lat="59.35397333" lon="18.08544167"><ele>8.0</ele><time>2026-06-03T09:20:52.069Z</time></trkpt><trkpt lat="59.35400167" lon="18.08543"><ele>8.0</ele><time>2026-06-03T09:20:53.068Z</time></trkpt><trkpt lat="59.35403667" lon="18.085415"><ele>8.0</ele><time>2026-06-03T09:20:54.068Z</time></trkpt><trkpt lat="59.35407" lon="18.08539833"><ele>8.0</ele><time>2026-06-03T09:20:55.069Z</time></trkpt><trkpt lat="59.354105" lon="18.08538667"><ele>8.0</ele><time>2026-06-03T09:20:56.069Z</time></trkpt><trkpt lat="59.35413333" lon="18.08537833"><ele>8.0</ele><time>2026-06-03T09:20:57.069Z</time></trkpt><trkpt lat="59.354165" lon="18.08537333"><ele>8.0</ele><time>2026-06-03T09:20:58.069Z</time></trkpt><trkpt lat="59.35419333" lon="18.085365"><ele>8.0</ele><time>2026-06-03T09:20:59.069Z</time></trkpt><trkpt lat="59.35422167" lon="18.08535333"><ele>8.0</ele><time>2026-06-03T09:21:00.069Z</time></trkpt><trkpt lat="59.35424833" lon="18.08533333"><ele>8.0</ele><time>2026-06-03T09:21:01.069Z</time></trkpt><trkpt lat="59.354275" lon="18.08531167"><ele>8.0</ele><time>2026-06-03T09:21:02.069Z</time></trkpt><trkpt lat="59.35429833" lon="18.08530167"><ele>8.0</ele><time>2026-06-03T09:21:03.069Z</time></trkpt><trkpt lat="59.35432167" lon="18.08530167"><ele>8.0</ele><time>2026-06-03T09:21:04.069Z</time></trkpt><trkpt lat="59.354345" lon="18.08530167"><ele>8.0</ele><time>2026-06-03T09:21:05.069Z</time></trkpt><trkpt lat="59.35436333" lon="18.08530167"><ele>8.0</ele><time>2026-06-03T09:21:06.069Z</time></trkpt><trkpt lat="59.354385" lon="18.085295"><ele>8.0</ele><time>2026-06-03T09:21:07.069Z</time></trkpt><trkpt lat="59.35440667" lon="18.085275"><ele>8.0</ele><time>2026-06-03T09:21:08.069Z</time></trkpt><trkpt lat="59.35442667" lon="18.08527"><ele>8.0</ele><time>2026-06-03T09:21:09.069Z</time></trkpt><trkpt lat="59.35444833" lon="18.08527333"><ele>8.0</ele><time>2026-06-03T09:21:10.069Z</time></trkpt><trkpt lat="59.35447333" lon="18.085255"><ele>8.0</ele><time>2026-06-03T09:21:11.069Z</time></trkpt><trkpt lat="59.35450333" lon="18.08524833"><ele>8.0</ele><time>2026-06-03T09:21:12.069Z</time></trkpt><trkpt lat="59.35452833" lon="18.08524667"><ele>8.0</ele><time>2026-06-03T09:21:13.069Z</time></trkpt><trkpt lat="59.354555" lon="18.08524833"><ele>8.0</ele><time>2026-06-03T09:21:14.069Z</time></trkpt><trkpt lat="59.35458" lon="18.08525167"><ele>8.0</ele><time>2026-06-03T09:21:15.069Z</time></trkpt><trkpt lat="59.35460667" lon="18.08525167"><ele>8.0</ele><time>2026-06-03T09:21:16.069Z</time></trkpt><trkpt lat="59.35463333" lon="18.08525333"><ele>7.0</ele><time>2026-06-03T09:21:17.069Z</time></trkpt><trkpt lat="59.35466167" lon="18.08525333"><ele>7.0</ele><time>2026-06-03T09:21:18.069Z</time></trkpt><trkpt lat="59.35469167" lon="18.08525667"><ele>7.0</ele><time>2026-06-03T09:21:19.069Z</time></trkpt><trkpt lat="59.35472" lon="18.085255"><ele>7.0</ele><time>2026-06-03T09:21:20.069Z</time></trkpt><trkpt lat="59.35474667" lon="18.08525833"><ele>7.0</ele><time>2026-06-03T09:21:21.069Z</time></trkpt><trkpt lat="59.354775" lon="18.08526333"><ele>7.0</ele><time>2026-06-03T09:21:22.069Z</time></trkpt><trkpt lat="59.3548" lon="18.08527667"><ele>7.0</ele><time>2026-06-03T09:21:23.069Z</time></trkpt><trkpt lat="59.35482833" lon="18.08528833"><ele>7.0</ele><time>2026-06-03T09:21:24.068Z</time></trkpt><trkpt lat="59.35485833" lon="18.08530333"><ele>7.0</ele><time>2026-06-03T09:21:25.068Z</time></trkpt><trkpt lat="59.35488833" lon="18.085315"><ele>7.0</ele><time>2026-06-03T09:21:26.069Z</time></trkpt><trkpt lat="59.35491667" lon="18.08532167"><ele>7.0</ele><time>2026-06-03T09:21:27.069Z</time></trkpt><trkpt lat="59.35494333" lon="18.08533667"><ele>7.0</ele><time>2026-06-03T09:21:28.069Z</time></trkpt><trkpt lat="59.35497667" lon="18.08535"><ele>7.0</ele><time>2026-06-03T09:21:29.069Z</time></trkpt><trkpt lat="59.35501" lon="18.08536167"><ele>7.0</ele><time>2026-06-03T09:21:30.069Z</time></trkpt><trkpt lat="59.355035" lon="18.08537167"><ele>7.0</ele><time>2026-06-03T09:21:31.069Z</time></trkpt><trkpt lat="59.35506333" lon="18.08537167"><ele>7.0</ele><time>2026-06-03T09:21:32.068Z</time></trkpt><trkpt lat="59.355095" lon="18.08537333"><ele>6.0</ele><time>2026-06-03T09:21:33.068Z</time></trkpt><trkpt lat="59.35512333" lon="18.08537"><ele>6.0</ele><time>2026-06-03T09:21:34.069Z</time></trkpt><trkpt lat="59.35515" lon="18.08535833"><ele>6.0</ele><time>2026-06-03T09:21:35.068Z</time></trkpt><trkpt lat="59.355175" lon="18.08534167"><ele>6.0</ele><time>2026-06-03T09:21:36.068Z</time></trkpt><trkpt lat="59.3552" lon="18.08533"><ele>6.0</ele><time>2026-06-03T09:21:37.069Z</time></trkpt><trkpt lat="59.355225" lon="18.08531333"><ele>6.0</ele><time>2026-06-03T09:21:38.069Z</time></trkpt><trkpt lat="59.35525167" lon="18.08528667"><ele>6.0</ele><time>2026-06-03T09:21:39.068Z</time></trkpt><trkpt lat="59.35527667" lon="18.08525833"><ele>6.0</ele><time>2026-06-03T09:21:40.069Z</time></trkpt><trkpt lat="59.35530167" lon="18.08521833"><ele>6.0</ele><time>2026-06-03T09:21:41.069Z</time></trkpt><trkpt lat="59.355325" lon="18.08518167"><ele>6.0</ele><time>2026-06-03T09:21:42.068Z</time></trkpt><trkpt lat="59.35534833" lon="18.085145"><ele>6.0</ele><time>2026-06-03T09:21:43.069Z</time></trkpt><trkpt lat="59.355375" lon="18.08510667"><ele>6.0</ele><time>2026-06-03T09:21:44.069Z</time></trkpt><trkpt lat="59.35539833" lon="18.08506333"><ele>6.0</ele><time>2026-06-03T09:21:45.068Z</time></trkpt><trkpt lat="59.35542" lon="18.08501333"><ele>5.0</ele><time>2026-06-03T09:21:46.068Z</time></trkpt><trkpt lat="59.35543833" lon="18.08496833"><ele>5.0</ele><time>2026-06-03T09:21:47.069Z</time></trkpt><trkpt lat="59.35545667" lon="18.08492"><ele>5.0</ele><time>2026-06-03T09:21:48.068Z</time></trkpt><trkpt lat="59.35547333" lon="18.084865"><ele>5.0</ele><time>2026-06-03T09:21:49.069Z</time></trkpt><trkpt lat="59.35549333" lon="18.084815"><ele>5.0</ele><time>2026-06-03T09:21:50.069Z</time></trkpt><trkpt lat="59.355515" lon="18.08476833"><ele>5.0</ele><time>2026-06-03T09:21:51.068Z</time></trkpt><trkpt lat="59.35553667" lon="18.08472833"><ele>5.0</ele><time>2026-06-03T09:21:52.069Z</time></trkpt><trkpt lat="59.35556" lon="18.084705"><ele>5.0</ele><time>2026-06-03T09:21:53.068Z</time></trkpt><trkpt lat="59.35558667" lon="18.08469333"><ele>5.0</ele><time>2026-06-03T09:21:54.068Z</time></trkpt><trkpt lat="59.35561667" lon="18.084695"><ele>5.0</ele><time>2026-06-03T09:21:55.069Z</time></trkpt><trkpt lat="59.35565167" lon="18.08469833"><ele>5.0</ele><time>2026-06-03T09:21:56.069Z</time></trkpt><trkpt lat="59.35568333" lon="18.084705"><ele>4.0</ele><time>2026-06-03T09:21:57.068Z</time></trkpt><trkpt lat="59.35571667" lon="18.08471667"><ele>4.0</ele><time>2026-06-03T09:21:58.069Z</time></trkpt><trkpt lat="59.35575" lon="18.08472167"><ele>4.0</ele><time>2026-06-03T09:21:59.069Z</time></trkpt><trkpt lat="59.35578333" lon="18.084725"><ele>4.0</ele><time>2026-06-03T09:22:00.068Z</time></trkpt><trkpt lat="59.35581167" lon="18.08473333"><ele>4.0</ele><time>2026-06-03T09:22:01.069Z</time></trkpt><trkpt lat="59.35584" lon="18.08473833"><ele>4.0</ele><time>2026-06-03T09:22:02.069Z</time></trkpt><trkpt lat="59.35587167" lon="18.08474"><ele>4.0</ele><time>2026-06-03T09:22:03.068Z</time></trkpt><trkpt lat="59.355905" lon="18.08473833"><ele>4.0</ele><time>2026-06-03T09:22:04.069Z</time></trkpt><trkpt lat="59.35594" lon="18.08474167"><ele>4.0</ele><time>2026-06-03T09:22:05.069Z</time></trkpt><trkpt lat="59.35596833" lon="18.08473333"><ele>4.0</ele><time>2026-06-03T09:22:06.068Z</time></trkpt><trkpt lat="59.35599833" lon="18.08472"><ele>3.0</ele><time>2026-06-03T09:22:07.068Z</time></trkpt><trkpt lat="59.35602833" lon="18.08470167"><ele>3.0</ele><time>2026-06-03T09:22:08.069Z</time></trkpt><trkpt lat="59.35605667" lon="18.08468167"><ele>3.0</ele><time>2026-06-03T09:22:09.068Z</time></trkpt><trkpt lat="59.35608333" lon="18.08466"><ele>3.0</ele><time>2026-06-03T09:22:10.069Z</time></trkpt><trkpt lat="59.35610667" lon="18.08464"><ele>3.0</ele><time>2026-06-03T09:22:11.069Z</time></trkpt><trkpt lat="59.356135" lon="18.08461167"><ele>3.0</ele><time>2026-06-03T09:22:12.068Z</time></trkpt><trkpt lat="59.356165" lon="18.08457833"><ele>3.0</ele><time>2026-06-03T09:22:13.069Z</time></trkpt><trkpt lat="59.35618833" lon="18.08453667"><ele>3.0</ele><time>2026-06-03T09:22:14.069Z</time></trkpt><trkpt lat="59.35621167" lon="18.08449833"><ele>3.0</ele><time>2026-06-03T09:22:15.068Z</time></trkpt><trkpt lat="59.35623" lon="18.08445833"><ele>3.0</ele><time>2026-06-03T09:22:16.069Z</time></trkpt><trkpt lat="59.35625" lon="18.08440667"><ele>3.0</ele><time>2026-06-03T09:22:17.069Z</time></trkpt><trkpt lat="59.35627" lon="18.08436167"><ele>3.0</ele><time>2026-06-03T09:22:18.068Z</time></trkpt><trkpt lat="59.35628667" lon="18.08432167"><ele>3.0</ele><time>2026-06-03T09:22:19.069Z</time></trkpt><trkpt lat="59.35630667" lon="18.08428667"><ele>3.0</ele><time>2026-06-03T09:22:20.069Z</time></trkpt><trkpt lat="59.35632667" lon="18.08425333"><ele>3.0</ele><time>2026-06-03T09:22:21.068Z</time></trkpt><trkpt lat="59.35635167" lon="18.08421833"><ele>3.0</ele><time>2026-06-03T09:22:22.069Z</time></trkpt><trkpt lat="59.356375" lon="18.08417167"><ele>3.0</ele><time>2026-06-03T09:22:23.069Z</time></trkpt><trkpt lat="59.3564" lon="18.08412667"><ele>3.0</ele><time>2026-06-03T09:22:24.068Z</time></trkpt><trkpt lat="59.35642" lon="18.08408"><ele>3.0</ele><time>2026-06-03T09:22:25.069Z</time></trkpt><trkpt lat="59.35644167" lon="18.08403667"><ele>3.0</ele><time>2026-06-03T09:22:26.069Z</time></trkpt><trkpt lat="59.35646167" lon="18.083995"><ele>3.0</ele><time>2026-06-03T09:22:27.068Z</time></trkpt><trkpt lat="59.356475" lon="18.08395833"><ele>3.0</ele><time>2026-06-03T09:22:28.069Z</time></trkpt><trkpt lat="59.35649167" lon="18.08392167"><ele>3.0</ele><time>2026-06-03T09:22:29.069Z</time></trkpt><trkpt lat="59.35650833" lon="18.08388833"><ele>3.0</ele><time>2026-06-03T09:22:30.068Z</time></trkpt><trkpt lat="59.356525" lon="18.08385167"><ele>3.0</ele><time>2026-06-03T09:22:31.069Z</time></trkpt><trkpt lat="59.35654167" lon="18.08381167"><ele>3.0</ele><time>2026-06-03T09:22:32.069Z</time></trkpt><trkpt lat="59.35655667" lon="18.08377333"><ele>3.0</ele><time>2026-06-03T09:22:33.068Z</time></trkpt><trkpt lat="59.35657667" lon="18.08373333"><ele>2.0</ele><time>2026-06-03T09:22:34.069Z</time></trkpt><trkpt lat="59.35659667" lon="18.08369167"><ele>2.0</ele><time>2026-06-03T09:22:35.069Z</time></trkpt><trkpt lat="59.35661333" lon="18.083645"><ele>2.0</ele><time>2026-06-03T09:22:36.068Z</time></trkpt><trkpt lat="59.35663667" lon="18.0836"><ele>2.0</ele><time>2026-06-03T09:22:37.069Z</time></trkpt><trkpt lat="59.35665667" lon="18.08355333"><ele>2.0</ele><time>2026-06-03T09:22:38.068Z</time></trkpt><trkpt lat="59.35667833" lon="18.08351"><ele>2.0</ele><time>2026-06-03T09:22:39.068Z</time></trkpt><trkpt lat="59.35669833" lon="18.08347"><ele>2.0</ele><time>2026-06-03T09:22:40.069Z</time></trkpt><trkpt lat="59.35671833" lon="18.08342667"><ele>2.0</ele><time>2026-06-03T09:22:41.069Z</time></trkpt><trkpt lat="59.35673667" lon="18.08338"><ele>2.0</ele><time>2026-06-03T09:22:42.070Z</time></trkpt><trkpt lat="59.35674667" lon="18.08333"><ele>2.0</ele><time>2026-06-03T09:22:43.069Z</time></trkpt><trkpt lat="59.35675833" lon="18.08327333"><ele>2.0</ele><time>2026-06-03T09:22:44.069Z</time></trkpt><trkpt lat="59.35677333" lon="18.08322167"><ele>1.0</ele><time>2026-06-03T09:22:45.069Z</time></trkpt><trkpt lat="59.35679" lon="18.08317"><ele>1.0</ele><time>2026-06-03T09:22:46.069Z</time></trkpt><trkpt lat="59.35681" lon="18.08312833"><ele>1.0</ele><time>2026-06-03T09:22:47.069Z</time></trkpt><trkpt lat="59.35683333" lon="18.08309"><ele>1.0</ele><time>2026-06-03T09:22:48.069Z</time></trkpt><trkpt lat="59.35685667" lon="18.08306667"><ele>1.0</ele><time>2026-06-03T09:22:49.069Z</time></trkpt><trkpt lat="59.356885" lon="18.083065"><ele>1.0</ele><time>2026-06-03T09:22:50.069Z</time></trkpt><trkpt lat="59.35691" lon="18.08309167"><ele>1.0</ele><time>2026-06-03T09:22:51.069Z</time></trkpt><trkpt lat="59.35693" lon="18.08314"><ele>1.0</ele><time>2026-06-03T09:22:52.069Z</time></trkpt><trkpt lat="59.35693833" lon="18.08319833"><ele>0.0</ele><time>2026-06-03T09:22:53.068Z</time></trkpt><trkpt lat="59.35695" lon="18.08325333"><ele>0.0</ele><time>2026-06-03T09:22:54.068Z</time></trkpt><trkpt lat="59.35696" lon="18.08331333"><ele>0.0</ele><time>2026-06-03T09:22:55.069Z</time></trkpt><trkpt lat="59.35697" lon="18.08337"><ele>0.0</ele><time>2026-06-03T09:22:56.069Z</time></trkpt><trkpt lat="59.35697667" lon="18.083425"><ele>0.0</ele><time>2026-06-03T09:22:57.069Z</time></trkpt><trkpt lat="59.35698333" lon="18.08347667"><ele>0.0</ele><time>2026-06-03T09:22:58.069Z</time></trkpt><trkpt lat="59.35699" lon="18.08352833"><ele>0.0</ele><time>2026-06-03T09:22:59.069Z</time></trkpt><trkpt lat="59.356995" lon="18.08358"><ele>0.0</ele><time>2026-06-03T09:23:00.068Z</time></trkpt><trkpt lat="59.35700167" lon="18.08363"><ele>0.0</ele><time>2026-06-03T09:23:01.069Z</time></trkpt><trkpt lat="59.35701167" lon="18.083685"><ele>0.0</ele><time>2026-06-03T09:23:02.069Z</time></trkpt><trkpt lat="59.35702333" lon="18.08374167"><ele>0.0</ele><time>2026-06-03T09:23:03.069Z</time></trkpt><trkpt lat="59.35703667" lon="18.08379667"><ele>0.0</ele><time>2026-06-03T09:23:04.069Z</time></trkpt><trkpt lat="59.35705" lon="18.08384833"><ele>0.0</ele><time>2026-06-03T09:23:05.069Z</time></trkpt><trkpt lat="59.35706667" lon="18.08389833"><ele>0.0</ele><time>2026-06-03T09:23:06.069Z</time></trkpt><trkpt lat="59.35708667" lon="18.083945"><ele>0.0</ele><time>2026-06-03T09:23:07.069Z</time></trkpt><trkpt lat="59.357105" lon="18.08398833"><ele>0.0</ele><time>2026-06-03T09:23:08.069Z</time></trkpt><trkpt lat="59.357125" lon="18.08404167"><ele>0.0</ele><time>2026-06-03T09:23:09.069Z</time></trkpt><trkpt lat="59.35714667" lon="18.08408667"><ele>0.0</ele><time>2026-06-03T09:23:10.069Z</time></trkpt><trkpt lat="59.35716667" lon="18.08413333"><ele>0.0</ele><time>2026-06-03T09:23:11.069Z</time></trkpt><trkpt lat="59.35718667" lon="18.084185"><ele>0.0</ele><time>2026-06-03T09:23:12.069Z</time></trkpt><trkpt lat="59.35720833" lon="18.08423167"><ele>0.0</ele><time>2026-06-03T09:23:13.069Z</time></trkpt><trkpt lat="59.35723" lon="18.084275"><ele>0.0</ele><time>2026-06-03T09:23:14.069Z</time></trkpt><trkpt lat="59.35725167" lon="18.08432"><ele>0.0</ele><time>2026-06-03T09:23:15.069Z</time></trkpt><trkpt lat="59.35727167" lon="18.08436333"><ele>0.0</ele><time>2026-06-03T09:23:16.069Z</time></trkpt><trkpt lat="59.35729333" lon="18.08441167"><ele>0.0</ele><time>2026-06-03T09:23:17.069Z</time></trkpt><trkpt lat="59.357315" lon="18.084455"><ele>0.0</ele><time>2026-06-03T09:23:18.069Z</time></trkpt><trkpt lat="59.35734" lon="18.084505"><ele>0.0</ele><time>2026-06-03T09:23:19.069Z</time></trkpt><trkpt lat="59.35736333" lon="18.08454833"><ele>0.0</ele><time>2026-06-03T09:23:20.069Z</time></trkpt><trkpt lat="59.357385" lon="18.08458333"><ele>0.0</ele><time>2026-06-03T09:23:21.069Z</time></trkpt><trkpt lat="59.35740667" lon="18.08462333"><ele>0.0</ele><time>2026-06-03T09:23:22.069Z</time></trkpt><trkpt lat="59.35742833" lon="18.084655"><ele>0.0</ele><time>2026-06-03T09:23:23.069Z</time></trkpt><trkpt lat="59.35745167" lon="18.08468833"><ele>0.0</ele><time>2026-06-03T09:23:24.068Z</time></trkpt><trkpt lat="59.357475" lon="18.08471667"><ele>0.0</ele><time>2026-06-03T09:23:25.069Z</time></trkpt><trkpt lat="59.3575" lon="18.08474667"><ele>0.0</ele><time>2026-06-03T09:23:26.069Z</time></trkpt><trkpt lat="59.35752833" lon="18.084775"><ele>0.0</ele><time>2026-06-03T09:23:27.069Z</time></trkpt><trkpt lat="59.357555" lon="18.0848"><ele>0.0</ele><time>2026-06-03T09:23:28.069Z</time></trkpt><trkpt lat="59.35758" lon="18.08482667"><ele>0.0</ele><time>2026-06-03T09:23:29.069Z</time></trkpt><trkpt lat="59.35760833" lon="18.084855"><ele>0.0</ele><time>2026-06-03T09:23:30.069Z</time></trkpt><trkpt lat="59.357635" lon="18.08488"><ele>0.0</ele><time>2026-06-03T09:23:31.069Z</time></trkpt><trkpt lat="59.357665" lon="18.084905"><ele>0.0</ele><time>2026-06-03T09:23:32.069Z</time></trkpt><trkpt lat="59.35769333" lon="18.08493333"><ele>0.0</ele><time>2026-06-03T09:23:33.069Z</time></trkpt><trkpt lat="59.35772" lon="18.08496333"><ele>0.0</ele><time>2026-06-03T09:23:34.069Z</time></trkpt><trkpt lat="59.35774667" lon="18.084995"><ele>0.0</ele><time>2026-06-03T09:23:35.068Z</time></trkpt><trkpt lat="59.35777167" lon="18.08502667"><ele>0.0</ele><time>2026-06-03T09:23:36.069Z</time></trkpt><trkpt lat="59.35779333" lon="18.08505333"><ele>0.0</ele><time>2026-06-03T09:23:37.069Z</time></trkpt><trkpt lat="59.35781833" lon="18.08509167"><ele>0.0</ele><time>2026-06-03T09:23:38.069Z</time></trkpt><trkpt lat="59.35784167" lon="18.08513167"><ele>0.0</ele><time>2026-06-03T09:23:39.069Z</time></trkpt><trkpt lat="59.35786333" lon="18.08516667"><ele>0.0</ele><time>2026-06-03T09:23:40.069Z</time></trkpt><trkpt lat="59.35788667" lon="18.08521"><ele>0.0</ele><time>2026-06-03T09:23:41.069Z</time></trkpt><trkpt lat="59.35790833" lon="18.085245"><ele>0.0</ele><time>2026-06-03T09:23:42.069Z</time></trkpt><trkpt lat="59.35793167" lon="18.08527667"><ele>0.0</ele><time>2026-06-03T09:23:43.069Z</time></trkpt><trkpt lat="59.35795667" lon="18.08530833"><ele>0.0</ele><time>2026-06-03T09:23:44.069Z</time></trkpt><trkpt lat="59.35797833" lon="18.08533667"><ele>0.0</ele><time>2026-06-03T09:23:45.069Z</time></trkpt><trkpt lat="59.35799667" lon="18.08535833"><ele>0.0</ele><time>2026-06-03T09:23:46.069Z</time></trkpt><trkpt lat="59.35801667" lon="18.08538333"><ele>0.0</ele><time>2026-06-03T09:23:47.069Z</time></trkpt><trkpt lat="59.35804" lon="18.08541333"><ele>0.0</ele><time>2026-06-03T09:23:48.068Z</time></trkpt><trkpt lat="59.35806" lon="18.085445"><ele>0.0</ele><time>2026-06-03T09:23:49.069Z</time></trkpt><trkpt lat="59.35808167" lon="18.08547167"><ele>0.0</ele><time>2026-06-03T09:23:50.069Z</time></trkpt><trkpt lat="59.358105" lon="18.0855"><ele>0.0</ele><time>2026-06-03T09:23:51.069Z</time></trkpt><trkpt lat="59.35812833" lon="18.08552667"><ele>0.0</ele><time>2026-06-03T09:23:52.069Z</time></trkpt><trkpt lat="59.358155" lon="18.08554833"><ele>0.0</ele><time>2026-06-03T09:23:53.069Z</time></trkpt><trkpt lat="59.358185" lon="18.08557667"><ele>0.0</ele><time>2026-06-03T09:23:54.068Z</time></trkpt><trkpt lat="59.35821333" lon="18.08560833"><ele>0.0</ele><time>2026-06-03T09:23:55.068Z</time></trkpt><trkpt lat="59.35824167" lon="18.08563333"><ele>0.0</ele><time>2026-06-03T09:23:56.069Z</time></trkpt><trkpt lat="59.35827167" lon="18.085655"><ele>0.0</ele><time>2026-06-03T09:23:57.069Z</time></trkpt><trkpt lat="59.35829667" lon="18.08567833"><ele>0.0</ele><time>2026-06-03T09:23:58.069Z</time></trkpt><trkpt lat="59.35832833" lon="18.08570333"><ele>0.0</ele><time>2026-06-03T09:23:59.069Z</time></trkpt><trkpt lat="59.358355" lon="18.08572667"><ele>0.0</ele><time>2026-06-03T09:24:00.069Z</time></trkpt><trkpt lat="59.358385" lon="18.08575167"><ele>0.0</ele><time>2026-06-03T09:24:01.069Z</time></trkpt><trkpt lat="59.358415" lon="18.08577167"><ele>0.0</ele><time>2026-06-03T09:24:02.068Z</time></trkpt><trkpt lat="59.35844667" lon="18.08578833"><ele>0.0</ele><time>2026-06-03T09:24:03.069Z</time></trkpt><trkpt lat="59.35847667" lon="18.08580667"><ele>0.0</ele><time>2026-06-03T09:24:04.069Z</time></trkpt><trkpt lat="59.35850333" lon="18.08582"><ele>0.0</ele><time>2026-06-03T09:24:05.069Z</time></trkpt><trkpt lat="59.35852667" lon="18.08584"><ele>0.0</ele><time>2026-06-03T09:24:06.069Z</time></trkpt><trkpt lat="59.35855333" lon="18.08586167"><ele>0.0</ele><time>2026-06-03T09:24:07.069Z</time></trkpt><trkpt lat="59.35858" lon="18.08587333"><ele>0.0</ele><time>2026-06-03T09:24:08.069Z</time></trkpt><trkpt lat="59.35860667" lon="18.08588333"><ele>0.0</ele><time>2026-06-03T09:24:09.068Z</time></trkpt><trkpt lat="59.358635" lon="18.08589833"><ele>0.0</ele><time>2026-06-03T09:24:10.069Z</time></trkpt><trkpt lat="59.35866333" lon="18.08591"><ele>0.0</ele><time>2026-06-03T09:24:11.069Z</time></trkpt><trkpt lat="59.358695" lon="18.08591667"><ele>0.0</ele><time>2026-06-03T09:24:12.069Z</time></trkpt><trkpt lat="59.358725" lon="18.08593"><ele>0.0</ele><time>2026-06-03T09:24:13.069Z</time></trkpt><trkpt lat="59.35875167" lon="18.08594333"><ele>0.0</ele><time>2026-06-03T09:24:14.069Z</time></trkpt><trkpt lat="59.35878167" lon="18.08596167"><ele>0.0</ele><time>2026-06-03T09:24:15.069Z</time></trkpt><trkpt lat="59.35880833" lon="18.085975"><ele>0.0</ele><time>2026-06-03T09:24:16.068Z</time></trkpt><trkpt lat="59.35883833" lon="18.085995"><ele>0.0</ele><time>2026-06-03T09:24:17.069Z</time></trkpt><trkpt lat="59.35886833" lon="18.08600667"><ele>0.0</ele><time>2026-06-03T09:24:18.069Z</time></trkpt><trkpt lat="59.35889833" lon="18.08602"><ele>0.0</ele><time>2026-06-03T09:24:19.069Z</time></trkpt><trkpt lat="59.35892667" lon="18.086035"><ele>0.0</ele><time>2026-06-03T09:24:20.069Z</time></trkpt><trkpt lat="59.35896" lon="18.08605"><ele>0.0</ele><time>2026-06-03T09:24:21.068Z</time></trkpt><trkpt lat="59.35898833" lon="18.08606333"><ele>0.0</ele><time>2026-06-03T09:24:22.069Z</time></trkpt><trkpt lat="59.35901667" lon="18.08608333"><ele>0.0</ele><time>2026-06-03T09:24:23.069Z</time></trkpt><trkpt lat="59.35904167" lon="18.08610167"><ele>0.0</ele><time>2026-06-03T09:24:24.069Z</time></trkpt><trkpt lat="59.35907" lon="18.08611833"><ele>0.0</ele><time>2026-06-03T09:24:25.069Z</time></trkpt><trkpt lat="59.35909833" lon="18.08613333"><ele>0.0</ele><time>2026-06-03T09:24:26.069Z</time></trkpt><trkpt lat="59.35912667" lon="18.08615333"><ele>0.0</ele><time>2026-06-03T09:24:27.069Z</time></trkpt><trkpt lat="59.359155" lon="18.086165"><ele>0.0</ele><time>2026-06-03T09:24:28.069Z</time></trkpt><trkpt lat="59.35918" lon="18.08618"><ele>0.0</ele><time>2026-06-03T09:24:29.069Z</time></trkpt><trkpt lat="59.35921" lon="18.086195"><ele>-1.0</ele><time>2026-06-03T09:24:30.069Z</time></trkpt><trkpt lat="59.35923833" lon="18.086215"><ele>-1.0</ele><time>2026-06-03T09:24:31.069Z</time></trkpt><trkpt lat="59.35926667" lon="18.08622833"><ele>-1.0</ele><time>2026-06-03T09:24:32.069Z</time></trkpt><trkpt lat="59.359295" lon="18.08625"><ele>-1.0</ele><time>2026-06-03T09:24:33.069Z</time></trkpt><trkpt lat="59.35932" lon="18.086275"><ele>-1.0</ele><time>2026-06-03T09:24:34.069Z</time></trkpt><trkpt lat="59.35934667" lon="18.0863"><ele>-1.0</ele><time>2026-06-03T09:24:35.069Z</time></trkpt><trkpt lat="59.35937333" lon="18.086325"><ele>-1.0</ele><time>2026-06-03T09:24:36.068Z</time></trkpt><trkpt lat="59.359395" lon="18.086345"><ele>-1.0</ele><time>2026-06-03T09:24:37.069Z</time></trkpt><trkpt lat="59.35940833" lon="18.08637833"><ele>-1.0</ele><time>2026-06-03T09:24:38.069Z</time></trkpt><trkpt lat="59.35941667" lon="18.08642333"><ele>0.0</ele><time>2026-06-03T09:24:39.069Z</time></trkpt><trkpt lat="59.35942333" lon="18.08647333"><ele>0.0</ele><time>2026-06-03T09:24:40.069Z</time></trkpt><trkpt lat="59.35942667" lon="18.08652"><ele>0.0</ele><time>2026-06-03T09:24:41.069Z</time></trkpt><trkpt lat="59.35943167" lon="18.08656333"><ele>0.0</ele><time>2026-06-03T09:24:42.069Z</time></trkpt><trkpt lat="59.35944333" lon="18.08661167"><ele>0.0</ele><time>2026-06-03T09:24:43.069Z</time></trkpt><trkpt lat="59.35945667" lon="18.08665833"><ele>0.0</ele><time>2026-06-03T09:24:44.069Z</time></trkpt><trkpt lat="59.35946833" lon="18.08670667"><ele>0.0</ele><time>2026-06-03T09:24:45.069Z</time></trkpt><trkpt lat="59.359485" lon="18.086755"><ele>0.0</ele><time>2026-06-03T09:24:46.069Z</time></trkpt><trkpt lat="59.3595" lon="18.08680333"><ele>0.0</ele><time>2026-06-03T09:24:47.069Z</time></trkpt><trkpt lat="59.35951167" lon="18.08684167"><ele>0.0</ele><time>2026-06-03T09:24:48.069Z</time></trkpt><trkpt lat="59.35953" lon="18.08688333"><ele>0.0</ele><time>2026-06-03T09:24:49.069Z</time></trkpt><trkpt lat="59.35954333" lon="18.08691833"><ele>0.0</ele><time>2026-06-03T09:24:50.069Z</time></trkpt><trkpt lat="59.35955833" lon="18.08695667"><ele>0.0</ele><time>2026-06-03T09:24:51.069Z</time></trkpt><trkpt lat="59.359575" lon="18.08699833"><ele>0.0</ele><time>2026-06-03T09:24:52.069Z</time></trkpt><trkpt lat="59.35958833" lon="18.087035"><ele>-1.0</ele><time>2026-06-03T09:24:53.069Z</time></trkpt><trkpt lat="59.35960167" lon="18.08707333"><ele>-1.0</ele><time>2026-06-03T09:24:54.069Z</time></trkpt><trkpt lat="59.359615" lon="18.08711167"><ele>-1.0</ele><time>2026-06-03T09:24:55.069Z</time></trkpt><trkpt lat="59.35963" lon="18.08715167"><ele>-1.0</ele><time>2026-06-03T09:24:56.069Z</time></trkpt><trkpt lat="59.35964333" lon="18.08719167"><ele>-1.0</ele><time>2026-06-03T09:24:57.069Z</time></trkpt><trkpt lat="59.35965667" lon="18.08722833"><ele>-1.0</ele><time>2026-06-03T09:24:58.069Z</time></trkpt><trkpt lat="59.35967" lon="18.08727333"><ele>-1.0</ele><time>2026-06-03T09:24:59.069Z</time></trkpt><trkpt lat="59.35968333" lon="18.087315"><ele>0.0</ele><time>2026-06-03T09:25:00.069Z</time></trkpt><trkpt lat="59.35969667" lon="18.08736333"><ele>0.0</ele><time>2026-06-03T09:25:01.069Z</time></trkpt><trkpt lat="59.35971167" lon="18.08741167"><ele>0.0</ele><time>2026-06-03T09:25:02.069Z</time></trkpt><trkpt lat="59.35972667" lon="18.08745833"><ele>0.0</ele><time>2026-06-03T09:25:03.069Z</time></trkpt><trkpt lat="59.35973667" lon="18.08751333"><ele>0.0</ele><time>2026-06-03T09:25:04.069Z</time></trkpt><trkpt lat="59.359745" lon="18.08757"><ele>0.0</ele><time>2026-06-03T09:25:05.068Z</time></trkpt><trkpt lat="59.359755" lon="18.087635"><ele>0.0</ele><time>2026-06-03T09:25:06.069Z</time></trkpt><trkpt lat="59.35976333" lon="18.087695"><ele>0.0</ele><time>2026-06-03T09:25:07.069Z</time></trkpt><trkpt lat="59.35977167" lon="18.08776"><ele>0.0</ele><time>2026-06-03T09:25:08.069Z</time></trkpt><trkpt lat="59.35977667" lon="18.08781833"><ele>0.0</ele><time>2026-06-03T09:25:09.069Z</time></trkpt><trkpt lat="59.35978333" lon="18.08788"><ele>0.0</ele><time>2026-06-03T09:25:10.069Z</time></trkpt><trkpt lat="59.35979" lon="18.08794333"><ele>0.0</ele><time>2026-06-03T09:25:11.069Z</time></trkpt><trkpt lat="59.359795" lon="18.08800333"><ele>0.0</ele><time>2026-06-03T09:25:12.069Z</time></trkpt><trkpt lat="59.35980167" lon="18.08806333"><ele>0.0</ele><time>2026-06-03T09:25:13.069Z</time></trkpt><trkpt lat="59.35981" lon="18.08812"><ele>0.0</ele><time>2026-06-03T09:25:14.069Z</time></trkpt><trkpt lat="59.35982167" lon="18.08817667"><ele>0.0</ele><time>2026-06-03T09:25:15.069Z</time></trkpt><trkpt lat="59.35983167" lon="18.08822833"><ele>0.0</ele><time>2026-06-03T09:25:16.069Z</time></trkpt><trkpt lat="59.35984333" lon="18.08828"><ele>0.0</ele><time>2026-06-03T09:25:17.069Z</time></trkpt><trkpt lat="59.35985667" lon="18.08833667"><ele>0.0</ele><time>2026-06-03T09:25:18.069Z</time></trkpt><trkpt lat="59.35987167" lon="18.08838667"><ele>0.0</ele><time>2026-06-03T09:25:19.069Z</time></trkpt><trkpt lat="59.35989" lon="18.08843833"><ele>0.0</ele><time>2026-06-03T09:25:20.069Z</time></trkpt><trkpt lat="59.35990833" lon="18.08848333"><ele>-2.0</ele><time>2026-06-03T09:25:21.068Z</time></trkpt><trkpt lat="59.359925" lon="18.08853"><ele>-2.0</ele><time>2026-06-03T09:25:22.069Z</time></trkpt><trkpt lat="59.35994167" lon="18.08858"><ele>-2.0</ele><time>2026-06-03T09:25:23.069Z</time></trkpt><trkpt lat="59.35995833" lon="18.08862833"><ele>-1.0</ele><time>2026-06-03T09:25:24.069Z</time></trkpt><trkpt lat="59.35997333" lon="18.08868"><ele>-1.0</ele><time>2026-06-03T09:25:25.069Z</time></trkpt><trkpt lat="59.35999" lon="18.08873"><ele>-1.0</ele><time>2026-06-03T09:25:26.069Z</time></trkpt><trkpt lat="59.36000833" lon="18.08877833"><ele>-1.0</ele><time>2026-06-03T09:25:27.069Z</time></trkpt><trkpt lat="59.36002333" lon="18.08882333"><ele>-1.0</ele><time>2026-06-03T09:25:28.069Z</time></trkpt><trkpt lat="59.36003833" lon="18.08887333"><ele>-1.0</ele><time>2026-06-03T09:25:29.069Z</time></trkpt><trkpt lat="59.36005" lon="18.08892333"><ele>-1.0</ele><time>2026-06-03T09:25:30.069Z</time></trkpt><trkpt lat="59.36006" lon="18.088975"><ele>-1.0</ele><time>2026-06-03T09:25:31.069Z</time></trkpt><trkpt lat="59.36007167" lon="18.08902667"><ele>-1.0</ele><time>2026-06-03T09:25:32.069Z</time></trkpt><trkpt lat="59.360085" lon="18.08907833"><ele>-1.0</ele><time>2026-06-03T09:25:33.069Z</time></trkpt><trkpt lat="59.360095" lon="18.08913167"><ele>-1.0</ele><time>2026-06-03T09:25:34.068Z</time></trkpt><trkpt lat="59.36010333" lon="18.089185"><ele>-1.0</ele><time>2026-06-03T09:25:35.069Z</time></trkpt><trkpt lat="59.36011167" lon="18.08924"><ele>-1.0</ele><time>2026-06-03T09:25:36.068Z</time></trkpt><trkpt lat="59.36012167" lon="18.08929167"><ele>-2.0</ele><time>2026-06-03T09:25:37.069Z</time></trkpt><trkpt lat="59.36013167" lon="18.08934667"><ele>-2.0</ele><time>2026-06-03T09:25:38.069Z</time></trkpt><trkpt lat="59.36014667" lon="18.08939667"><ele>0.0</ele><time>2026-06-03T09:25:39.069Z</time></trkpt><trkpt lat="59.36016167" lon="18.08944667"><ele>0.0</ele><time>2026-06-03T09:25:40.069Z</time></trkpt><trkpt lat="59.36017667" lon="18.089495"><ele>0.0</ele><time>2026-06-03T09:25:41.069Z</time></trkpt><trkpt lat="59.36019167" lon="18.08954833"><ele>0.0</ele><time>2026-06-03T09:25:42.069Z</time></trkpt><trkpt lat="59.360205" lon="18.089595"><ele>0.0</ele><time>2026-06-03T09:25:43.068Z</time></trkpt><trkpt lat="59.36021833" lon="18.08963833"><ele>0.0</ele><time>2026-06-03T09:25:44.069Z</time></trkpt><trkpt lat="59.36023167" lon="18.08968167"><ele>0.0</ele><time>2026-06-03T09:25:45.069Z</time></trkpt><trkpt lat="59.36024667" lon="18.089725"><ele>0.0</ele><time>2026-06-03T09:25:46.069Z</time></trkpt><trkpt lat="59.36026" lon="18.08977"><ele>0.0</ele><time>2026-06-03T09:25:47.069Z</time></trkpt><trkpt lat="59.360275" lon="18.08981167"><ele>0.0</ele><time>2026-06-03T09:25:48.069Z</time></trkpt><trkpt lat="59.36028667" lon="18.08985333"><ele>0.0</ele><time>2026-06-03T09:25:49.068Z</time></trkpt><trkpt lat="59.36029833" lon="18.08990333"><ele>-1.0</ele><time>2026-06-03T09:25:50.068Z</time></trkpt><trkpt lat="59.36031167" lon="18.08995"><ele>0.0</ele><time>2026-06-03T09:25:51.069Z</time></trkpt><trkpt lat="59.36032667" lon="18.09000167"><ele>0.0</ele><time>2026-06-03T09:25:52.069Z</time></trkpt><trkpt lat="59.36034" lon="18.09005333"><ele>0.0</ele><time>2026-06-03T09:25:53.069Z</time></trkpt><trkpt lat="59.360355" lon="18.090105"><ele>0.0</ele><time>2026-06-03T09:25:54.069Z</time></trkpt><trkpt lat="59.36036667" lon="18.090155"><ele>0.0</ele><time>2026-06-03T09:25:55.069Z</time></trkpt><trkpt lat="59.36038167" lon="18.09020667"><ele>0.0</ele><time>2026-06-03T09:25:56.069Z</time></trkpt><trkpt lat="59.36039333" lon="18.09026"><ele>0.0</ele><time>2026-06-03T09:25:57.068Z</time></trkpt><trkpt lat="59.36040667" lon="18.09031"><ele>0.0</ele><time>2026-06-03T09:25:58.069Z</time></trkpt><trkpt lat="59.36041833" lon="18.09036333"><ele>0.0</ele><time>2026-06-03T09:25:59.068Z</time></trkpt><trkpt lat="59.36043167" lon="18.09040833"><ele>0.0</ele><time>2026-06-03T09:26:00.069Z</time></trkpt><trkpt lat="59.36044667" lon="18.09046"><ele>0.0</ele><time>2026-06-03T09:26:01.069Z</time></trkpt><trkpt lat="59.36046" lon="18.09051333"><ele>0.0</ele><time>2026-06-03T09:26:02.069Z</time></trkpt><trkpt lat="59.36047167" lon="18.09056833"><ele>0.0</ele><time>2026-06-03T09:26:03.069Z</time></trkpt><trkpt lat="59.360485" lon="18.09062167"><ele>0.0</ele><time>2026-06-03T09:26:04.068Z</time></trkpt><trkpt lat="59.36049833" lon="18.09067167"><ele>0.0</ele><time>2026-06-03T09:26:05.069Z</time></trkpt><trkpt lat="59.36051" lon="18.09072667"><ele>0.0</ele><time>2026-06-03T09:26:06.069Z</time></trkpt><trkpt lat="59.36052167" lon="18.09078167"><ele>0.0</ele><time>2026-06-03T09:26:07.068Z</time></trkpt><trkpt lat="59.36053333" lon="18.09083833"><ele>0.0</ele><time>2026-06-03T09:26:08.069Z</time></trkpt><trkpt lat="59.360545" lon="18.09089333"><ele>0.0</ele><time>2026-06-03T09:26:09.069Z</time></trkpt><trkpt lat="59.36055667" lon="18.09094833"><ele>0.0</ele><time>2026-06-03T09:26:10.069Z</time></trkpt><trkpt lat="59.36057" lon="18.091005"><ele>0.0</ele><time>2026-06-03T09:26:11.068Z</time></trkpt><trkpt lat="59.36058167" lon="18.09105667"><ele>0.0</ele><time>2026-06-03T09:26:12.069Z</time></trkpt><trkpt lat="59.36059333" lon="18.09111"><ele>0.0</ele><time>2026-06-03T09:26:13.069Z</time></trkpt><trkpt lat="59.36060667" lon="18.091165"><ele>0.0</ele><time>2026-06-03T09:26:14.069Z</time></trkpt><trkpt lat="59.36061667" lon="18.09121833"><ele>0.0</ele><time>2026-06-03T09:26:15.069Z</time></trkpt><trkpt lat="59.36062667" lon="18.091275"><ele>0.0</ele><time>2026-06-03T09:26:16.069Z</time></trkpt><trkpt lat="59.36063667" lon="18.09132833"><ele>0.0</ele><time>2026-06-03T09:26:17.069Z</time></trkpt><trkpt lat="59.36064333" lon="18.091385"><ele>0.0</ele><time>2026-06-03T09:26:18.069Z</time></trkpt><trkpt lat="59.360655" lon="18.09144167"><ele>0.0</ele><time>2026-06-03T09:26:19.069Z</time></trkpt><trkpt lat="59.360665" lon="18.09149167"><ele>0.0</ele><time>2026-06-03T09:26:20.069Z</time></trkpt><trkpt lat="59.36067333" lon="18.09154833"><ele>0.0</ele><time>2026-06-03T09:26:21.069Z</time></trkpt><trkpt lat="59.36068" lon="18.091605"><ele>0.0</ele><time>2026-06-03T09:26:22.069Z</time></trkpt><trkpt lat="59.36068667" lon="18.09166167"><ele>0.0</ele><time>2026-06-03T09:26:23.069Z</time></trkpt><trkpt lat="59.3607" lon="18.09171833"><ele>0.0</ele><time>2026-06-03T09:26:24.069Z</time></trkpt><trkpt lat="59.36071" lon="18.09176833"><ele>0.0</ele><time>2026-06-03T09:26:25.069Z</time></trkpt><trkpt lat="59.36071833" lon="18.09182333"><ele>0.0</ele><time>2026-06-03T09:26:26.069Z</time></trkpt><trkpt lat="59.36072833" lon="18.09187833"><ele>0.0</ele><time>2026-06-03T09:26:27.069Z</time></trkpt><trkpt lat="59.36073833" lon="18.09193333"><ele>0.0</ele><time>2026-06-03T09:26:28.070Z</time></trkpt><trkpt lat="59.36074667" lon="18.09199333"><ele>0.0</ele><time>2026-06-03T09:26:29.069Z</time></trkpt><trkpt lat="59.36075667" lon="18.09205333"><ele>0.0</ele><time>2026-06-03T09:26:30.069Z</time></trkpt><trkpt lat="59.360765" lon="18.09211167"><ele>0.0</ele><time>2026-06-03T09:26:31.069Z</time></trkpt><trkpt lat="59.36077667" lon="18.09216833"><ele>0.0</ele><time>2026-06-03T09:26:32.069Z</time></trkpt><trkpt lat="59.36079" lon="18.09222"><ele>0.0</ele><time>2026-06-03T09:26:33.069Z</time></trkpt><trkpt lat="59.36080167" lon="18.09227333"><ele>0.0</ele><time>2026-06-03T09:26:34.069Z</time></trkpt><trkpt lat="59.36081333" lon="18.09233"><ele>0.0</ele><time>2026-06-03T09:26:35.069Z</time></trkpt><trkpt lat="59.360825" lon="18.09237667"><ele>0.0</ele><time>2026-06-03T09:26:36.069Z</time></trkpt><trkpt lat="59.36083667" lon="18.09243167"><ele>0.0</ele><time>2026-06-03T09:26:37.069Z</time></trkpt><trkpt lat="59.360845" lon="18.09248667"><ele>0.0</ele><time>2026-06-03T09:26:38.068Z</time></trkpt><trkpt lat="59.36085167" lon="18.09254333"><ele>0.0</ele><time>2026-06-03T09:26:39.069Z</time></trkpt><trkpt lat="59.36085667" lon="18.092605"><ele>0.0</ele><time>2026-06-03T09:26:40.069Z</time></trkpt><trkpt lat="59.360865" lon="18.092665"><ele>0.0</ele><time>2026-06-03T09:26:41.069Z</time></trkpt><trkpt lat="59.36087333" lon="18.09272333"><ele>0.0</ele><time>2026-06-03T09:26:42.069Z</time></trkpt><trkpt lat="59.36088167" lon="18.09278333"><ele>0.0</ele><time>2026-06-03T09:26:43.069Z</time></trkpt><trkpt lat="59.36089167" lon="18.09284"><ele>0.0</ele><time>2026-06-03T09:26:44.069Z</time></trkpt><trkpt lat="59.3609" lon="18.09289667"><ele>0.0</ele><time>2026-06-03T09:26:45.069Z</time></trkpt><trkpt lat="59.36091" lon="18.092955"><ele>0.0</ele><time>2026-06-03T09:26:46.069Z</time></trkpt><trkpt lat="59.36092" lon="18.09300833"><ele>0.0</ele><time>2026-06-03T09:26:47.068Z</time></trkpt><trkpt lat="59.36093" lon="18.09306167"><ele>0.0</ele><time>2026-06-03T09:26:48.069Z</time></trkpt><trkpt lat="59.36093833" lon="18.09311333"><ele>0.0</ele><time>2026-06-03T09:26:49.068Z</time></trkpt><trkpt lat="59.360945" lon="18.093165"><ele>0.0</ele><time>2026-06-03T09:26:50.069Z</time></trkpt><trkpt lat="59.36095" lon="18.09322167"><ele>0.0</ele><time>2026-06-03T09:26:51.069Z</time></trkpt><trkpt lat="59.360955" lon="18.09327667"><ele>0.0</ele><time>2026-06-03T09:26:52.069Z</time></trkpt><trkpt lat="59.36096333" lon="18.09333167"><ele>0.0</ele><time>2026-06-03T09:26:53.069Z</time></trkpt><trkpt lat="59.36097" lon="18.09338667"><ele>0.0</ele><time>2026-06-03T09:26:54.068Z</time></trkpt><trkpt lat="59.36097833" lon="18.09344167"><ele>0.0</ele><time>2026-06-03T09:26:55.069Z</time></trkpt><trkpt lat="59.36098833" lon="18.09349667"><ele>0.0</ele><time>2026-06-03T09:26:56.069Z</time></trkpt><trkpt lat="59.360995" lon="18.093555"><ele>0.0</ele><time>2026-06-03T09:26:57.069Z</time></trkpt><trkpt lat="59.361005" lon="18.09360667"><ele>0.0</ele><time>2026-06-03T09:26:58.068Z</time></trkpt><trkpt lat="59.36101667" lon="18.093655"><ele>0.0</ele><time>2026-06-03T09:26:59.069Z</time></trkpt><trkpt lat="59.361025" lon="18.09370667"><ele>0.0</ele><time>2026-06-03T09:27:00.069Z</time></trkpt><trkpt lat="59.361035" lon="18.09375667"><ele>0.0</ele><time>2026-06-03T09:27:01.069Z</time></trkpt><trkpt lat="59.36104333" lon="18.09380667"><ele>0.0</ele><time>2026-06-03T09:27:02.069Z</time></trkpt><trkpt lat="59.36105333" lon="18.09385833"><ele>0.0</ele><time>2026-06-03T09:27:03.069Z</time></trkpt><trkpt lat="59.361065" lon="18.093915"><ele>0.0</ele><time>2026-06-03T09:27:04.068Z</time></trkpt><trkpt lat="59.361075" lon="18.09396833"><ele>0.0</ele><time>2026-06-03T09:27:05.069Z</time></trkpt><trkpt lat="59.36108167" lon="18.094025"><ele>0.0</ele><time>2026-06-03T09:27:06.069Z</time></trkpt><trkpt lat="59.36108833" lon="18.094075"><ele>0.0</ele><time>2026-06-03T09:27:07.069Z</time></trkpt><trkpt lat="59.36109833" lon="18.09412667"><ele>0.0</ele><time>2026-06-03T09:27:08.069Z</time></trkpt><trkpt lat="59.36111" lon="18.09418"><ele>0.0</ele><time>2026-06-03T09:27:09.069Z</time></trkpt><trkpt lat="59.36111833" lon="18.09422833"><ele>0.0</ele><time>2026-06-03T09:27:10.069Z</time></trkpt><trkpt lat="59.36112667" lon="18.09427833"><ele>0.0</ele><time>2026-06-03T09:27:11.069Z</time></trkpt><trkpt lat="59.36113167" lon="18.09432833"><ele>0.0</ele><time>2026-06-03T09:27:12.069Z</time></trkpt><trkpt lat="59.36114" lon="18.094375"><ele>0.0</ele><time>2026-06-03T09:27:13.069Z</time></trkpt><trkpt lat="59.36115" lon="18.09442167"><ele>0.0</ele><time>2026-06-03T09:27:14.068Z</time></trkpt><trkpt lat="59.36115667" lon="18.09446667"><ele>0.0</ele><time>2026-06-03T09:27:15.068Z</time></trkpt><trkpt lat="59.36116333" lon="18.09452"><ele>0.0</ele><time>2026-06-03T09:27:16.069Z</time></trkpt><trkpt lat="59.361175" lon="18.09456667"><ele>0.0</ele><time>2026-06-03T09:27:17.069Z</time></trkpt><trkpt lat="59.361185" lon="18.09461667"><ele>0.0</ele><time>2026-06-03T09:27:18.068Z</time></trkpt><trkpt lat="59.361195" lon="18.09467167"><ele>0.0</ele><time>2026-06-03T09:27:19.069Z</time></trkpt><trkpt lat="59.36120333" lon="18.09472833"><ele>0.0</ele><time>2026-06-03T09:27:20.069Z</time></trkpt><trkpt lat="59.36121" lon="18.09479333"><ele>0.0</ele><time>2026-06-03T09:27:21.069Z</time></trkpt><trkpt lat="59.36121833" lon="18.09485167"><ele>0.0</ele><time>2026-06-03T09:27:22.069Z</time></trkpt><trkpt lat="59.361225" lon="18.09491333"><ele>0.0</ele><time>2026-06-03T09:27:23.069Z</time></trkpt><trkpt lat="59.36123" lon="18.094975"><ele>0.0</ele><time>2026-06-03T09:27:24.069Z</time></trkpt><trkpt lat="59.36123667" lon="18.09503333"><ele>0.0</ele><time>2026-06-03T09:27:25.069Z</time></trkpt><trkpt lat="59.36124" lon="18.09509"><ele>0.0</ele><time>2026-06-03T09:27:26.068Z</time></trkpt><trkpt lat="59.36124333" lon="18.09514667"><ele>0.0</ele><time>2026-06-03T09:27:27.068Z</time></trkpt><trkpt lat="59.36124833" lon="18.09520333"><ele>0.0</ele><time>2026-06-03T09:27:28.069Z</time></trkpt><trkpt lat="59.36125" lon="18.09526167"><ele>0.0</ele><time>2026-06-03T09:27:29.069Z</time></trkpt><trkpt lat="59.36125167" lon="18.09531833"><ele>0.0</ele><time>2026-06-03T09:27:30.068Z</time></trkpt><trkpt lat="59.36125333" lon="18.09537833"><ele>0.0</ele><time>2026-06-03T09:27:31.069Z</time></trkpt><trkpt lat="59.36125667" lon="18.09543667"><ele>0.0</ele><time>2026-06-03T09:27:32.069Z</time></trkpt><trkpt lat="59.36125833" lon="18.09549833"><ele>0.0</ele><time>2026-06-03T09:27:33.068Z</time></trkpt><trkpt lat="59.36126167" lon="18.09555333"><ele>0.0</ele><time>2026-06-03T09:27:34.069Z</time></trkpt><trkpt lat="59.36126167" lon="18.09560833"><ele>0.0</ele><time>2026-06-03T09:27:35.068Z</time></trkpt><trkpt lat="59.36126167" lon="18.095665"><ele>0.0</ele><time>2026-06-03T09:27:36.069Z</time></trkpt><trkpt lat="59.361265" lon="18.09572"><ele>0.0</ele><time>2026-06-03T09:27:37.069Z</time></trkpt><trkpt lat="59.36126167" lon="18.095775"><ele>0.0</ele><time>2026-06-03T09:27:38.069Z</time></trkpt><trkpt lat="59.36126167" lon="18.095825"><ele>1.0</ele><time>2026-06-03T09:27:39.069Z</time></trkpt><trkpt lat="59.36126167" lon="18.09588167"><ele>1.0</ele><time>2026-06-03T09:27:40.069Z</time></trkpt><trkpt lat="59.36126" lon="18.09594167"><ele>1.0</ele><time>2026-06-03T09:27:41.069Z</time></trkpt><trkpt lat="59.36126333" lon="18.09599833"><ele>1.0</ele><time>2026-06-03T09:27:42.069Z</time></trkpt><trkpt lat="59.36126333" lon="18.096055"><ele>1.0</ele><time>2026-06-03T09:27:43.069Z</time></trkpt><trkpt lat="59.361265" lon="18.09611"><ele>1.0</ele><time>2026-06-03T09:27:44.069Z</time></trkpt><trkpt lat="59.36126833" lon="18.096175"><ele>1.0</ele><time>2026-06-03T09:27:45.068Z</time></trkpt><trkpt lat="59.36127667" lon="18.09623167"><ele>1.0</ele><time>2026-06-03T09:27:46.069Z</time></trkpt><trkpt lat="59.361295" lon="18.09626333"><ele>1.0</ele><time>2026-06-03T09:27:47.069Z</time></trkpt><trkpt lat="59.36132167" lon="18.09628333"><ele>0.0</ele><time>2026-06-03T09:27:48.069Z</time></trkpt><trkpt lat="59.36135167" lon="18.096285"><ele>0.0</ele><time>2026-06-03T09:27:49.069Z</time></trkpt><trkpt lat="59.36138167" lon="18.09628"><ele>0.0</ele><time>2026-06-03T09:27:50.069Z</time></trkpt><trkpt lat="59.36141333" lon="18.096275"><ele>0.0</ele><time>2026-06-03T09:27:51.069Z</time></trkpt><trkpt lat="59.36144667" lon="18.09626833"><ele>0.0</ele><time>2026-06-03T09:27:52.068Z</time></trkpt><trkpt lat="59.36147667" lon="18.09626"><ele>0.0</ele><time>2026-06-03T09:27:53.069Z</time></trkpt><trkpt lat="59.361505" lon="18.09625167"><ele>0.0</ele><time>2026-06-03T09:27:54.068Z</time></trkpt><trkpt lat="59.36153167" lon="18.09624833"><ele>0.0</ele><time>2026-06-03T09:27:55.069Z</time></trkpt><trkpt lat="59.36156" lon="18.09623833"><ele>0.0</ele><time>2026-06-03T09:27:56.070Z</time></trkpt><trkpt lat="59.36159" lon="18.09623167"><ele>0.0</ele><time>2026-06-03T09:27:57.069Z</time></trkpt><trkpt lat="59.36161667" lon="18.09622"><ele>0.0</ele><time>2026-06-03T09:27:58.069Z</time></trkpt><trkpt lat="59.361645" lon="18.09620167"><ele>0.0</ele><time>2026-06-03T09:27:59.068Z</time></trkpt><trkpt lat="59.361675" lon="18.096185"><ele>0.0</ele><time>2026-06-03T09:28:00.069Z</time></trkpt><trkpt lat="59.36170667" lon="18.096165"><ele>0.0</ele><time>2026-06-03T09:28:01.069Z</time></trkpt><trkpt lat="59.36173333" lon="18.09613333"><ele>0.0</ele><time>2026-06-03T09:28:02.068Z</time></trkpt><trkpt lat="59.36175833" lon="18.09610167"><ele>0.0</ele><time>2026-06-03T09:28:03.069Z</time></trkpt><trkpt lat="59.36178333" lon="18.096065"><ele>0.0</ele><time>2026-06-03T09:28:04.069Z</time></trkpt><trkpt lat="59.36180833" lon="18.096025"><ele>0.0</ele><time>2026-06-03T09:28:05.068Z</time></trkpt><trkpt lat="59.36183" lon="18.09598167"><ele>0.0</ele><time>2026-06-03T09:28:06.068Z</time></trkpt><trkpt lat="59.361855" lon="18.095935"><ele>0.0</ele><time>2026-06-03T09:28:07.069Z</time></trkpt><trkpt lat="59.36187667" lon="18.09588333"><ele>0.0</ele><time>2026-06-03T09:28:08.068Z</time></trkpt><trkpt lat="59.3619" lon="18.09583333"><ele>0.0</ele><time>2026-06-03T09:28:09.069Z</time></trkpt><trkpt lat="59.36192333" lon="18.09578"><ele>0.0</ele><time>2026-06-03T09:28:10.069Z</time></trkpt><trkpt lat="59.36194833" lon="18.095735"><ele>0.0</ele><time>2026-06-03T09:28:11.068Z</time></trkpt><trkpt lat="59.36197333" lon="18.09570167"><ele>0.0</ele><time>2026-06-03T09:28:12.069Z</time></trkpt><trkpt lat="59.36200167" lon="18.09566167"><ele>0.0</ele><time>2026-06-03T09:28:13.068Z</time></trkpt><trkpt lat="59.36203" lon="18.095635"><ele>0.0</ele><time>2026-06-03T09:28:14.068Z</time></trkpt><trkpt lat="59.36205667" lon="18.09561167"><ele>0.0</ele><time>2026-06-03T09:28:15.069Z</time></trkpt><trkpt lat="59.362085" lon="18.09559667"><ele>0.0</ele><time>2026-06-03T09:28:16.069Z</time></trkpt><trkpt lat="59.36211167" lon="18.095585"><ele>0.0</ele><time>2026-06-03T09:28:17.068Z</time></trkpt><trkpt lat="59.36213667" lon="18.09556667"><ele>0.0</ele><time>2026-06-03T09:28:18.069Z</time></trkpt><trkpt lat="59.36216167" lon="18.09554333"><ele>0.0</ele><time>2026-06-03T09:28:19.069Z</time></trkpt><trkpt lat="59.362185" lon="18.095515"><ele>0.0</ele><time>2026-06-03T09:28:20.068Z</time></trkpt><trkpt lat="59.36221167" lon="18.09548833"><ele>0.0</ele><time>2026-06-03T09:28:21.069Z</time></trkpt><trkpt lat="59.36224167" lon="18.09546667"><ele>1.0</ele><time>2026-06-03T09:28:22.069Z</time></trkpt><trkpt lat="59.36226833" lon="18.09543667"><ele>1.0</ele><time>2026-06-03T09:28:23.068Z</time></trkpt><trkpt lat="59.362295" lon="18.09541"><ele>1.0</ele><time>2026-06-03T09:28:24.069Z</time></trkpt><trkpt lat="59.362315" lon="18.09538333"><ele>1.0</ele><time>2026-06-03T09:28:25.069Z</time></trkpt><trkpt lat="59.362335" lon="18.09535833"><ele>1.0</ele><time>2026-06-03T09:28:26.068Z</time></trkpt><trkpt lat="59.36235833" lon="18.09533167"><ele>1.0</ele><time>2026-06-03T09:28:27.068Z</time></trkpt><trkpt lat="59.36238333" lon="18.09530667"><ele>1.0</ele><time>2026-06-03T09:28:28.069Z</time></trkpt><trkpt lat="59.36240667" lon="18.09528167"><ele>1.0</ele><time>2026-06-03T09:28:29.068Z</time></trkpt><trkpt lat="59.36242667" lon="18.09525333"><ele>1.0</ele><time>2026-06-03T09:28:30.069Z</time></trkpt><trkpt lat="59.36244833" lon="18.09523"><ele>1.0</ele><time>2026-06-03T09:28:31.069Z</time></trkpt><trkpt lat="59.36246833" lon="18.09521"><ele>1.0</ele><time>2026-06-03T09:28:32.068Z</time></trkpt><trkpt lat="59.36249167" lon="18.09519167"><ele>1.0</ele><time>2026-06-03T09:28:33.069Z</time></trkpt><trkpt lat="59.36251667" lon="18.09516833"><ele>1.0</ele><time>2026-06-03T09:28:34.069Z</time></trkpt><trkpt lat="59.362535" lon="18.095155"><ele>1.0</ele><time>2026-06-03T09:28:35.068Z</time></trkpt><trkpt lat="59.36255667" lon="18.09513333"><ele>1.0</ele><time>2026-06-03T09:28:36.069Z</time></trkpt><trkpt lat="59.36258" lon="18.09510667"><ele>1.0</ele><time>2026-06-03T09:28:37.069Z</time></trkpt><trkpt lat="59.36260167" lon="18.09508"><ele>1.0</ele><time>2026-06-03T09:28:38.068Z</time></trkpt><trkpt lat="59.362625" lon="18.09505667"><ele>1.0</ele><time>2026-06-03T09:28:39.069Z</time></trkpt><trkpt lat="59.36265" lon="18.09503"><ele>1.0</ele><time>2026-06-03T09:28:40.069Z</time></trkpt><trkpt lat="59.362675" lon="18.09501"><ele>1.0</ele><time>2026-06-03T09:28:41.068Z</time></trkpt><trkpt lat="59.36270167" lon="18.09498333"><ele>1.0</ele><time>2026-06-03T09:28:42.068Z</time></trkpt><trkpt lat="59.36272833" lon="18.09496"><ele>1.0</ele><time>2026-06-03T09:28:43.069Z</time></trkpt><trkpt lat="59.36275667" lon="18.09494333"><ele>1.0</ele><time>2026-06-03T09:28:44.068Z</time></trkpt><trkpt lat="59.36278167" lon="18.094925"><ele>1.0</ele><time>2026-06-03T09:28:45.069Z</time></trkpt><trkpt lat="59.36280833" lon="18.09491333"><ele>1.0</ele><time>2026-06-03T09:28:46.068Z</time></trkpt><trkpt lat="59.362835" lon="18.09490667"><ele>1.0</ele><time>2026-06-03T09:28:47.068Z</time></trkpt><trkpt lat="59.36286167" lon="18.09490333"><ele>1.0</ele><time>2026-06-03T09:28:48.069Z</time></trkpt><trkpt lat="59.36289" lon="18.09490333"><ele>1.0</ele><time>2026-06-03T09:28:49.069Z</time></trkpt><trkpt lat="59.362915" lon="18.0949"><ele>1.0</ele><time>2026-06-03T09:28:50.068Z</time></trkpt><trkpt lat="59.36294167" lon="18.09490833"><ele>1.0</ele><time>2026-06-03T09:28:51.069Z</time></trkpt><trkpt lat="59.36297" lon="18.09491333"><ele>1.0</ele><time>2026-06-03T09:28:52.069Z</time></trkpt><trkpt lat="59.36299833" lon="18.094915"><ele>1.0</ele><time>2026-06-03T09:28:53.068Z</time></trkpt><trkpt lat="59.36302667" lon="18.09492"><ele>1.0</ele><time>2026-06-03T09:28:54.069Z</time></trkpt><trkpt lat="59.36308167" lon="18.094925"><ele>1.0</ele><time>2026-06-03T09:28:55.069Z</time></trkpt><trkpt lat="59.36308167" lon="18.094925"><ele>1.0</ele><time>2026-06-03T09:28:56.069Z</time></trkpt><trkpt lat="59.36311" lon="18.094915"><ele>1.0</ele><time>2026-06-03T09:28:57.069Z</time></trkpt><trkpt lat="59.36317" lon="18.09492333"><ele>2.0</ele><time>2026-06-03T09:28:58.069Z</time></trkpt><trkpt lat="59.36317" lon="18.09492333"><ele>2.0</ele><time>2026-06-03T09:28:59.068Z</time></trkpt><trkpt lat="59.36319" lon="18.09491833"><ele>2.0</ele><time>2026-06-03T09:29:00.069Z</time></trkpt><trkpt lat="59.36322" lon="18.09491833"><ele>2.0</ele><time>2026-06-03T09:29:01.069Z</time></trkpt><trkpt lat="59.36324833" lon="18.09491333"><ele>2.0</ele><time>2026-06-03T09:29:02.069Z</time></trkpt><trkpt lat="59.363275" lon="18.09491333"><ele>2.0</ele><time>2026-06-03T09:29:03.069Z</time></trkpt><trkpt lat="59.3633" lon="18.09491833"><ele>2.0</ele><time>2026-06-03T09:29:04.068Z</time></trkpt><trkpt lat="59.363325" lon="18.09492167"><ele>2.0</ele><time>2026-06-03T09:29:05.069Z</time></trkpt><trkpt lat="59.363355" lon="18.09492833"><ele>2.0</ele><time>2026-06-03T09:29:06.069Z</time></trkpt><trkpt lat="59.36339167" lon="18.09493833"><ele>2.0</ele><time>2026-06-03T09:29:07.069Z</time></trkpt><trkpt lat="59.363425" lon="18.09494"><ele>2.0</ele><time>2026-06-03T09:29:08.069Z</time></trkpt><trkpt lat="59.363455" lon="18.09494333"><ele>2.0</ele><time>2026-06-03T09:29:09.069Z</time></trkpt><trkpt lat="59.36349" lon="18.094955"><ele>2.0</ele><time>2026-06-03T09:29:10.069Z</time></trkpt><trkpt lat="59.36352333" lon="18.094965"><ele>2.0</ele><time>2026-06-03T09:29:11.069Z</time></trkpt><trkpt lat="59.36355333" lon="18.09497167"><ele>2.0</ele><time>2026-06-03T09:29:12.069Z</time></trkpt><trkpt lat="59.36362" lon="18.09498333"><ele>2.0</ele><time>2026-06-03T09:29:13.069Z</time></trkpt><trkpt lat="59.36362" lon="18.09498333"><ele>2.0</ele><time>2026-06-03T09:29:14.069Z</time></trkpt><trkpt lat="59.36364833" lon="18.09499167"><ele>2.0</ele><time>2026-06-03T09:29:15.069Z</time></trkpt><trkpt lat="59.36367667" lon="18.095"><ele>2.0</ele><time>2026-06-03T09:29:16.069Z</time></trkpt><trkpt lat="59.36371" lon="18.09500833"><ele>2.0</ele><time>2026-06-03T09:29:17.069Z</time></trkpt><trkpt lat="59.36373667" lon="18.09502333"><ele>2.0</ele><time>2026-06-03T09:29:18.069Z</time></trkpt><trkpt lat="59.363765" lon="18.09503667"><ele>2.0</ele><time>2026-06-03T09:29:19.069Z</time></trkpt><trkpt lat="59.363795" lon="18.09504833"><ele>2.0</ele><time>2026-06-03T09:29:20.068Z</time></trkpt><trkpt lat="59.36382833" lon="18.095065"><ele>2.0</ele><time>2026-06-03T09:29:21.069Z</time></trkpt><trkpt lat="59.36386333" lon="18.095075"><ele>2.0</ele><time>2026-06-03T09:29:22.069Z</time></trkpt><trkpt lat="59.36389667" lon="18.09508833"><ele>2.0</ele><time>2026-06-03T09:29:23.069Z</time></trkpt><trkpt lat="59.36392833" lon="18.095115"><ele>2.0</ele><time>2026-06-03T09:29:24.069Z</time></trkpt><trkpt lat="59.36396" lon="18.09513167"><ele>2.0</ele><time>2026-06-03T09:29:25.069Z</time></trkpt><trkpt lat="59.36398833" lon="18.09514667"><ele>2.0</ele><time>2026-06-03T09:29:26.069Z</time></trkpt><trkpt lat="59.36401167" lon="18.09516833"><ele>3.0</ele><time>2026-06-03T09:29:27.069Z</time></trkpt><trkpt lat="59.36403833" lon="18.09519"><ele>3.0</ele><time>2026-06-03T09:29:28.069Z</time></trkpt><trkpt lat="59.36406167" lon="18.09521"><ele>3.0</ele><time>2026-06-03T09:29:29.069Z</time></trkpt><trkpt lat="59.36409333" lon="18.09523"><ele>3.0</ele><time>2026-06-03T09:29:30.069Z</time></trkpt><trkpt lat="59.36412" lon="18.09525167"><ele>3.0</ele><time>2026-06-03T09:29:31.069Z</time></trkpt><trkpt lat="59.36414667" lon="18.095275"><ele>3.0</ele><time>2026-06-03T09:29:32.069Z</time></trkpt><trkpt lat="59.36417" lon="18.09529667"><ele>3.0</ele><time>2026-06-03T09:29:33.069Z</time></trkpt><trkpt lat="59.364195" lon="18.09531667"><ele>3.0</ele><time>2026-06-03T09:29:34.069Z</time></trkpt><trkpt lat="59.364225" lon="18.09533667"><ele>3.0</ele><time>2026-06-03T09:29:35.069Z</time></trkpt><trkpt lat="59.36425333" lon="18.09535833"><ele>2.0</ele><time>2026-06-03T09:29:36.069Z</time></trkpt><trkpt lat="59.36428333" lon="18.09537333"><ele>2.0</ele><time>2026-06-03T09:29:37.069Z</time></trkpt><trkpt lat="59.36431167" lon="18.095385"><ele>2.0</ele><time>2026-06-03T09:29:38.069Z</time></trkpt><trkpt lat="59.36433833" lon="18.095395"><ele>2.0</ele><time>2026-06-03T09:29:39.069Z</time></trkpt><trkpt lat="59.36436167" lon="18.09541"><ele>2.0</ele><time>2026-06-03T09:29:40.068Z</time></trkpt><trkpt lat="59.36438667" lon="18.09542167"><ele>2.0</ele><time>2026-06-03T09:29:41.069Z</time></trkpt><trkpt lat="59.364415" lon="18.09543667"><ele>2.0</ele><time>2026-06-03T09:29:42.069Z</time></trkpt><trkpt lat="59.364445" lon="18.09545"><ele>2.0</ele><time>2026-06-03T09:29:43.069Z</time></trkpt><trkpt lat="59.36447833" lon="18.09545167"><ele>2.0</ele><time>2026-06-03T09:29:44.068Z</time></trkpt><trkpt lat="59.36450833" lon="18.09544833"><ele>2.0</ele><time>2026-06-03T09:29:45.069Z</time></trkpt><trkpt lat="59.36454333" lon="18.09544833"><ele>2.0</ele><time>2026-06-03T09:29:46.069Z</time></trkpt><trkpt lat="59.36457833" lon="18.09544667"><ele>2.0</ele><time>2026-06-03T09:29:47.069Z</time></trkpt><trkpt lat="59.364615" lon="18.09543667"><ele>2.0</ele><time>2026-06-03T09:29:48.069Z</time></trkpt><trkpt lat="59.36464667" lon="18.09541833"><ele>2.0</ele><time>2026-06-03T09:29:49.069Z</time></trkpt><trkpt lat="59.36467833" lon="18.09540167"><ele>2.0</ele><time>2026-06-03T09:29:50.069Z</time></trkpt><trkpt lat="59.36470833" lon="18.09537667"><ele>2.0</ele><time>2026-06-03T09:29:51.069Z</time></trkpt><trkpt lat="59.36474167" lon="18.095355"><ele>2.0</ele><time>2026-06-03T09:29:52.069Z</time></trkpt><trkpt lat="59.36477333" lon="18.095335"><ele>1.0</ele><time>2026-06-03T09:29:53.069Z</time></trkpt><trkpt lat="59.36479833" lon="18.095315"><ele>1.0</ele><time>2026-06-03T09:29:54.069Z</time></trkpt><trkpt lat="59.364825" lon="18.0953"><ele>1.0</ele><time>2026-06-03T09:29:55.069Z</time></trkpt><trkpt lat="59.36485167" lon="18.09528833"><ele>1.0</ele><time>2026-06-03T09:29:56.069Z</time></trkpt><trkpt lat="59.36487833" lon="18.09527833"><ele>1.0</ele><time>2026-06-03T09:29:57.069Z</time></trkpt><trkpt lat="59.3649" lon="18.09527"><ele>1.0</ele><time>2026-06-03T09:29:58.069Z</time></trkpt><trkpt lat="59.364925" lon="18.09525667"><ele>1.0</ele><time>2026-06-03T09:29:59.068Z</time></trkpt><trkpt lat="59.36495333" lon="18.09524333"><ele>1.0</ele><time>2026-06-03T09:30:00.069Z</time></trkpt><trkpt lat="59.364985" lon="18.09522333"><ele>1.0</ele><time>2026-06-03T09:30:01.068Z</time></trkpt><trkpt lat="59.36501" lon="18.095205"><ele>1.0</ele><time>2026-06-03T09:30:02.069Z</time></trkpt><trkpt lat="59.36503667" lon="18.09519333"><ele>1.0</ele><time>2026-06-03T09:30:03.069Z</time></trkpt><trkpt lat="59.36506667" lon="18.09517333"><ele>1.0</ele><time>2026-06-03T09:30:04.069Z</time></trkpt><trkpt lat="59.365125" lon="18.09514167"><ele>0.0</ele><time>2026-06-03T09:30:05.068Z</time></trkpt><trkpt lat="59.365125" lon="18.09514167"><ele>0.0</ele><time>2026-06-03T09:30:06.069Z</time></trkpt><trkpt lat="59.36515167" lon="18.09512167"><ele>0.0</ele><time>2026-06-03T09:30:07.069Z</time></trkpt><trkpt lat="59.36518333" lon="18.09509833"><ele>0.0</ele><time>2026-06-03T09:30:08.068Z</time></trkpt><trkpt lat="59.36521333" lon="18.09508"><ele>0.0</ele><time>2026-06-03T09:30:09.069Z</time></trkpt><trkpt lat="59.36524" lon="18.09506"><ele>0.0</ele><time>2026-06-03T09:30:10.069Z</time></trkpt><trkpt lat="59.36527167" lon="18.095035"><ele>0.0</ele><time>2026-06-03T09:30:11.069Z</time></trkpt><trkpt lat="59.36530167" lon="18.09501167"><ele>0.0</ele><time>2026-06-03T09:30:12.069Z</time></trkpt><trkpt lat="59.36533" lon="18.094995"><ele>0.0</ele><time>2026-06-03T09:30:13.069Z</time></trkpt><trkpt lat="59.36535333" lon="18.09497333"><ele>0.0</ele><time>2026-06-03T09:30:14.068Z</time></trkpt><trkpt lat="59.36537167" lon="18.09495167"><ele>0.0</ele><time>2026-06-03T09:30:15.068Z</time></trkpt><trkpt lat="59.36539667" lon="18.09492167"><ele>0.0</ele><time>2026-06-03T09:30:16.069Z</time></trkpt><trkpt lat="59.36544" lon="18.09486167"><ele>0.0</ele><time>2026-06-03T09:30:17.068Z</time></trkpt><trkpt lat="59.36544" lon="18.09486167"><ele>0.0</ele><time>2026-06-03T09:30:18.069Z</time></trkpt><trkpt lat="59.365465" lon="18.09482333"><ele>0.0</ele><time>2026-06-03T09:30:19.069Z</time></trkpt><trkpt lat="59.36549667" lon="18.09478833"><ele>0.0</ele><time>2026-06-03T09:30:20.069Z</time></trkpt><trkpt lat="59.36552167" lon="18.09475333"><ele>0.0</ele><time>2026-06-03T09:30:21.069Z</time></trkpt><trkpt lat="59.365545" lon="18.094725"><ele>0.0</ele><time>2026-06-03T09:30:22.068Z</time></trkpt><trkpt lat="59.36556833" lon="18.09469667"><ele>0.0</ele><time>2026-06-03T09:30:23.069Z</time></trkpt><trkpt lat="59.3656" lon="18.09467667"><ele>0.0</ele><time>2026-06-03T09:30:24.068Z</time></trkpt><trkpt lat="59.36562833" lon="18.094655"><ele>0.0</ele><time>2026-06-03T09:30:25.069Z</time></trkpt><trkpt lat="59.36566" lon="18.09463167"><ele>0.0</ele><time>2026-06-03T09:30:26.069Z</time></trkpt><trkpt lat="59.36568167" lon="18.09459833"><ele>0.0</ele><time>2026-06-03T09:30:27.069Z</time></trkpt><trkpt lat="59.36570333" lon="18.09457"><ele>0.0</ele><time>2026-06-03T09:30:28.069Z</time></trkpt><trkpt lat="59.36572167" lon="18.094545"><ele>0.0</ele><time>2026-06-03T09:30:29.068Z</time></trkpt><trkpt lat="59.36574333" lon="18.09452667"><ele>0.0</ele><time>2026-06-03T09:30:30.068Z</time></trkpt><trkpt lat="59.36576333" lon="18.09449667"><ele>0.0</ele><time>2026-06-03T09:30:31.068Z</time></trkpt><trkpt lat="59.36578333" lon="18.09446667"><ele>0.0</ele><time>2026-06-03T09:30:32.069Z</time></trkpt><trkpt lat="59.36580333" lon="18.09442833"><ele>0.0</ele><time>2026-06-03T09:30:33.068Z</time></trkpt><trkpt lat="59.36582667" lon="18.09438833"><ele>0.0</ele><time>2026-06-03T09:30:34.068Z</time></trkpt><trkpt lat="59.36585333" lon="18.094355"><ele>0.0</ele><time>2026-06-03T09:30:35.069Z</time></trkpt><trkpt lat="59.36588" lon="18.09432667"><ele>0.0</ele><time>2026-06-03T09:30:36.069Z</time></trkpt><trkpt lat="59.36590333" lon="18.09429833"><ele>0.0</ele><time>2026-06-03T09:30:37.069Z</time></trkpt><trkpt lat="59.365935" lon="18.09426167"><ele>0.0</ele><time>2026-06-03T09:30:38.069Z</time></trkpt><trkpt lat="59.36595833" lon="18.094215"><ele>0.0</ele><time>2026-06-03T09:30:39.069Z</time></trkpt><trkpt lat="59.365985" lon="18.09417333"><ele>0.0</ele><time>2026-06-03T09:30:40.069Z</time></trkpt><trkpt lat="59.366" lon="18.09413"><ele>0.0</ele><time>2026-06-03T09:30:41.069Z</time></trkpt><trkpt lat="59.36602667" lon="18.09408"><ele>0.0</ele><time>2026-06-03T09:30:42.069Z</time></trkpt><trkpt lat="59.36604833" lon="18.09403667"><ele>0.0</ele><time>2026-06-03T09:30:43.068Z</time></trkpt><trkpt lat="59.36607167" lon="18.09399167"><ele>0.0</ele><time>2026-06-03T09:30:44.069Z</time></trkpt><trkpt lat="59.36609167" lon="18.09395"><ele>0.0</ele><time>2026-06-03T09:30:45.069Z</time></trkpt><trkpt lat="59.36611167" lon="18.09390667"><ele>0.0</ele><time>2026-06-03T09:30:46.069Z</time></trkpt><trkpt lat="59.366135" lon="18.09385667"><ele>0.0</ele><time>2026-06-03T09:30:47.068Z</time></trkpt><trkpt lat="59.36615333" lon="18.09381667"><ele>0.0</ele><time>2026-06-03T09:30:48.069Z</time></trkpt><trkpt lat="59.36617333" lon="18.09377167"><ele>0.0</ele><time>2026-06-03T09:30:49.068Z</time></trkpt><trkpt lat="59.36619333" lon="18.09373"><ele>0.0</ele><time>2026-06-03T09:30:50.069Z</time></trkpt><trkpt lat="59.36620833" lon="18.09368167"><ele>0.0</ele><time>2026-06-03T09:30:51.069Z</time></trkpt><trkpt lat="59.36622333" lon="18.09363667"><ele>0.0</ele><time>2026-06-03T09:30:52.069Z</time></trkpt><trkpt lat="59.36624" lon="18.09358333"><ele>0.0</ele><time>2026-06-03T09:30:53.069Z</time></trkpt><trkpt lat="59.36625667" lon="18.093525"><ele>0.0</ele><time>2026-06-03T09:30:54.069Z</time></trkpt><trkpt lat="59.36627333" lon="18.09347"><ele>0.0</ele><time>2026-06-03T09:30:55.069Z</time></trkpt><trkpt lat="59.366285" lon="18.09341167"><ele>0.0</ele><time>2026-06-03T09:30:56.069Z</time></trkpt><trkpt lat="59.36629833" lon="18.09334833"><ele>0.0</ele><time>2026-06-03T09:30:57.068Z</time></trkpt><trkpt lat="59.36631" lon="18.09329"><ele>-1.0</ele><time>2026-06-03T09:30:58.069Z</time></trkpt><trkpt lat="59.36631667" lon="18.09323333"><ele>-1.0</ele><time>2026-06-03T09:30:59.069Z</time></trkpt><trkpt lat="59.36632333" lon="18.09317833"><ele>-1.0</ele><time>2026-06-03T09:31:00.069Z</time></trkpt><trkpt lat="59.36633167" lon="18.09312"><ele>0.0</ele><time>2026-06-03T09:31:01.069Z</time></trkpt><trkpt lat="59.366335" lon="18.09306833"><ele>0.0</ele><time>2026-06-03T09:31:02.069Z</time></trkpt><trkpt lat="59.36633833" lon="18.09301333"><ele>0.0</ele><time>2026-06-03T09:31:03.069Z</time></trkpt><trkpt lat="59.366345" lon="18.09296333"><ele>0.0</ele><time>2026-06-03T09:31:04.069Z</time></trkpt><trkpt lat="59.36635167" lon="18.09291"><ele>0.0</ele><time>2026-06-03T09:31:05.069Z</time></trkpt><trkpt lat="59.36635833" lon="18.09285667"><ele>0.0</ele><time>2026-06-03T09:31:06.069Z</time></trkpt><trkpt lat="59.36636333" lon="18.09279667"><ele>0.0</ele><time>2026-06-03T09:31:07.069Z</time></trkpt><trkpt lat="59.366365" lon="18.09273667"><ele>0.0</ele><time>2026-06-03T09:31:08.069Z</time></trkpt><trkpt lat="59.36636833" lon="18.09267667"><ele>0.0</ele><time>2026-06-03T09:31:09.069Z</time></trkpt><trkpt lat="59.36636833" lon="18.09262"><ele>0.0</ele><time>2026-06-03T09:31:10.069Z</time></trkpt><trkpt lat="59.36636667" lon="18.09256833"><ele>0.0</ele><time>2026-06-03T09:31:11.068Z</time></trkpt><trkpt lat="59.36636167" lon="18.09251667"><ele>0.0</ele><time>2026-06-03T09:31:12.069Z</time></trkpt><trkpt lat="59.36636167" lon="18.09246333"><ele>0.0</ele><time>2026-06-03T09:31:13.069Z</time></trkpt><trkpt lat="59.36636" lon="18.09241333"><ele>0.0</ele><time>2026-06-03T09:31:14.069Z</time></trkpt><trkpt lat="59.36636" lon="18.092365"><ele>0.0</ele><time>2026-06-03T09:31:15.068Z</time></trkpt><trkpt lat="59.36636667" lon="18.092315"><ele>0.0</ele><time>2026-06-03T09:31:16.069Z</time></trkpt><trkpt lat="59.366375" lon="18.092255"><ele>0.0</ele><time>2026-06-03T09:31:17.069Z</time></trkpt><trkpt lat="59.36637833" lon="18.09220333"><ele>-1.0</ele><time>2026-06-03T09:31:18.069Z</time></trkpt><trkpt lat="59.36638" lon="18.09215333"><ele>-1.0</ele><time>2026-06-03T09:31:19.069Z</time></trkpt><trkpt lat="59.36638" lon="18.09210333"><ele>0.0</ele><time>2026-06-03T09:31:20.069Z</time></trkpt><trkpt lat="59.36638" lon="18.09205667"><ele>0.0</ele><time>2026-06-03T09:31:21.069Z</time></trkpt><trkpt lat="59.36638333" lon="18.09200167"><ele>0.0</ele><time>2026-06-03T09:31:22.069Z</time></trkpt><trkpt lat="59.366385" lon="18.09194"><ele>0.0</ele><time>2026-06-03T09:31:23.069Z</time></trkpt><trkpt lat="59.36638667" lon="18.091875"><ele>0.0</ele><time>2026-06-03T09:31:24.069Z</time></trkpt><trkpt lat="59.366385" lon="18.09181333"><ele>0.0</ele><time>2026-06-03T09:31:25.069Z</time></trkpt><trkpt lat="59.36636833" lon="18.09169167"><ele>0.0</ele><time>2026-06-03T09:31:26.068Z</time></trkpt><trkpt lat="59.36636833" lon="18.09169167"><ele>0.0</ele><time>2026-06-03T09:31:27.069Z</time></trkpt><trkpt lat="59.36636167" lon="18.091635"><ele>0.0</ele><time>2026-06-03T09:31:28.069Z</time></trkpt><trkpt lat="59.36635833" lon="18.091575"><ele>0.0</ele><time>2026-06-03T09:31:29.069Z</time></trkpt><trkpt lat="59.366355" lon="18.09152167"><ele>0.0</ele><time>2026-06-03T09:31:30.069Z</time></trkpt><trkpt lat="59.36635333" lon="18.091475"><ele>0.0</ele><time>2026-06-03T09:31:31.069Z</time></trkpt><trkpt lat="59.36635667" lon="18.09142333"><ele>0.0</ele><time>2026-06-03T09:31:32.069Z</time></trkpt><trkpt lat="59.36635667" lon="18.09136833"><ele>0.0</ele><time>2026-06-03T09:31:33.069Z</time></trkpt><trkpt lat="59.36635667" lon="18.09130667"><ele>0.0</ele><time>2026-06-03T09:31:34.069Z</time></trkpt><trkpt lat="59.366355" lon="18.09125333"><ele>0.0</ele><time>2026-06-03T09:31:35.069Z</time></trkpt><trkpt lat="59.36635833" lon="18.09119333"><ele>0.0</ele><time>2026-06-03T09:31:36.069Z</time></trkpt><trkpt lat="59.36636167" lon="18.09113667"><ele>0.0</ele><time>2026-06-03T09:31:37.069Z</time></trkpt><trkpt lat="59.36636167" lon="18.09108667"><ele>0.0</ele><time>2026-06-03T09:31:38.069Z</time></trkpt><trkpt lat="59.36636167" lon="18.09103167"><ele>-2.0</ele><time>2026-06-03T09:31:39.069Z</time></trkpt><trkpt lat="59.36635833" lon="18.09098333"><ele>-1.0</ele><time>2026-06-03T09:31:40.069Z</time></trkpt><trkpt lat="59.366355" lon="18.09092833"><ele>-1.0</ele><time>2026-06-03T09:31:41.069Z</time></trkpt><trkpt lat="59.36635" lon="18.09088"><ele>-1.0</ele><time>2026-06-03T09:31:42.069Z</time></trkpt><trkpt lat="59.366345" lon="18.09082833"><ele>-1.0</ele><time>2026-06-03T09:31:43.069Z</time></trkpt><trkpt lat="59.36634333" lon="18.09077833"><ele>-1.0</ele><time>2026-06-03T09:31:44.069Z</time></trkpt><trkpt lat="59.36633667" lon="18.09072833"><ele>-1.0</ele><time>2026-06-03T09:31:45.069Z</time></trkpt><trkpt lat="59.36633167" lon="18.09067333"><ele>-1.0</ele><time>2026-06-03T09:31:46.068Z</time></trkpt><trkpt lat="59.36632667" lon="18.09062167"><ele>-1.0</ele><time>2026-06-03T09:31:47.069Z</time></trkpt><trkpt lat="59.36632" lon="18.09056"><ele>-1.0</ele><time>2026-06-03T09:31:48.069Z</time></trkpt><trkpt lat="59.36631333" lon="18.090505"><ele>-1.0</ele><time>2026-06-03T09:31:49.069Z</time></trkpt><trkpt lat="59.36631" lon="18.09044833"><ele>-1.0</ele><time>2026-06-03T09:31:50.069Z</time></trkpt><trkpt lat="59.36631" lon="18.09039167"><ele>-1.0</ele><time>2026-06-03T09:31:51.069Z</time></trkpt><trkpt lat="59.36630833" lon="18.09033833"><ele>-1.0</ele><time>2026-06-03T09:31:52.069Z</time></trkpt><trkpt lat="59.36630667" lon="18.09028"><ele>-1.0</ele><time>2026-06-03T09:31:53.068Z</time></trkpt><trkpt lat="59.36630167" lon="18.09022667"><ele>-1.0</ele><time>2026-06-03T09:31:54.069Z</time></trkpt><trkpt lat="59.3663" lon="18.09016833"><ele>-1.0</ele><time>2026-06-03T09:31:55.068Z</time></trkpt><trkpt lat="59.3663" lon="18.09010833"><ele>-1.0</ele><time>2026-06-03T09:31:56.068Z</time></trkpt><trkpt lat="59.366295" lon="18.09005333"><ele>-1.0</ele><time>2026-06-03T09:31:57.069Z</time></trkpt><trkpt lat="59.36629167" lon="18.089995"><ele>-1.0</ele><time>2026-06-03T09:31:58.069Z</time></trkpt><trkpt lat="59.366285" lon="18.08994"><ele>-1.0</ele><time>2026-06-03T09:31:59.069Z</time></trkpt><trkpt lat="59.36627833" lon="18.08989333"><ele>-1.0</ele><time>2026-06-03T09:32:00.069Z</time></trkpt><trkpt lat="59.36627333" lon="18.089845"><ele>-1.0</ele><time>2026-06-03T09:32:01.069Z</time></trkpt><trkpt lat="59.36626833" lon="18.089785"><ele>-1.0</ele><time>2026-06-03T09:32:02.069Z</time></trkpt><trkpt lat="59.366265" lon="18.08972667"><ele>-1.0</ele><time>2026-06-03T09:32:03.068Z</time></trkpt><trkpt lat="59.36625333" lon="18.08961667"><ele>-1.0</ele><time>2026-06-03T09:32:04.069Z</time></trkpt><trkpt lat="59.36625333" lon="18.08961667"><ele>-1.0</ele><time>2026-06-03T09:32:05.069Z</time></trkpt><trkpt lat="59.36625" lon="18.08956"><ele>-1.0</ele><time>2026-06-03T09:32:06.069Z</time></trkpt><trkpt lat="59.366245" lon="18.08950167"><ele>-1.0</ele><time>2026-06-03T09:32:07.069Z</time></trkpt><trkpt lat="59.36623667" lon="18.08944833"><ele>-1.0</ele><time>2026-06-03T09:32:08.069Z</time></trkpt><trkpt lat="59.36623333" lon="18.08938167"><ele>-1.0</ele><time>2026-06-03T09:32:09.069Z</time></trkpt><trkpt lat="59.36622833" lon="18.089325"><ele>-1.0</ele><time>2026-06-03T09:32:10.068Z</time></trkpt><trkpt lat="59.36622333" lon="18.08927"><ele>-1.0</ele><time>2026-06-03T09:32:11.068Z</time></trkpt><trkpt lat="59.36622" lon="18.08921"><ele>-1.0</ele><time>2026-06-03T09:32:12.069Z</time></trkpt><trkpt lat="59.366215" lon="18.08915333"><ele>-1.0</ele><time>2026-06-03T09:32:13.069Z</time></trkpt><trkpt lat="59.36621167" lon="18.08909167"><ele>-1.0</ele><time>2026-06-03T09:32:14.068Z</time></trkpt><trkpt lat="59.36621" lon="18.08903833"><ele>-1.0</ele><time>2026-06-03T09:32:15.069Z</time></trkpt><trkpt lat="59.36620667" lon="18.08898167"><ele>-1.0</ele><time>2026-06-03T09:32:16.069Z</time></trkpt><trkpt lat="59.36620833" lon="18.08892833"><ele>-1.0</ele><time>2026-06-03T09:32:17.068Z</time></trkpt><trkpt lat="59.36620667" lon="18.088875"><ele>-2.0</ele><time>2026-06-03T09:32:18.069Z</time></trkpt><trkpt lat="59.36620667" lon="18.08882333"><ele>-2.0</ele><time>2026-06-03T09:32:19.069Z</time></trkpt><trkpt lat="59.366205" lon="18.08877833"><ele>0.0</ele><time>2026-06-03T09:32:20.068Z</time></trkpt><trkpt lat="59.36620667" lon="18.08872333"><ele>0.0</ele><time>2026-06-03T09:32:21.070Z</time></trkpt><trkpt lat="59.366205" lon="18.08866833"><ele>0.0</ele><time>2026-06-03T09:32:22.069Z</time></trkpt><trkpt lat="59.366205" lon="18.088615"><ele>0.0</ele><time>2026-06-03T09:32:23.068Z</time></trkpt><trkpt lat="59.36620667" lon="18.08855833"><ele>0.0</ele><time>2026-06-03T09:32:24.068Z</time></trkpt><trkpt lat="59.36620333" lon="18.08850667"><ele>0.0</ele><time>2026-06-03T09:32:25.069Z</time></trkpt><trkpt lat="59.36619833" lon="18.08845167"><ele>0.0</ele><time>2026-06-03T09:32:26.068Z</time></trkpt><trkpt lat="59.366195" lon="18.0884"><ele>0.0</ele><time>2026-06-03T09:32:27.069Z</time></trkpt><trkpt lat="59.36619667" lon="18.088345"><ele>0.0</ele><time>2026-06-03T09:32:28.069Z</time></trkpt><trkpt lat="59.36620333" lon="18.08828833"><ele>0.0</ele><time>2026-06-03T09:32:29.068Z</time></trkpt><trkpt lat="59.36621167" lon="18.08823333"><ele>0.0</ele><time>2026-06-03T09:32:30.069Z</time></trkpt><trkpt lat="59.36622667" lon="18.08818"><ele>0.0</ele><time>2026-06-03T09:32:31.069Z</time></trkpt><trkpt lat="59.36623833" lon="18.08813"><ele>0.0</ele><time>2026-06-03T09:32:32.068Z</time></trkpt><trkpt lat="59.36625333" lon="18.08807833"><ele>0.0</ele><time>2026-06-03T09:32:33.069Z</time></trkpt><trkpt lat="59.36626833" lon="18.08802667"><ele>0.0</ele><time>2026-06-03T09:32:34.069Z</time></trkpt><trkpt lat="59.36628333" lon="18.08797333"><ele>0.0</ele><time>2026-06-03T09:32:35.068Z</time></trkpt><trkpt lat="59.36629833" lon="18.08791667"><ele>0.0</ele><time>2026-06-03T09:32:36.069Z</time></trkpt><trkpt lat="59.36631167" lon="18.087865"><ele>0.0</ele><time>2026-06-03T09:32:37.069Z</time></trkpt><trkpt lat="59.36632333" lon="18.08781167"><ele>0.0</ele><time>2026-06-03T09:32:38.068Z</time></trkpt><trkpt lat="59.36633833" lon="18.087755"><ele>0.0</ele><time>2026-06-03T09:32:39.069Z</time></trkpt><trkpt lat="59.36635167" lon="18.08770333"><ele>-1.0</ele><time>2026-06-03T09:32:40.069Z</time></trkpt><trkpt lat="59.36636667" lon="18.08765333"><ele>0.0</ele><time>2026-06-03T09:32:41.069Z</time></trkpt><trkpt lat="59.36638" lon="18.087605"><ele>0.0</ele><time>2026-06-03T09:32:42.069Z</time></trkpt><trkpt lat="59.36639333" lon="18.08755333"><ele>0.0</ele><time>2026-06-03T09:32:43.069Z</time></trkpt><trkpt lat="59.36640833" lon="18.08750167"><ele>0.0</ele><time>2026-06-03T09:32:44.068Z</time></trkpt><trkpt lat="59.36641833" lon="18.08745167"><ele>0.0</ele><time>2026-06-03T09:32:45.069Z</time></trkpt><trkpt lat="59.36643333" lon="18.087395"><ele>0.0</ele><time>2026-06-03T09:32:46.069Z</time></trkpt><trkpt lat="59.36644667" lon="18.08733833"><ele>0.0</ele><time>2026-06-03T09:32:47.069Z</time></trkpt><trkpt lat="59.36646167" lon="18.08728833"><ele>0.0</ele><time>2026-06-03T09:32:48.069Z</time></trkpt><trkpt lat="59.366475" lon="18.08724333"><ele>0.0</ele><time>2026-06-03T09:32:49.069Z</time></trkpt><trkpt lat="59.36649167" lon="18.08719667"><ele>0.0</ele><time>2026-06-03T09:32:50.069Z</time></trkpt><trkpt lat="59.36650667" lon="18.08714833"><ele>0.0</ele><time>2026-06-03T09:32:51.069Z</time></trkpt><trkpt lat="59.36652167" lon="18.08710333"><ele>0.0</ele><time>2026-06-03T09:32:52.069Z</time></trkpt><trkpt lat="59.36653833" lon="18.08705833"><ele>0.0</ele><time>2026-06-03T09:32:53.068Z</time></trkpt><trkpt lat="59.36655333" lon="18.08701333"><ele>0.0</ele><time>2026-06-03T09:32:54.069Z</time></trkpt><trkpt lat="59.36657" lon="18.08696667"><ele>0.0</ele><time>2026-06-03T09:32:55.069Z</time></trkpt><trkpt lat="59.36658833" lon="18.08692333"><ele>0.0</ele><time>2026-06-03T09:32:56.069Z</time></trkpt><trkpt lat="59.36660167" lon="18.08687167"><ele>0.0</ele><time>2026-06-03T09:32:57.069Z</time></trkpt><trkpt lat="59.366615" lon="18.086825"><ele>0.0</ele><time>2026-06-03T09:32:58.069Z</time></trkpt><trkpt lat="59.36662833" lon="18.08678667"><ele>0.0</ele><time>2026-06-03T09:32:59.069Z</time></trkpt><trkpt lat="59.36664333" lon="18.08676"><ele>0.0</ele><time>2026-06-03T09:33:00.068Z</time></trkpt><trkpt lat="59.36665833" lon="18.08673"><ele>0.0</ele><time>2026-06-03T09:33:01.069Z</time></trkpt><trkpt lat="59.36666833" lon="18.08669667"><ele>0.0</ele><time>2026-06-03T09:33:02.069Z</time></trkpt><trkpt lat="59.36668333" lon="18.086665"><ele>0.0</ele><time>2026-06-03T09:33:03.069Z</time></trkpt><trkpt lat="59.36669833" lon="18.08663333"><ele>0.0</ele><time>2026-06-03T09:33:04.069Z</time></trkpt><trkpt lat="59.366715" lon="18.08659833"><ele>0.0</ele><time>2026-06-03T09:33:05.069Z</time></trkpt><trkpt lat="59.36672833" lon="18.08657167"><ele>0.0</ele><time>2026-06-03T09:33:06.069Z</time></trkpt><trkpt lat="59.36674" lon="18.08654667"><ele>0.0</ele><time>2026-06-03T09:33:07.069Z</time></trkpt><trkpt lat="59.36675333" lon="18.08652"><ele>0.0</ele><time>2026-06-03T09:33:08.068Z</time></trkpt><trkpt lat="59.36677167" lon="18.08649333"><ele>0.0</ele><time>2026-06-03T09:33:09.069Z</time></trkpt><trkpt lat="59.36679333" lon="18.08646167"><ele>0.0</ele><time>2026-06-03T09:33:10.069Z</time></trkpt><trkpt lat="59.36681333" lon="18.08643333"><ele>0.0</ele><time>2026-06-03T09:33:11.069Z</time></trkpt><trkpt lat="59.36683833" lon="18.086405"><ele>0.0</ele><time>2026-06-03T09:33:12.069Z</time></trkpt><trkpt lat="59.36686333" lon="18.08638167"><ele>0.0</ele><time>2026-06-03T09:33:13.068Z</time></trkpt><trkpt lat="59.36689" lon="18.08635833"><ele>0.0</ele><time>2026-06-03T09:33:14.069Z</time></trkpt><trkpt lat="59.36691167" lon="18.08633"><ele>0.0</ele><time>2026-06-03T09:33:15.069Z</time></trkpt><trkpt lat="59.36693333" lon="18.08629667"><ele>0.0</ele><time>2026-06-03T09:33:16.069Z</time></trkpt><trkpt lat="59.36695667" lon="18.08626667"><ele>0.0</ele><time>2026-06-03T09:33:17.069Z</time></trkpt><trkpt lat="59.36698333" lon="18.08624"><ele>0.0</ele><time>2026-06-03T09:33:18.069Z</time></trkpt><trkpt lat="59.36700667" lon="18.086205"><ele>0.0</ele><time>2026-06-03T09:33:19.069Z</time></trkpt><trkpt lat="59.36702333" lon="18.08617167"><ele>0.0</ele><time>2026-06-03T09:33:20.069Z</time></trkpt><trkpt lat="59.36704167" lon="18.08614"><ele>0.0</ele><time>2026-06-03T09:33:21.069Z</time></trkpt><trkpt lat="59.36706333" lon="18.08609833"><ele>0.0</ele><time>2026-06-03T09:33:22.069Z</time></trkpt><trkpt lat="59.36708333" lon="18.086055"><ele>0.0</ele><time>2026-06-03T09:33:23.069Z</time></trkpt><trkpt lat="59.36710167" lon="18.08601667"><ele>0.0</ele><time>2026-06-03T09:33:24.069Z</time></trkpt><trkpt lat="59.36712" lon="18.08597167"><ele>0.0</ele><time>2026-06-03T09:33:25.069Z</time></trkpt><trkpt lat="59.367135" lon="18.08592"><ele>1.0</ele><time>2026-06-03T09:33:26.069Z</time></trkpt><trkpt lat="59.36714833" lon="18.08587667"><ele>1.0</ele><time>2026-06-03T09:33:27.069Z</time></trkpt><trkpt lat="59.36716" lon="18.08581833"><ele>1.0</ele><time>2026-06-03T09:33:28.069Z</time></trkpt><trkpt lat="59.36717333" lon="18.08577333"><ele>1.0</ele><time>2026-06-03T09:33:29.069Z</time></trkpt><trkpt lat="59.36718833" lon="18.085725"><ele>1.0</ele><time>2026-06-03T09:33:30.069Z</time></trkpt><trkpt lat="59.36720833" lon="18.08568"><ele>1.0</ele><time>2026-06-03T09:33:31.069Z</time></trkpt><trkpt lat="59.36723" lon="18.08563167"><ele>1.0</ele><time>2026-06-03T09:33:32.069Z</time></trkpt><trkpt lat="59.36725167" lon="18.08558667"><ele>1.0</ele><time>2026-06-03T09:33:33.069Z</time></trkpt><trkpt lat="59.36728333" lon="18.0855"><ele>1.0</ele><time>2026-06-03T09:33:34.069Z</time></trkpt><trkpt lat="59.36728333" lon="18.0855"><ele>1.0</ele><time>2026-06-03T09:33:35.069Z</time></trkpt><trkpt lat="59.36729833" lon="18.085465"><ele>1.0</ele><time>2026-06-03T09:33:36.069Z</time></trkpt><trkpt lat="59.36731" lon="18.085435"><ele>1.0</ele><time>2026-06-03T09:33:37.069Z</time></trkpt><trkpt lat="59.36732667" lon="18.08540167"><ele>1.0</ele><time>2026-06-03T09:33:38.069Z</time></trkpt><trkpt lat="59.36735167" lon="18.08536667"><ele>1.0</ele><time>2026-06-03T09:33:39.069Z</time></trkpt><trkpt lat="59.36737833" lon="18.08534"><ele>1.0</ele><time>2026-06-03T09:33:40.069Z</time></trkpt><trkpt lat="59.36740333" lon="18.085305"><ele>1.0</ele><time>2026-06-03T09:33:41.069Z</time></trkpt><trkpt lat="59.36743" lon="18.085275"><ele>1.0</ele><time>2026-06-03T09:33:42.068Z</time></trkpt><trkpt lat="59.36745833" lon="18.08524667"><ele>1.0</ele><time>2026-06-03T09:33:43.069Z</time></trkpt><trkpt lat="59.36748667" lon="18.085225"><ele>1.0</ele><time>2026-06-03T09:33:44.069Z</time></trkpt><trkpt lat="59.367515" lon="18.08520167"><ele>1.0</ele><time>2026-06-03T09:33:45.068Z</time></trkpt><trkpt lat="59.367545" lon="18.08518333"><ele>0.0</ele><time>2026-06-03T09:33:46.069Z</time></trkpt><trkpt lat="59.36757833" lon="18.08516"><ele>0.0</ele><time>2026-06-03T09:33:47.069Z</time></trkpt><trkpt lat="59.36760833" lon="18.08514167"><ele>0.0</ele><time>2026-06-03T09:33:48.069Z</time></trkpt><trkpt lat="59.367635" lon="18.08511667"><ele>0.0</ele><time>2026-06-03T09:33:49.069Z</time></trkpt><trkpt lat="59.36766333" lon="18.08509333"><ele>0.0</ele><time>2026-06-03T09:33:50.069Z</time></trkpt><trkpt lat="59.367685" lon="18.085065"><ele>0.0</ele><time>2026-06-03T09:33:51.069Z</time></trkpt><trkpt lat="59.36770833" lon="18.085035"><ele>0.0</ele><time>2026-06-03T09:33:52.068Z</time></trkpt><trkpt lat="59.36772833" lon="18.084995"><ele>0.0</ele><time>2026-06-03T09:33:53.069Z</time></trkpt><trkpt lat="59.36775333" lon="18.084955"><ele>0.0</ele><time>2026-06-03T09:33:54.069Z</time></trkpt><trkpt lat="59.36776833" lon="18.0849"><ele>0.0</ele><time>2026-06-03T09:33:55.069Z</time></trkpt><trkpt lat="59.36778333" lon="18.084845"><ele>0.0</ele><time>2026-06-03T09:33:56.069Z</time></trkpt><trkpt lat="59.36779667" lon="18.08479333"><ele>0.0</ele><time>2026-06-03T09:33:57.069Z</time></trkpt><trkpt lat="59.36781167" lon="18.08475833"><ele>0.0</ele><time>2026-06-03T09:33:58.069Z</time></trkpt><trkpt lat="59.36782667" lon="18.08472833"><ele>0.0</ele><time>2026-06-03T09:33:59.069Z</time></trkpt><trkpt lat="59.36785" lon="18.08468833"><ele>0.0</ele><time>2026-06-03T09:34:00.069Z</time></trkpt><trkpt lat="59.36786167" lon="18.084655"><ele>0.0</ele><time>2026-06-03T09:34:01.069Z</time></trkpt><trkpt lat="59.36787833" lon="18.08462"><ele>0.0</ele><time>2026-06-03T09:34:02.069Z</time></trkpt><trkpt lat="59.36789667" lon="18.08459333"><ele>0.0</ele><time>2026-06-03T09:34:03.069Z</time></trkpt><trkpt lat="59.36791667" lon="18.08456167"><ele>0.0</ele><time>2026-06-03T09:34:04.069Z</time></trkpt><trkpt lat="59.36793333" lon="18.08452833"><ele>0.0</ele><time>2026-06-03T09:34:05.069Z</time></trkpt><trkpt lat="59.36794833" lon="18.08448833"><ele>0.0</ele><time>2026-06-03T09:34:06.069Z</time></trkpt><trkpt lat="59.367965" lon="18.08445"><ele>0.0</ele><time>2026-06-03T09:34:07.069Z</time></trkpt><trkpt lat="59.36798167" lon="18.084415"><ele>0.0</ele><time>2026-06-03T09:34:08.069Z</time></trkpt><trkpt lat="59.36799333" lon="18.08437667"><ele>0.0</ele><time>2026-06-03T09:34:09.069Z</time></trkpt><trkpt lat="59.36800667" lon="18.08434167"><ele>0.0</ele><time>2026-06-03T09:34:10.069Z</time></trkpt><trkpt lat="59.36802333" lon="18.08430667"><ele>0.0</ele><time>2026-06-03T09:34:11.069Z</time></trkpt><trkpt lat="59.36804333" lon="18.08426667"><ele>0.0</ele><time>2026-06-03T09:34:12.069Z</time></trkpt><trkpt lat="59.36806167" lon="18.08421833"><ele>0.0</ele><time>2026-06-03T09:34:13.069Z</time></trkpt><trkpt lat="59.36808333" lon="18.08417167"><ele>0.0</ele><time>2026-06-03T09:34:14.069Z</time></trkpt><trkpt lat="59.36809833" lon="18.084125"><ele>0.0</ele><time>2026-06-03T09:34:15.069Z</time></trkpt><trkpt lat="59.36810833" lon="18.08408167"><ele>0.0</ele><time>2026-06-03T09:34:16.069Z</time></trkpt><trkpt lat="59.368125" lon="18.08404833"><ele>0.0</ele><time>2026-06-03T09:34:17.069Z</time></trkpt><trkpt lat="59.368145" lon="18.08402167"><ele>0.0</ele><time>2026-06-03T09:34:18.069Z</time></trkpt><trkpt lat="59.36815833" lon="18.08398"><ele>0.0</ele><time>2026-06-03T09:34:19.069Z</time></trkpt><trkpt lat="59.36817333" lon="18.08394167"><ele>0.0</ele><time>2026-06-03T09:34:20.069Z</time></trkpt><trkpt lat="59.36819" lon="18.08389167"><ele>0.0</ele><time>2026-06-03T09:34:21.069Z</time></trkpt><trkpt lat="59.36819667" lon="18.08385"><ele>0.0</ele><time>2026-06-03T09:34:22.069Z</time></trkpt><trkpt lat="59.36820667" lon="18.08381333"><ele>0.0</ele><time>2026-06-03T09:34:23.069Z</time></trkpt><trkpt lat="59.36821667" lon="18.08378667"><ele>0.0</ele><time>2026-06-03T09:34:24.069Z</time></trkpt><trkpt lat="59.36822667" lon="18.08375167"><ele>0.0</ele><time>2026-06-03T09:34:25.069Z</time></trkpt><trkpt lat="59.36824" lon="18.08371833"><ele>0.0</ele><time>2026-06-03T09:34:26.069Z</time></trkpt><trkpt lat="59.36825667" lon="18.08368167"><ele>0.0</ele><time>2026-06-03T09:34:27.069Z</time></trkpt><trkpt lat="59.36826833" lon="18.08364167"><ele>0.0</ele><time>2026-06-03T09:34:28.069Z</time></trkpt><trkpt lat="59.36828" lon="18.08360333"><ele>0.0</ele><time>2026-06-03T09:34:29.069Z</time></trkpt><trkpt lat="59.36829167" lon="18.08356"><ele>0.0</ele><time>2026-06-03T09:34:30.069Z</time></trkpt><trkpt lat="59.3683" lon="18.08351667"><ele>0.0</ele><time>2026-06-03T09:34:31.069Z</time></trkpt><trkpt lat="59.368305" lon="18.08348"><ele>0.0</ele><time>2026-06-03T09:34:32.069Z</time></trkpt><trkpt lat="59.36831167" lon="18.083435"><ele>0.0</ele><time>2026-06-03T09:34:33.068Z</time></trkpt><trkpt lat="59.36831833" lon="18.0834"><ele>0.0</ele><time>2026-06-03T09:34:34.069Z</time></trkpt><trkpt lat="59.36832667" lon="18.08337"><ele>0.0</ele><time>2026-06-03T09:34:35.069Z</time></trkpt><trkpt lat="59.36834" lon="18.08334"><ele>0.0</ele><time>2026-06-03T09:34:36.069Z</time></trkpt><trkpt lat="59.36835833" lon="18.0833"><ele>0.0</ele><time>2026-06-03T09:34:37.069Z</time></trkpt><trkpt lat="59.368375" lon="18.08325167"><ele>0.0</ele><time>2026-06-03T09:34:38.069Z</time></trkpt><trkpt lat="59.36838333" lon="18.08320333"><ele>0.0</ele><time>2026-06-03T09:34:39.069Z</time></trkpt><trkpt lat="59.368395" lon="18.08316667"><ele>0.0</ele><time>2026-06-03T09:34:40.068Z</time></trkpt><trkpt lat="59.36840833" lon="18.08313167"><ele>0.0</ele><time>2026-06-03T09:34:41.069Z</time></trkpt><trkpt lat="59.36842" lon="18.08308833"><ele>0.0</ele><time>2026-06-03T09:34:42.069Z</time></trkpt><trkpt lat="59.36843333" lon="18.08303833"><ele>0.0</ele><time>2026-06-03T09:34:43.069Z</time></trkpt><trkpt lat="59.36844667" lon="18.08299667"><ele>0.0</ele><time>2026-06-03T09:34:44.069Z</time></trkpt><trkpt lat="59.36844833" lon="18.08294833"><ele>0.0</ele><time>2026-06-03T09:34:45.069Z</time></trkpt><trkpt lat="59.36845" lon="18.08290833"><ele>0.0</ele><time>2026-06-03T09:34:46.069Z</time></trkpt><trkpt lat="59.36845167" lon="18.08287833"><ele>0.0</ele><time>2026-06-03T09:34:47.068Z</time></trkpt><trkpt lat="59.368465" lon="18.08283833"><ele>0.0</ele><time>2026-06-03T09:34:48.069Z</time></trkpt><trkpt lat="59.36848167" lon="18.08279667"><ele>0.0</ele><time>2026-06-03T09:34:49.069Z</time></trkpt><trkpt lat="59.36849833" lon="18.08275"><ele>0.0</ele><time>2026-06-03T09:34:50.069Z</time></trkpt><trkpt lat="59.36852" lon="18.08270667"><ele>0.0</ele><time>2026-06-03T09:34:51.069Z</time></trkpt><trkpt lat="59.36853833" lon="18.08266667"><ele>0.0</ele><time>2026-06-03T09:34:52.069Z</time></trkpt><trkpt lat="59.368555" lon="18.08263"><ele>0.0</ele><time>2026-06-03T09:34:53.068Z</time></trkpt><trkpt lat="59.36856" lon="18.08260333"><ele>0.0</ele><time>2026-06-03T09:34:54.068Z</time></trkpt><trkpt lat="59.36857333" lon="18.08256833"><ele>0.0</ele><time>2026-06-03T09:34:55.068Z</time></trkpt><trkpt lat="59.368575" lon="18.08253333"><ele>0.0</ele><time>2026-06-03T09:34:56.069Z</time></trkpt><trkpt lat="59.36858333" lon="18.08250167"><ele>0.0</ele><time>2026-06-03T09:34:57.069Z</time></trkpt><trkpt lat="59.368585" lon="18.08247833"><ele>0.0</ele><time>2026-06-03T09:34:58.069Z</time></trkpt><trkpt lat="59.368595" lon="18.08245667"><ele>0.0</ele><time>2026-06-03T09:34:59.069Z</time></trkpt><trkpt lat="59.36860667" lon="18.08243"><ele>0.0</ele><time>2026-06-03T09:35:00.069Z</time></trkpt><trkpt lat="59.36862" lon="18.08239667"><ele>0.0</ele><time>2026-06-03T09:35:01.068Z</time></trkpt><trkpt lat="59.36863" lon="18.08235167"><ele>0.0</ele><time>2026-06-03T09:35:02.069Z</time></trkpt><trkpt lat="59.368635" lon="18.08229667"><ele>0.0</ele><time>2026-06-03T09:35:03.069Z</time></trkpt><trkpt lat="59.36864" lon="18.082245"><ele>0.0</ele><time>2026-06-03T09:35:04.069Z</time></trkpt><trkpt lat="59.36863167" lon="18.08219"><ele>0.0</ele><time>2026-06-03T09:35:05.069Z</time></trkpt><trkpt lat="59.36863" lon="18.08214"><ele>0.0</ele><time>2026-06-03T09:35:06.069Z</time></trkpt><trkpt lat="59.36864833" lon="18.08210667"><ele>0.0</ele><time>2026-06-03T09:35:07.069Z</time></trkpt><trkpt lat="59.36865833" lon="18.08204833"><ele>0.0</ele><time>2026-06-03T09:35:08.068Z</time></trkpt><trkpt lat="59.36865833" lon="18.08198833"><ele>0.0</ele><time>2026-06-03T09:35:09.069Z</time></trkpt><trkpt lat="59.36865833" lon="18.08192667"><ele>1.0</ele><time>2026-06-03T09:35:10.069Z</time></trkpt><trkpt lat="59.36866167" lon="18.08186833"><ele>1.0</ele><time>2026-06-03T09:35:11.069Z</time></trkpt><trkpt lat="59.36866667" lon="18.08181667"><ele>1.0</ele><time>2026-06-03T09:35:12.069Z</time></trkpt><trkpt lat="59.36867167" lon="18.08176667"><ele>1.0</ele><time>2026-06-03T09:35:13.069Z</time></trkpt><trkpt lat="59.36867667" lon="18.08171833"><ele>1.0</ele><time>2026-06-03T09:35:14.069Z</time></trkpt><trkpt lat="59.36868333" lon="18.08166333"><ele>1.0</ele><time>2026-06-03T09:35:15.068Z</time></trkpt><trkpt lat="59.36868" lon="18.08161167"><ele>1.0</ele><time>2026-06-03T09:35:16.069Z</time></trkpt><trkpt lat="59.368675" lon="18.081565"><ele>1.0</ele><time>2026-06-03T09:35:17.069Z</time></trkpt><trkpt lat="59.36867167" lon="18.08150833"><ele>1.0</ele><time>2026-06-03T09:35:18.068Z</time></trkpt><trkpt lat="59.36867167" lon="18.08144667"><ele>1.0</ele><time>2026-06-03T09:35:19.069Z</time></trkpt><trkpt lat="59.36868167" lon="18.08139333"><ele>1.0</ele><time>2026-06-03T09:35:20.068Z</time></trkpt><trkpt lat="59.36868" lon="18.08134833"><ele>1.0</ele><time>2026-06-03T09:35:21.069Z</time></trkpt><trkpt lat="59.36868333" lon="18.08131"><ele>1.0</ele><time>2026-06-03T09:35:22.068Z</time></trkpt><trkpt lat="59.368675" lon="18.08125167"><ele>1.0</ele><time>2026-06-03T09:35:23.069Z</time></trkpt><trkpt lat="59.36865833" lon="18.08119833"><ele>1.0</ele><time>2026-06-03T09:35:24.069Z</time></trkpt><trkpt lat="59.36865" lon="18.081145"><ele>1.0</ele><time>2026-06-03T09:35:25.069Z</time></trkpt><trkpt lat="59.368645" lon="18.08109"><ele>1.0</ele><time>2026-06-03T09:35:26.068Z</time></trkpt><trkpt lat="59.36864667" lon="18.08104167"><ele>1.0</ele><time>2026-06-03T09:35:27.069Z</time></trkpt><trkpt lat="59.36866167" lon="18.08098667"><ele>1.0</ele><time>2026-06-03T09:35:28.068Z</time></trkpt><trkpt lat="59.36866833" lon="18.08093333"><ele>1.0</ele><time>2026-06-03T09:35:29.069Z</time></trkpt><trkpt lat="59.36866833" lon="18.08089167"><ele>1.0</ele><time>2026-06-03T09:35:30.069Z</time></trkpt><trkpt lat="59.36867" lon="18.08085333"><ele>1.0</ele><time>2026-06-03T09:35:31.069Z</time></trkpt><trkpt lat="59.36866833" lon="18.080815"><ele>1.0</ele><time>2026-06-03T09:35:32.069Z</time></trkpt><trkpt lat="59.36866667" lon="18.08078333"><ele>1.0</ele><time>2026-06-03T09:35:33.069Z</time></trkpt><trkpt lat="59.36866333" lon="18.08075667"><ele>1.0</ele><time>2026-06-03T09:35:34.068Z</time></trkpt><trkpt lat="59.36866" lon="18.08072333"><ele>0.0</ele><time>2026-06-03T09:35:35.069Z</time></trkpt><trkpt lat="59.36865833" lon="18.08068833"><ele>0.0</ele><time>2026-06-03T09:35:36.069Z</time></trkpt><trkpt lat="59.36865667" lon="18.08064333"><ele>0.0</ele><time>2026-06-03T09:35:37.069Z</time></trkpt><trkpt lat="59.368655" lon="18.08060333"><ele>0.0</ele><time>2026-06-03T09:35:38.069Z</time></trkpt><trkpt lat="59.36866333" lon="18.08056"><ele>0.0</ele><time>2026-06-03T09:35:39.069Z</time></trkpt><trkpt lat="59.36867167" lon="18.08052833"><ele>0.0</ele><time>2026-06-03T09:35:40.068Z</time></trkpt><trkpt lat="59.36868" lon="18.0805"><ele>0.0</ele><time>2026-06-03T09:35:41.069Z</time></trkpt><trkpt lat="59.36868833" lon="18.08047667"><ele>0.0</ele><time>2026-06-03T09:35:42.069Z</time></trkpt><trkpt lat="59.36870167" lon="18.080445"><ele>0.0</ele><time>2026-06-03T09:35:43.069Z</time></trkpt><trkpt lat="59.36871333" lon="18.080405"><ele>0.0</ele><time>2026-06-03T09:35:44.069Z</time></trkpt><trkpt lat="59.36872333" lon="18.08036167"><ele>0.0</ele><time>2026-06-03T09:35:45.069Z</time></trkpt><trkpt lat="59.36873" lon="18.08031333"><ele>0.0</ele><time>2026-06-03T09:35:46.069Z</time></trkpt><trkpt lat="59.368735" lon="18.08027"><ele>0.0</ele><time>2026-06-03T09:35:47.069Z</time></trkpt><trkpt lat="59.36873667" lon="18.08022"><ele>0.0</ele><time>2026-06-03T09:35:48.069Z</time></trkpt><trkpt lat="59.36874" lon="18.08017"><ele>0.0</ele><time>2026-06-03T09:35:49.069Z</time></trkpt><trkpt lat="59.36873167" lon="18.0801"><ele>0.0</ele><time>2026-06-03T09:35:50.069Z</time></trkpt><trkpt lat="59.36873" lon="18.08004167"><ele>0.0</ele><time>2026-06-03T09:35:51.069Z</time></trkpt><trkpt lat="59.36873333" lon="18.07999167"><ele>0.0</ele><time>2026-06-03T09:35:52.069Z</time></trkpt><trkpt lat="59.36873333" lon="18.07993833"><ele>0.0</ele><time>2026-06-03T09:35:53.069Z</time></trkpt><trkpt lat="59.36873833" lon="18.07988167"><ele>0.0</ele><time>2026-06-03T09:35:54.068Z</time></trkpt><trkpt lat="59.36873833" lon="18.07983667"><ele>0.0</ele><time>2026-06-03T09:35:55.068Z</time></trkpt><trkpt lat="59.36875" lon="18.07979833"><ele>0.0</ele><time>2026-06-03T09:35:56.069Z</time></trkpt><trkpt lat="59.36875833" lon="18.07975167"><ele>0.0</ele><time>2026-06-03T09:35:57.069Z</time></trkpt><trkpt lat="59.36877" lon="18.0797"><ele>0.0</ele><time>2026-06-03T09:35:58.068Z</time></trkpt><trkpt lat="59.36877667" lon="18.07964833"><ele>0.0</ele><time>2026-06-03T09:35:59.069Z</time></trkpt><trkpt lat="59.36877833" lon="18.07959"><ele>0.0</ele><time>2026-06-03T09:36:00.069Z</time></trkpt><trkpt lat="59.36878" lon="18.07953"><ele>0.0</ele><time>2026-06-03T09:36:01.069Z</time></trkpt><trkpt lat="59.36877667" lon="18.079475"><ele>0.0</ele><time>2026-06-03T09:36:02.069Z</time></trkpt><trkpt lat="59.36877" lon="18.07942833"><ele>0.0</ele><time>2026-06-03T09:36:03.069Z</time></trkpt><trkpt lat="59.36876833" lon="18.079385"><ele>0.0</ele><time>2026-06-03T09:36:04.069Z</time></trkpt><trkpt lat="59.36876667" lon="18.07933833"><ele>0.0</ele><time>2026-06-03T09:36:05.069Z</time></trkpt><trkpt lat="59.36876333" lon="18.079275"><ele>0.0</ele><time>2026-06-03T09:36:06.069Z</time></trkpt><trkpt lat="59.36877" lon="18.07921833"><ele>0.0</ele><time>2026-06-03T09:36:07.069Z</time></trkpt><trkpt lat="59.36878" lon="18.07916"><ele>0.0</ele><time>2026-06-03T09:36:08.069Z</time></trkpt><trkpt lat="59.36879" lon="18.079105"><ele>0.0</ele><time>2026-06-03T09:36:09.069Z</time></trkpt><trkpt lat="59.36880333" lon="18.07905667"><ele>0.0</ele><time>2026-06-03T09:36:10.068Z</time></trkpt><trkpt lat="59.36881833" lon="18.07900833"><ele>0.0</ele><time>2026-06-03T09:36:11.069Z</time></trkpt><trkpt lat="59.368835" lon="18.078965"><ele>0.0</ele><time>2026-06-03T09:36:12.069Z</time></trkpt><trkpt lat="59.36885" lon="18.07892333"><ele>0.0</ele><time>2026-06-03T09:36:13.069Z</time></trkpt><trkpt lat="59.36886167" lon="18.07888667"><ele>0.0</ele><time>2026-06-03T09:36:14.069Z</time></trkpt><trkpt lat="59.36887833" lon="18.07884667"><ele>0.0</ele><time>2026-06-03T09:36:15.069Z</time></trkpt><trkpt lat="59.36889" lon="18.07879333"><ele>0.0</ele><time>2026-06-03T09:36:16.069Z</time></trkpt><trkpt lat="59.36890167" lon="18.07875167"><ele>0.0</ele><time>2026-06-03T09:36:17.069Z</time></trkpt><trkpt lat="59.36891667" lon="18.07871667"><ele>0.0</ele><time>2026-06-03T09:36:18.069Z</time></trkpt><trkpt lat="59.36893667" lon="18.0787"><ele>0.0</ele><time>2026-06-03T09:36:19.069Z</time></trkpt><trkpt lat="59.36896" lon="18.0787"><ele>0.0</ele><time>2026-06-03T09:36:20.069Z</time></trkpt><trkpt lat="59.36898333" lon="18.07868667"><ele>0.0</ele><time>2026-06-03T09:36:21.069Z</time></trkpt><trkpt lat="59.36901" lon="18.07866333"><ele>0.0</ele><time>2026-06-03T09:36:22.069Z</time></trkpt><trkpt lat="59.36903333" lon="18.07863667"><ele>0.0</ele><time>2026-06-03T09:36:23.069Z</time></trkpt><trkpt lat="59.36905667" lon="18.07860333"><ele>0.0</ele><time>2026-06-03T09:36:24.068Z</time></trkpt><trkpt lat="59.36908333" lon="18.07857333"><ele>0.0</ele><time>2026-06-03T09:36:25.069Z</time></trkpt><trkpt lat="59.369105" lon="18.07854667"><ele>0.0</ele><time>2026-06-03T09:36:26.069Z</time></trkpt><trkpt lat="59.36912333" lon="18.07851833"><ele>0.0</ele><time>2026-06-03T09:36:27.069Z</time></trkpt><trkpt lat="59.36914833" lon="18.07848833"><ele>0.0</ele><time>2026-06-03T09:36:28.069Z</time></trkpt><trkpt lat="59.36917333" lon="18.07845667"><ele>0.0</ele><time>2026-06-03T09:36:29.069Z</time></trkpt><trkpt lat="59.3692" lon="18.078425"><ele>0.0</ele><time>2026-06-03T09:36:30.069Z</time></trkpt><trkpt lat="59.36922667" lon="18.07839667"><ele>0.0</ele><time>2026-06-03T09:36:31.069Z</time></trkpt><trkpt lat="59.36924833" lon="18.07837"><ele>0.0</ele><time>2026-06-03T09:36:32.069Z</time></trkpt><trkpt lat="59.36927333" lon="18.07833167"><ele>0.0</ele><time>2026-06-03T09:36:33.069Z</time></trkpt><trkpt lat="59.36929833" lon="18.07829167"><ele>0.0</ele><time>2026-06-03T09:36:34.069Z</time></trkpt><trkpt lat="59.36932167" lon="18.07824833"><ele>0.0</ele><time>2026-06-03T09:36:35.069Z</time></trkpt><trkpt lat="59.36934" lon="18.07821"><ele>0.0</ele><time>2026-06-03T09:36:36.069Z</time></trkpt><trkpt lat="59.36935667" lon="18.07817167"><ele>0.0</ele><time>2026-06-03T09:36:37.069Z</time></trkpt><trkpt lat="59.36937333" lon="18.07813333"><ele>0.0</ele><time>2026-06-03T09:36:38.069Z</time></trkpt><trkpt lat="59.36938833" lon="18.07809167"><ele>0.0</ele><time>2026-06-03T09:36:39.069Z</time></trkpt><trkpt lat="59.36940833" lon="18.07805167"><ele>0.0</ele><time>2026-06-03T09:36:40.068Z</time></trkpt><trkpt lat="59.36942667" lon="18.078005"><ele>0.0</ele><time>2026-06-03T09:36:41.069Z</time></trkpt><trkpt lat="59.36944833" lon="18.077955"><ele>0.0</ele><time>2026-06-03T09:36:42.069Z</time></trkpt><trkpt lat="59.36946833" lon="18.07791167"><ele>0.0</ele><time>2026-06-03T09:36:43.069Z</time></trkpt><trkpt lat="59.36948833" lon="18.07788"><ele>0.0</ele><time>2026-06-03T09:36:44.069Z</time></trkpt><trkpt lat="59.36951" lon="18.077835"><ele>0.0</ele><time>2026-06-03T09:36:45.069Z</time></trkpt><trkpt lat="59.369525" lon="18.07778667"><ele>0.0</ele><time>2026-06-03T09:36:46.069Z</time></trkpt><trkpt lat="59.36954167" lon="18.07774667"><ele>0.0</ele><time>2026-06-03T09:36:47.069Z</time></trkpt><trkpt lat="59.36955167" lon="18.077715"><ele>0.0</ele><time>2026-06-03T09:36:48.069Z</time></trkpt><trkpt lat="59.36956833" lon="18.07768"><ele>0.0</ele><time>2026-06-03T09:36:49.069Z</time></trkpt><trkpt lat="59.36958833" lon="18.077645"><ele>0.0</ele><time>2026-06-03T09:36:50.069Z</time></trkpt><trkpt lat="59.36960833" lon="18.07760667"><ele>0.0</ele><time>2026-06-03T09:36:51.069Z</time></trkpt><trkpt lat="59.36962667" lon="18.07757333"><ele>0.0</ele><time>2026-06-03T09:36:52.069Z</time></trkpt><trkpt lat="59.369645" lon="18.07754333"><ele>0.0</ele><time>2026-06-03T09:36:53.069Z</time></trkpt><trkpt lat="59.369665" lon="18.07751167"><ele>0.0</ele><time>2026-06-03T09:36:54.068Z</time></trkpt><trkpt lat="59.36968" lon="18.07747333"><ele>0.0</ele><time>2026-06-03T09:36:55.069Z</time></trkpt><trkpt lat="59.36970333" lon="18.077435"><ele>0.0</ele><time>2026-06-03T09:36:56.069Z</time></trkpt><trkpt lat="59.369725" lon="18.07739667"><ele>0.0</ele><time>2026-06-03T09:36:57.069Z</time></trkpt><trkpt lat="59.36974667" lon="18.07735333"><ele>0.0</ele><time>2026-06-03T09:36:58.069Z</time></trkpt><trkpt lat="59.36976" lon="18.07730667"><ele>0.0</ele><time>2026-06-03T09:36:59.069Z</time></trkpt><trkpt lat="59.36976833" lon="18.07726167"><ele>0.0</ele><time>2026-06-03T09:37:00.069Z</time></trkpt><trkpt lat="59.36977833" lon="18.07722833"><ele>0.0</ele><time>2026-06-03T09:37:01.069Z</time></trkpt><trkpt lat="59.36978833" lon="18.07718333"><ele>0.0</ele><time>2026-06-03T09:37:02.069Z</time></trkpt><trkpt lat="59.36980167" lon="18.07714667"><ele>0.0</ele><time>2026-06-03T09:37:03.069Z</time></trkpt><trkpt lat="59.36981333" lon="18.077115"><ele>0.0</ele><time>2026-06-03T09:37:04.069Z</time></trkpt><trkpt lat="59.36983167" lon="18.07708667"><ele>0.0</ele><time>2026-06-03T09:37:05.069Z</time></trkpt><trkpt lat="59.369845" lon="18.07705333"><ele>0.0</ele><time>2026-06-03T09:37:06.069Z</time></trkpt><trkpt lat="59.36986167" lon="18.07701833"><ele>1.0</ele><time>2026-06-03T09:37:07.069Z</time></trkpt><trkpt lat="59.36987833" lon="18.07698667"><ele>1.0</ele><time>2026-06-03T09:37:08.069Z</time></trkpt><trkpt lat="59.36989833" lon="18.076955"><ele>1.0</ele><time>2026-06-03T09:37:09.069Z</time></trkpt><trkpt lat="59.36992167" lon="18.076905"><ele>1.0</ele><time>2026-06-03T09:37:10.068Z</time></trkpt><trkpt lat="59.36994167" lon="18.07687167"><ele>1.0</ele><time>2026-06-03T09:37:11.069Z</time></trkpt><trkpt lat="59.36996333" lon="18.076835"><ele>1.0</ele><time>2026-06-03T09:37:12.069Z</time></trkpt><trkpt lat="59.36998" lon="18.07679667"><ele>1.0</ele><time>2026-06-03T09:37:13.069Z</time></trkpt><trkpt lat="59.37000167" lon="18.076755"><ele>1.0</ele><time>2026-06-03T09:37:14.069Z</time></trkpt><trkpt lat="59.370015" lon="18.0767"><ele>1.0</ele><time>2026-06-03T09:37:15.069Z</time></trkpt><trkpt lat="59.37002833" lon="18.07663667"><ele>1.0</ele><time>2026-06-03T09:37:16.069Z</time></trkpt><trkpt lat="59.37003667" lon="18.07656833"><ele>1.0</ele><time>2026-06-03T09:37:17.068Z</time></trkpt><trkpt lat="59.37004333" lon="18.07651667"><ele>1.0</ele><time>2026-06-03T09:37:18.069Z</time></trkpt><trkpt lat="59.37005167" lon="18.07646"><ele>1.0</ele><time>2026-06-03T09:37:19.069Z</time></trkpt><trkpt lat="59.37006" lon="18.07640167"><ele>1.0</ele><time>2026-06-03T09:37:20.069Z</time></trkpt><trkpt lat="59.37006833" lon="18.07634167"><ele>1.0</ele><time>2026-06-03T09:37:21.068Z</time></trkpt><trkpt lat="59.37007167" lon="18.07628833"><ele>2.0</ele><time>2026-06-03T09:37:22.068Z</time></trkpt><trkpt lat="59.37007333" lon="18.076235"><ele>2.0</ele><time>2026-06-03T09:37:23.068Z</time></trkpt><trkpt lat="59.37007667" lon="18.07619"><ele>2.0</ele><time>2026-06-03T09:37:24.068Z</time></trkpt><trkpt lat="59.37008833" lon="18.07614667"><ele>2.0</ele><time>2026-06-03T09:37:25.069Z</time></trkpt><trkpt lat="59.37009833" lon="18.07610167"><ele>2.0</ele><time>2026-06-03T09:37:26.069Z</time></trkpt><trkpt lat="59.37010667" lon="18.07604333"><ele>2.0</ele><time>2026-06-03T09:37:27.069Z</time></trkpt><trkpt lat="59.37011167" lon="18.07598833"><ele>2.0</ele><time>2026-06-03T09:37:28.069Z</time></trkpt><trkpt lat="59.37012" lon="18.07593"><ele>2.0</ele><time>2026-06-03T09:37:29.069Z</time></trkpt><trkpt lat="59.37013667" lon="18.07588"><ele>2.0</ele><time>2026-06-03T09:37:30.069Z</time></trkpt><trkpt lat="59.370155" lon="18.07583667"><ele>3.0</ele><time>2026-06-03T09:37:31.068Z</time></trkpt><trkpt lat="59.370175" lon="18.0758"><ele>3.0</ele><time>2026-06-03T09:37:32.069Z</time></trkpt><trkpt lat="59.37019333" lon="18.07577167"><ele>3.0</ele><time>2026-06-03T09:37:33.069Z</time></trkpt><trkpt lat="59.37021" lon="18.07574667"><ele>3.0</ele><time>2026-06-03T09:37:34.069Z</time></trkpt><trkpt lat="59.370225" lon="18.07572"><ele>3.0</ele><time>2026-06-03T09:37:35.068Z</time></trkpt><trkpt lat="59.37024333" lon="18.07569167"><ele>3.0</ele><time>2026-06-03T09:37:36.068Z</time></trkpt><trkpt lat="59.37026" lon="18.07567167"><ele>3.0</ele><time>2026-06-03T09:37:37.069Z</time></trkpt><trkpt lat="59.37028333" lon="18.07565167"><ele>3.0</ele><time>2026-06-03T09:37:38.068Z</time></trkpt><trkpt lat="59.37030667" lon="18.07563167"><ele>3.0</ele><time>2026-06-03T09:37:39.069Z</time></trkpt><trkpt lat="59.370335" lon="18.07562"><ele>3.0</ele><time>2026-06-03T09:37:40.069Z</time></trkpt><trkpt lat="59.37035667" lon="18.075605"><ele>3.0</ele><time>2026-06-03T09:37:41.069Z</time></trkpt><trkpt lat="59.37037667" lon="18.07557833"><ele>3.0</ele><time>2026-06-03T09:37:42.069Z</time></trkpt><trkpt lat="59.37039167" lon="18.07555167"><ele>4.0</ele><time>2026-06-03T09:37:43.069Z</time></trkpt><trkpt lat="59.37041167" lon="18.07552333"><ele>4.0</ele><time>2026-06-03T09:37:44.069Z</time></trkpt><trkpt lat="59.370435" lon="18.07549667"><ele>4.0</ele><time>2026-06-03T09:37:45.068Z</time></trkpt><trkpt lat="59.37046" lon="18.07545167"><ele>4.0</ele><time>2026-06-03T09:37:46.069Z</time></trkpt><trkpt lat="59.37048667" lon="18.07540333"><ele>4.0</ele><time>2026-06-03T09:37:47.069Z</time></trkpt><trkpt lat="59.37050333" lon="18.07533667"><ele>4.0</ele><time>2026-06-03T09:37:48.068Z</time></trkpt><trkpt lat="59.37052167" lon="18.07528333"><ele>4.0</ele><time>2026-06-03T09:37:49.069Z</time></trkpt><trkpt lat="59.37053667" lon="18.075235"><ele>4.0</ele><time>2026-06-03T09:37:50.069Z</time></trkpt><trkpt lat="59.37055333" lon="18.07518833"><ele>4.0</ele><time>2026-06-03T09:37:51.069Z</time></trkpt><trkpt lat="59.37056333" lon="18.07514333"><ele>4.0</ele><time>2026-06-03T09:37:52.069Z</time></trkpt><trkpt lat="59.37057667" lon="18.07508833"><ele>4.0</ele><time>2026-06-03T09:37:53.069Z</time></trkpt><trkpt lat="59.37059167" lon="18.07502833"><ele>4.0</ele><time>2026-06-03T09:37:54.069Z</time></trkpt><trkpt lat="59.37059667" lon="18.07497"><ele>5.0</ele><time>2026-06-03T09:37:55.069Z</time></trkpt><trkpt lat="59.37059833" lon="18.07491667"><ele>5.0</ele><time>2026-06-03T09:37:56.069Z</time></trkpt><trkpt lat="59.3706" lon="18.07487167"><ele>5.0</ele><time>2026-06-03T09:37:57.069Z</time></trkpt><trkpt lat="59.370605" lon="18.07481167"><ele>5.0</ele><time>2026-06-03T09:37:58.068Z</time></trkpt><trkpt lat="59.370615" lon="18.074775"><ele>5.0</ele><time>2026-06-03T09:37:59.069Z</time></trkpt><trkpt lat="59.370625" lon="18.074725"><ele>5.0</ele><time>2026-06-03T09:38:00.069Z</time></trkpt><trkpt lat="59.37063833" lon="18.074695"><ele>5.0</ele><time>2026-06-03T09:38:01.069Z</time></trkpt><trkpt lat="59.370655" lon="18.07466667"><ele>5.0</ele><time>2026-06-03T09:38:02.069Z</time></trkpt><trkpt lat="59.37067" lon="18.07463333"><ele>5.0</ele><time>2026-06-03T09:38:03.069Z</time></trkpt><trkpt lat="59.37069167" lon="18.07461"><ele>5.0</ele><time>2026-06-03T09:38:04.068Z</time></trkpt><trkpt lat="59.37071167" lon="18.07457"><ele>5.0</ele><time>2026-06-03T09:38:05.069Z</time></trkpt><trkpt lat="59.37073333" lon="18.07450667"><ele>5.0</ele><time>2026-06-03T09:38:06.068Z</time></trkpt><trkpt lat="59.37075333" lon="18.07445833"><ele>5.0</ele><time>2026-06-03T09:38:07.069Z</time></trkpt><trkpt lat="59.37077667" lon="18.07442333"><ele>5.0</ele><time>2026-06-03T09:38:08.069Z</time></trkpt><trkpt lat="59.37080333" lon="18.07438333"><ele>5.0</ele><time>2026-06-03T09:38:09.069Z</time></trkpt><trkpt lat="59.370825" lon="18.07434667"><ele>5.0</ele><time>2026-06-03T09:38:10.069Z</time></trkpt><trkpt lat="59.37084167" lon="18.07431"><ele>5.0</ele><time>2026-06-03T09:38:11.069Z</time></trkpt><trkpt lat="59.37086" lon="18.074275"><ele>5.0</ele><time>2026-06-03T09:38:12.069Z</time></trkpt><trkpt lat="59.37087833" lon="18.07423"><ele>5.0</ele><time>2026-06-03T09:38:13.069Z</time></trkpt><trkpt lat="59.370895" lon="18.07419833"><ele>5.0</ele><time>2026-06-03T09:38:14.069Z</time></trkpt><trkpt lat="59.37091" lon="18.074175"><ele>5.0</ele><time>2026-06-03T09:38:15.069Z</time></trkpt><trkpt lat="59.37093" lon="18.07414"><ele>5.0</ele><time>2026-06-03T09:38:16.069Z</time></trkpt><trkpt lat="59.37095333" lon="18.07411"><ele>5.0</ele><time>2026-06-03T09:38:17.069Z</time></trkpt><trkpt lat="59.37097667" lon="18.07407167"><ele>5.0</ele><time>2026-06-03T09:38:18.069Z</time></trkpt><trkpt lat="59.37099667" lon="18.07403667"><ele>5.0</ele><time>2026-06-03T09:38:19.069Z</time></trkpt><trkpt lat="59.37102" lon="18.07399833"><ele>5.0</ele><time>2026-06-03T09:38:20.069Z</time></trkpt><trkpt lat="59.37104" lon="18.07395333"><ele>6.0</ele><time>2026-06-03T09:38:21.069Z</time></trkpt><trkpt lat="59.37105833" lon="18.073905"><ele>6.0</ele><time>2026-06-03T09:38:22.069Z</time></trkpt><trkpt lat="59.37107667" lon="18.07383333"><ele>6.0</ele><time>2026-06-03T09:38:23.069Z</time></trkpt><trkpt lat="59.371095" lon="18.07378"><ele>6.0</ele><time>2026-06-03T09:38:24.068Z</time></trkpt><trkpt lat="59.37110833" lon="18.073725"><ele>6.0</ele><time>2026-06-03T09:38:25.069Z</time></trkpt><trkpt lat="59.37112667" lon="18.07368"><ele>6.0</ele><time>2026-06-03T09:38:26.069Z</time></trkpt><trkpt lat="59.37114" lon="18.07362667"><ele>6.0</ele><time>2026-06-03T09:38:27.069Z</time></trkpt><trkpt lat="59.37115" lon="18.07357"><ele>6.0</ele><time>2026-06-03T09:38:28.069Z</time></trkpt><trkpt lat="59.37115833" lon="18.07351333"><ele>6.0</ele><time>2026-06-03T09:38:29.068Z</time></trkpt><trkpt lat="59.37116667" lon="18.07344167"><ele>6.0</ele><time>2026-06-03T09:38:30.069Z</time></trkpt><trkpt lat="59.37118167" lon="18.07338167"><ele>6.0</ele><time>2026-06-03T09:38:31.069Z</time></trkpt><trkpt lat="59.37118833" lon="18.07332333"><ele>6.0</ele><time>2026-06-03T09:38:32.068Z</time></trkpt><trkpt lat="59.37119" lon="18.07326667"><ele>6.0</ele><time>2026-06-03T09:38:33.069Z</time></trkpt><trkpt lat="59.37119333" lon="18.07320167"><ele>6.0</ele><time>2026-06-03T09:38:34.069Z</time></trkpt><trkpt lat="59.37119833" lon="18.073135"><ele>6.0</ele><time>2026-06-03T09:38:35.068Z</time></trkpt><trkpt lat="59.37120667" lon="18.07307667"><ele>6.0</ele><time>2026-06-03T09:38:36.069Z</time></trkpt><trkpt lat="59.37121667" lon="18.07302333"><ele>6.0</ele><time>2026-06-03T09:38:37.069Z</time></trkpt><trkpt lat="59.37122667" lon="18.07296833"><ele>6.0</ele><time>2026-06-03T09:38:38.068Z</time></trkpt><trkpt lat="59.37124" lon="18.07291667"><ele>6.0</ele><time>2026-06-03T09:38:39.069Z</time></trkpt><trkpt lat="59.37125333" lon="18.07286667"><ele>6.0</ele><time>2026-06-03T09:38:40.069Z</time></trkpt><trkpt lat="59.37126667" lon="18.07282167"><ele>6.0</ele><time>2026-06-03T09:38:41.068Z</time></trkpt><trkpt lat="59.371285" lon="18.07278333"><ele>6.0</ele><time>2026-06-03T09:38:42.069Z</time></trkpt><trkpt lat="59.37129667" lon="18.07274167"><ele>6.0</ele><time>2026-06-03T09:38:43.069Z</time></trkpt><trkpt lat="59.37131" lon="18.07269167"><ele>6.0</ele><time>2026-06-03T09:38:44.068Z</time></trkpt><trkpt lat="59.37132" lon="18.07263667"><ele>6.0</ele><time>2026-06-03T09:38:45.068Z</time></trkpt><trkpt lat="59.37132833" lon="18.07257667"><ele>5.0</ele><time>2026-06-03T09:38:46.068Z</time></trkpt><trkpt lat="59.37134" lon="18.07251"><ele>5.0</ele><time>2026-06-03T09:38:47.068Z</time></trkpt><trkpt lat="59.37134833" lon="18.07243833"><ele>5.0</ele><time>2026-06-03T09:38:48.068Z</time></trkpt><trkpt lat="59.37136" lon="18.07236833"><ele>5.0</ele><time>2026-06-03T09:38:49.069Z</time></trkpt><trkpt lat="59.371365" lon="18.07228833"><ele>5.0</ele><time>2026-06-03T09:38:50.068Z</time></trkpt><trkpt lat="59.37137333" lon="18.07222167"><ele>4.0</ele><time>2026-06-03T09:38:51.069Z</time></trkpt><trkpt lat="59.37137833" lon="18.07216167"><ele>4.0</ele><time>2026-06-03T09:38:52.069Z</time></trkpt><trkpt lat="59.37138667" lon="18.07209833"><ele>4.0</ele><time>2026-06-03T09:38:53.068Z</time></trkpt><trkpt lat="59.371395" lon="18.072045"><ele>4.0</ele><time>2026-06-03T09:38:54.068Z</time></trkpt><trkpt lat="59.37139833" lon="18.071985"><ele>4.0</ele><time>2026-06-03T09:38:55.069Z</time></trkpt><trkpt lat="59.371405" lon="18.07192667"><ele>3.0</ele><time>2026-06-03T09:38:56.068Z</time></trkpt><trkpt lat="59.37141167" lon="18.07185333"><ele>3.0</ele><time>2026-06-03T09:38:57.069Z</time></trkpt><trkpt lat="59.37142167" lon="18.07178167"><ele>3.0</ele><time>2026-06-03T09:38:58.069Z</time></trkpt><trkpt lat="59.37142833" lon="18.07171833"><ele>3.0</ele><time>2026-06-03T09:38:59.068Z</time></trkpt><trkpt lat="59.37144" lon="18.07165167"><ele>3.0</ele><time>2026-06-03T09:39:00.069Z</time></trkpt><trkpt lat="59.371455" lon="18.07158833"><ele>2.0</ele><time>2026-06-03T09:39:01.069Z</time></trkpt><trkpt lat="59.37147333" lon="18.07154333"><ele>2.0</ele><time>2026-06-03T09:39:02.068Z</time></trkpt><trkpt lat="59.37148833" lon="18.07150667"><ele>2.0</ele><time>2026-06-03T09:39:03.069Z</time></trkpt><trkpt lat="59.37151" lon="18.07147"><ele>2.0</ele><time>2026-06-03T09:39:04.069Z</time></trkpt><trkpt lat="59.37153167" lon="18.07142167"><ele>2.0</ele><time>2026-06-03T09:39:05.068Z</time></trkpt><trkpt lat="59.371555" lon="18.07137833"><ele>2.0</ele><time>2026-06-03T09:39:06.068Z</time></trkpt><trkpt lat="59.37158" lon="18.07134167"><ele>2.0</ele><time>2026-06-03T09:39:07.069Z</time></trkpt><trkpt lat="59.37161" lon="18.07130333"><ele>2.0</ele><time>2026-06-03T09:39:08.068Z</time></trkpt><trkpt lat="59.37163667" lon="18.071265"><ele>2.0</ele><time>2026-06-03T09:39:09.069Z</time></trkpt><trkpt lat="59.37165667" lon="18.07122833"><ele>1.0</ele><time>2026-06-03T09:39:10.069Z</time></trkpt><trkpt lat="59.37168333" lon="18.07119833"><ele>1.0</ele><time>2026-06-03T09:39:11.068Z</time></trkpt><trkpt lat="59.37170333" lon="18.07115667"><ele>1.0</ele><time>2026-06-03T09:39:12.069Z</time></trkpt><trkpt lat="59.37172333" lon="18.07111167"><ele>1.0</ele><time>2026-06-03T09:39:13.068Z</time></trkpt><trkpt lat="59.37174167" lon="18.07106833"><ele>1.0</ele><time>2026-06-03T09:39:14.068Z</time></trkpt><trkpt lat="59.37175833" lon="18.071025"><ele>1.0</ele><time>2026-06-03T09:39:15.069Z</time></trkpt><trkpt lat="59.37177167" lon="18.070975"><ele>1.0</ele><time>2026-06-03T09:39:16.069Z</time></trkpt><trkpt lat="59.37178833" lon="18.07093167"><ele>1.0</ele><time>2026-06-03T09:39:17.068Z</time></trkpt><trkpt lat="59.3718" lon="18.07089167"><ele>1.0</ele><time>2026-06-03T09:39:18.069Z</time></trkpt><trkpt lat="59.371815" lon="18.07083833"><ele>1.0</ele><time>2026-06-03T09:39:19.069Z</time></trkpt><trkpt lat="59.37183167" lon="18.07079167"><ele>0.0</ele><time>2026-06-03T09:39:20.068Z</time></trkpt><trkpt lat="59.37184667" lon="18.07073333"><ele>0.0</ele><time>2026-06-03T09:39:21.069Z</time></trkpt><trkpt lat="59.37186" lon="18.07068167"><ele>0.0</ele><time>2026-06-03T09:39:22.069Z</time></trkpt><trkpt lat="59.37187333" lon="18.07062833"><ele>0.0</ele><time>2026-06-03T09:39:23.068Z</time></trkpt><trkpt lat="59.371885" lon="18.07058667"><ele>0.0</ele><time>2026-06-03T09:39:24.069Z</time></trkpt><trkpt lat="59.37189" lon="18.070545"><ele>0.0</ele><time>2026-06-03T09:39:25.069Z</time></trkpt><trkpt lat="59.37189333" lon="18.07049667"><ele>0.0</ele><time>2026-06-03T09:39:26.069Z</time></trkpt><trkpt lat="59.371905" lon="18.07045"><ele>1.0</ele><time>2026-06-03T09:39:27.069Z</time></trkpt><trkpt lat="59.37191" lon="18.07040167"><ele>1.0</ele><time>2026-06-03T09:39:28.069Z</time></trkpt><trkpt lat="59.37191833" lon="18.070365"><ele>1.0</ele><time>2026-06-03T09:39:29.068Z</time></trkpt><trkpt lat="59.371925" lon="18.07032667"><ele>1.0</ele><time>2026-06-03T09:39:30.069Z</time></trkpt><trkpt lat="59.37193167" lon="18.07028"><ele>1.0</ele><time>2026-06-03T09:39:31.069Z</time></trkpt><trkpt lat="59.371935" lon="18.07023833"><ele>1.0</ele><time>2026-06-03T09:39:32.068Z</time></trkpt><trkpt lat="59.37194667" lon="18.07020667"><ele>1.0</ele><time>2026-06-03T09:39:33.069Z</time></trkpt><trkpt lat="59.37195667" lon="18.07016833"><ele>1.0</ele><time>2026-06-03T09:39:34.069Z</time></trkpt><trkpt lat="59.37196667" lon="18.07012167"><ele>1.0</ele><time>2026-06-03T09:39:35.069Z</time></trkpt><trkpt lat="59.37197333" lon="18.07006333"><ele>1.0</ele><time>2026-06-03T09:39:36.068Z</time></trkpt><trkpt lat="59.37198167" lon="18.07000667"><ele>1.0</ele><time>2026-06-03T09:39:37.069Z</time></trkpt><trkpt lat="59.371995" lon="18.06996333"><ele>1.0</ele><time>2026-06-03T09:39:38.069Z</time></trkpt><trkpt lat="59.37200833" lon="18.06991667"><ele>1.0</ele><time>2026-06-03T09:39:39.069Z</time></trkpt><trkpt lat="59.372015" lon="18.06986833"><ele>1.0</ele><time>2026-06-03T09:39:40.069Z</time></trkpt><trkpt lat="59.37202167" lon="18.069815"><ele>2.0</ele><time>2026-06-03T09:39:41.068Z</time></trkpt><trkpt lat="59.37202833" lon="18.06975"><ele>2.0</ele><time>2026-06-03T09:39:42.069Z</time></trkpt><trkpt lat="59.37204" lon="18.06969"><ele>2.0</ele><time>2026-06-03T09:39:43.069Z</time></trkpt><trkpt lat="59.37204667" lon="18.06963667"><ele>2.0</ele><time>2026-06-03T09:39:44.068Z</time></trkpt><trkpt lat="59.37204833" lon="18.06957833"><ele>2.0</ele><time>2026-06-03T09:39:45.069Z</time></trkpt><trkpt lat="59.37205167" lon="18.06952167"><ele>2.0</ele><time>2026-06-03T09:39:46.069Z</time></trkpt><trkpt lat="59.37205833" lon="18.06947667"><ele>2.0</ele><time>2026-06-03T09:39:47.069Z</time></trkpt><trkpt lat="59.37207" lon="18.069435"><ele>2.0</ele><time>2026-06-03T09:39:48.069Z</time></trkpt><trkpt lat="59.37208833" lon="18.069395"><ele>2.0</ele><time>2026-06-03T09:39:49.069Z</time></trkpt><trkpt lat="59.37210167" lon="18.069355"><ele>2.0</ele><time>2026-06-03T09:39:50.069Z</time></trkpt><trkpt lat="59.37211333" lon="18.06930667"><ele>2.0</ele><time>2026-06-03T09:39:51.069Z</time></trkpt><trkpt lat="59.37212167" lon="18.069255"><ele>2.0</ele><time>2026-06-03T09:39:52.069Z</time></trkpt><trkpt lat="59.37211167" lon="18.0692"><ele>2.0</ele><time>2026-06-03T09:39:53.069Z</time></trkpt><trkpt lat="59.372115" lon="18.06914"><ele>2.0</ele><time>2026-06-03T09:39:54.069Z</time></trkpt><trkpt lat="59.37211167" lon="18.06907833"><ele>2.0</ele><time>2026-06-03T09:39:55.069Z</time></trkpt><trkpt lat="59.37211167" lon="18.06902"><ele>2.0</ele><time>2026-06-03T09:39:56.069Z</time></trkpt><trkpt lat="59.37212" lon="18.06896333"><ele>2.0</ele><time>2026-06-03T09:39:57.069Z</time></trkpt><trkpt lat="59.37212667" lon="18.06889667"><ele>3.0</ele><time>2026-06-03T09:39:58.068Z</time></trkpt><trkpt lat="59.37214333" lon="18.06883"><ele>3.0</ele><time>2026-06-03T09:39:59.069Z</time></trkpt><trkpt lat="59.37216" lon="18.06875833"><ele>3.0</ele><time>2026-06-03T09:40:00.069Z</time></trkpt><trkpt lat="59.37217" lon="18.06868833"><ele>2.0</ele><time>2026-06-03T09:40:01.069Z</time></trkpt><trkpt lat="59.37217667" lon="18.06861167"><ele>2.0</ele><time>2026-06-03T09:40:02.069Z</time></trkpt><trkpt lat="59.37218833" lon="18.06854333"><ele>2.0</ele><time>2026-06-03T09:40:03.069Z</time></trkpt><trkpt lat="59.3722" lon="18.06847667"><ele>2.0</ele><time>2026-06-03T09:40:04.069Z</time></trkpt><trkpt lat="59.372215" lon="18.06841833"><ele>2.0</ele><time>2026-06-03T09:40:05.069Z</time></trkpt><trkpt lat="59.37222833" lon="18.06835667"><ele>2.0</ele><time>2026-06-03T09:40:06.069Z</time></trkpt><trkpt lat="59.37224833" lon="18.068305"><ele>2.0</ele><time>2026-06-03T09:40:07.069Z</time></trkpt><trkpt lat="59.37227" lon="18.06826667"><ele>2.0</ele><time>2026-06-03T09:40:08.069Z</time></trkpt><trkpt lat="59.37229333" lon="18.06824"><ele>2.0</ele><time>2026-06-03T09:40:09.069Z</time></trkpt><trkpt lat="59.37232" lon="18.06823"><ele>2.0</ele><time>2026-06-03T09:40:10.069Z</time></trkpt><trkpt lat="59.37234833" lon="18.068225"><ele>2.0</ele><time>2026-06-03T09:40:11.069Z</time></trkpt><trkpt lat="59.37237833" lon="18.068235"><ele>2.0</ele><time>2026-06-03T09:40:12.069Z</time></trkpt><trkpt lat="59.37241167" lon="18.06824"><ele>2.0</ele><time>2026-06-03T09:40:13.069Z</time></trkpt><trkpt lat="59.37244667" lon="18.06825667"><ele>1.0</ele><time>2026-06-03T09:40:14.069Z</time></trkpt><trkpt lat="59.37248" lon="18.06827333"><ele>1.0</ele><time>2026-06-03T09:40:15.069Z</time></trkpt><trkpt lat="59.37250333" lon="18.06829"><ele>1.0</ele><time>2026-06-03T09:40:16.069Z</time></trkpt><trkpt lat="59.37253" lon="18.06831667"><ele>1.0</ele><time>2026-06-03T09:40:17.069Z</time></trkpt><trkpt lat="59.37255333" lon="18.06833333"><ele>1.0</ele><time>2026-06-03T09:40:18.069Z</time></trkpt><trkpt lat="59.37257667" lon="18.06835"><ele>1.0</ele><time>2026-06-03T09:40:19.069Z</time></trkpt><trkpt lat="59.3726" lon="18.06835833"><ele>1.0</ele><time>2026-06-03T09:40:20.069Z</time></trkpt><trkpt lat="59.372625" lon="18.068355"><ele>1.0</ele><time>2026-06-03T09:40:21.069Z</time></trkpt><trkpt lat="59.37265" lon="18.06834167"><ele>0.0</ele><time>2026-06-03T09:40:22.069Z</time></trkpt><trkpt lat="59.37267667" lon="18.06832167"><ele>0.0</ele><time>2026-06-03T09:40:23.069Z</time></trkpt><trkpt lat="59.3727" lon="18.06829333"><ele>0.0</ele><time>2026-06-03T09:40:24.069Z</time></trkpt><trkpt lat="59.37271833" lon="18.06825167"><ele>0.0</ele><time>2026-06-03T09:40:25.068Z</time></trkpt><trkpt lat="59.37273333" lon="18.0682"><ele>0.0</ele><time>2026-06-03T09:40:26.069Z</time></trkpt><trkpt lat="59.37274333" lon="18.06815"><ele>0.0</ele><time>2026-06-03T09:40:27.069Z</time></trkpt><trkpt lat="59.37275167" lon="18.06810167"><ele>0.0</ele><time>2026-06-03T09:40:28.069Z</time></trkpt><trkpt lat="59.37275833" lon="18.06804667"><ele>0.0</ele><time>2026-06-03T09:40:29.069Z</time></trkpt><trkpt lat="59.37276667" lon="18.067995"><ele>0.0</ele><time>2026-06-03T09:40:30.069Z</time></trkpt><trkpt lat="59.372775" lon="18.06793167"><ele>0.0</ele><time>2026-06-03T09:40:31.069Z</time></trkpt><trkpt lat="59.37278333" lon="18.06787833"><ele>0.0</ele><time>2026-06-03T09:40:32.069Z</time></trkpt><trkpt lat="59.37279333" lon="18.06781833"><ele>0.0</ele><time>2026-06-03T09:40:33.068Z</time></trkpt><trkpt lat="59.37280333" lon="18.067765"><ele>0.0</ele><time>2026-06-03T09:40:34.069Z</time></trkpt><trkpt lat="59.37282" lon="18.06772167"><ele>0.0</ele><time>2026-06-03T09:40:35.069Z</time></trkpt><trkpt lat="59.372835" lon="18.06767"><ele>0.0</ele><time>2026-06-03T09:40:36.069Z</time></trkpt><trkpt lat="59.37284667" lon="18.06762333"><ele>0.0</ele><time>2026-06-03T09:40:37.069Z</time></trkpt><trkpt lat="59.37285" lon="18.067575"><ele>0.0</ele><time>2026-06-03T09:40:38.069Z</time></trkpt><trkpt lat="59.37286167" lon="18.06752333"><ele>0.0</ele><time>2026-06-03T09:40:39.069Z</time></trkpt><trkpt lat="59.37287333" lon="18.06746667"><ele>0.0</ele><time>2026-06-03T09:40:40.068Z</time></trkpt><trkpt lat="59.372885" lon="18.06741333"><ele>0.0</ele><time>2026-06-03T09:40:41.069Z</time></trkpt><trkpt lat="59.37289167" lon="18.06735667"><ele>0.0</ele><time>2026-06-03T09:40:42.068Z</time></trkpt><trkpt lat="59.372905" lon="18.06731"><ele>0.0</ele><time>2026-06-03T09:40:43.069Z</time></trkpt><trkpt lat="59.372915" lon="18.06727"><ele>0.0</ele><time>2026-06-03T09:40:44.069Z</time></trkpt><trkpt lat="59.37292667" lon="18.06723667"><ele>0.0</ele><time>2026-06-03T09:40:45.069Z</time></trkpt><trkpt lat="59.37294167" lon="18.06720167"><ele>0.0</ele><time>2026-06-03T09:40:46.069Z</time></trkpt><trkpt lat="59.37296333" lon="18.06717"><ele>0.0</ele><time>2026-06-03T09:40:47.068Z</time></trkpt><trkpt lat="59.37298" lon="18.06714167"><ele>0.0</ele><time>2026-06-03T09:40:48.068Z</time></trkpt><trkpt lat="59.37299833" lon="18.06710833"><ele>0.0</ele><time>2026-06-03T09:40:49.069Z</time></trkpt><trkpt lat="59.37302167" lon="18.06707833"><ele>0.0</ele><time>2026-06-03T09:40:50.069Z</time></trkpt><trkpt lat="59.37304333" lon="18.06704667"><ele>0.0</ele><time>2026-06-03T09:40:51.069Z</time></trkpt><trkpt lat="59.373065" lon="18.06701667"><ele>0.0</ele><time>2026-06-03T09:40:52.069Z</time></trkpt><trkpt lat="59.37308333" lon="18.06698167"><ele>0.0</ele><time>2026-06-03T09:40:53.069Z</time></trkpt><trkpt lat="59.37310167" lon="18.06694833"><ele>0.0</ele><time>2026-06-03T09:40:54.068Z</time></trkpt><trkpt lat="59.37311833" lon="18.06692167"><ele>0.0</ele><time>2026-06-03T09:40:55.069Z</time></trkpt><trkpt lat="59.37314" lon="18.06688667"><ele>0.0</ele><time>2026-06-03T09:40:56.069Z</time></trkpt><trkpt lat="59.37315667" lon="18.06686333"><ele>0.0</ele><time>2026-06-03T09:40:57.069Z</time></trkpt><trkpt lat="59.37318167" lon="18.06682833"><ele>0.0</ele><time>2026-06-03T09:40:58.069Z</time></trkpt><trkpt lat="59.37321167" lon="18.06680333"><ele>0.0</ele><time>2026-06-03T09:40:59.069Z</time></trkpt><trkpt lat="59.37324833" lon="18.06677667"><ele>0.0</ele><time>2026-06-03T09:41:00.069Z</time></trkpt><trkpt lat="59.37327667" lon="18.06675"><ele>0.0</ele><time>2026-06-03T09:41:01.068Z</time></trkpt><trkpt lat="59.37330167" lon="18.06672333"><ele>0.0</ele><time>2026-06-03T09:41:02.069Z</time></trkpt><trkpt lat="59.37332167" lon="18.06668333"><ele>0.0</ele><time>2026-06-03T09:41:03.069Z</time></trkpt><trkpt lat="59.37334833" lon="18.06664833"><ele>0.0</ele><time>2026-06-03T09:41:04.069Z</time></trkpt><trkpt lat="59.37338167" lon="18.06660833"><ele>0.0</ele><time>2026-06-03T09:41:05.069Z</time></trkpt><trkpt lat="59.37341" lon="18.066565"><ele>0.0</ele><time>2026-06-03T09:41:06.069Z</time></trkpt><trkpt lat="59.37343667" lon="18.06652333"><ele>0.0</ele><time>2026-06-03T09:41:07.069Z</time></trkpt><trkpt lat="59.37346167" lon="18.06649333"><ele>0.0</ele><time>2026-06-03T09:41:08.069Z</time></trkpt><trkpt lat="59.37348333" lon="18.06646333"><ele>0.0</ele><time>2026-06-03T09:41:09.069Z</time></trkpt><trkpt lat="59.37350833" lon="18.06644167"><ele>0.0</ele><time>2026-06-03T09:41:10.069Z</time></trkpt><trkpt lat="59.373535" lon="18.06642667"><ele>0.0</ele><time>2026-06-03T09:41:11.069Z</time></trkpt><trkpt lat="59.37355833" lon="18.06640833"><ele>0.0</ele><time>2026-06-03T09:41:12.068Z</time></trkpt><trkpt lat="59.373585" lon="18.06639333"><ele>0.0</ele><time>2026-06-03T09:41:13.069Z</time></trkpt><trkpt lat="59.37360667" lon="18.06637833"><ele>0.0</ele><time>2026-06-03T09:41:14.069Z</time></trkpt><trkpt lat="59.37363167" lon="18.06636"><ele>0.0</ele><time>2026-06-03T09:41:15.069Z</time></trkpt><trkpt lat="59.373655" lon="18.06633833"><ele>0.0</ele><time>2026-06-03T09:41:16.068Z</time></trkpt><trkpt lat="59.37367667" lon="18.06632"><ele>0.0</ele><time>2026-06-03T09:41:17.069Z</time></trkpt><trkpt lat="59.37369333" lon="18.06629333"><ele>0.0</ele><time>2026-06-03T09:41:18.069Z</time></trkpt><trkpt lat="59.37371333" lon="18.06628167"><ele>0.0</ele><time>2026-06-03T09:41:19.069Z</time></trkpt><trkpt lat="59.37373333" lon="18.06625833"><ele>0.0</ele><time>2026-06-03T09:41:20.069Z</time></trkpt><trkpt lat="59.37375333" lon="18.06624333"><ele>0.0</ele><time>2026-06-03T09:41:21.068Z</time></trkpt><trkpt lat="59.37377667" lon="18.06623167"><ele>0.0</ele><time>2026-06-03T09:41:22.069Z</time></trkpt><trkpt lat="59.37379333" lon="18.066215"><ele>0.0</ele><time>2026-06-03T09:41:23.069Z</time></trkpt><trkpt lat="59.37381333" lon="18.06617667"><ele>0.0</ele><time>2026-06-03T09:41:24.068Z</time></trkpt><trkpt lat="59.37383333" lon="18.06616167"><ele>0.0</ele><time>2026-06-03T09:41:25.069Z</time></trkpt><trkpt lat="59.37385167" lon="18.06613833"><ele>0.0</ele><time>2026-06-03T09:41:26.069Z</time></trkpt><trkpt lat="59.37386833" lon="18.06611333"><ele>0.0</ele><time>2026-06-03T09:41:27.069Z</time></trkpt><trkpt lat="59.37389167" lon="18.06608167"><ele>0.0</ele><time>2026-06-03T09:41:28.069Z</time></trkpt><trkpt lat="59.37391167" lon="18.06604833"><ele>0.0</ele><time>2026-06-03T09:41:29.069Z</time></trkpt><trkpt lat="59.37393" lon="18.06601167"><ele>0.0</ele><time>2026-06-03T09:41:30.069Z</time></trkpt><trkpt lat="59.37394833" lon="18.06596833"><ele>0.0</ele><time>2026-06-03T09:41:31.069Z</time></trkpt><trkpt lat="59.37397" lon="18.06592333"><ele>0.0</ele><time>2026-06-03T09:41:32.069Z</time></trkpt><trkpt lat="59.37398667" lon="18.065875"><ele>0.0</ele><time>2026-06-03T09:41:33.069Z</time></trkpt><trkpt lat="59.37399833" lon="18.06583167"><ele>0.0</ele><time>2026-06-03T09:41:34.069Z</time></trkpt><trkpt lat="59.37400667" lon="18.06578833"><ele>0.0</ele><time>2026-06-03T09:41:35.069Z</time></trkpt><trkpt lat="59.37401333" lon="18.06574"><ele>0.0</ele><time>2026-06-03T09:41:36.069Z</time></trkpt><trkpt lat="59.37402" lon="18.06569167"><ele>0.0</ele><time>2026-06-03T09:41:37.069Z</time></trkpt><trkpt lat="59.37402833" lon="18.06565167"><ele>0.0</ele><time>2026-06-03T09:41:38.069Z</time></trkpt><trkpt lat="59.37404167" lon="18.06561167"><ele>0.0</ele><time>2026-06-03T09:41:39.069Z</time></trkpt><trkpt lat="59.37405167" lon="18.06557"><ele>0.0</ele><time>2026-06-03T09:41:40.069Z</time></trkpt><trkpt lat="59.37406" lon="18.06552167"><ele>0.0</ele><time>2026-06-03T09:41:41.069Z</time></trkpt><trkpt lat="59.37406833" lon="18.06547"><ele>0.0</ele><time>2026-06-03T09:41:42.069Z</time></trkpt><trkpt lat="59.37407833" lon="18.06541333"><ele>0.0</ele><time>2026-06-03T09:41:43.069Z</time></trkpt><trkpt lat="59.37409" lon="18.065365"><ele>0.0</ele><time>2026-06-03T09:41:44.069Z</time></trkpt><trkpt lat="59.37410333" lon="18.06531333"><ele>0.0</ele><time>2026-06-03T09:41:45.069Z</time></trkpt><trkpt lat="59.37411333" lon="18.06527833"><ele>0.0</ele><time>2026-06-03T09:41:46.068Z</time></trkpt><trkpt lat="59.37412167" lon="18.06523333"><ele>0.0</ele><time>2026-06-03T09:41:47.069Z</time></trkpt><trkpt lat="59.37413" lon="18.06517333"><ele>0.0</ele><time>2026-06-03T09:41:48.069Z</time></trkpt><trkpt lat="59.37413833" lon="18.06512667"><ele>0.0</ele><time>2026-06-03T09:41:49.069Z</time></trkpt><trkpt lat="59.37414667" lon="18.065085"><ele>0.0</ele><time>2026-06-03T09:41:50.069Z</time></trkpt><trkpt lat="59.37415167" lon="18.06503667"><ele>0.0</ele><time>2026-06-03T09:41:51.069Z</time></trkpt><trkpt lat="59.37414833" lon="18.06497667"><ele>0.0</ele><time>2026-06-03T09:41:52.069Z</time></trkpt><trkpt lat="59.37414" lon="18.06493"><ele>0.0</ele><time>2026-06-03T09:41:53.068Z</time></trkpt><trkpt lat="59.37413333" lon="18.064875"><ele>0.0</ele><time>2026-06-03T09:41:54.069Z</time></trkpt><trkpt lat="59.37413" lon="18.06482333"><ele>0.0</ele><time>2026-06-03T09:41:55.069Z</time></trkpt><trkpt lat="59.37412833" lon="18.06477167"><ele>1.0</ele><time>2026-06-03T09:41:56.069Z</time></trkpt><trkpt lat="59.37412667" lon="18.06471167"><ele>1.0</ele><time>2026-06-03T09:41:57.069Z</time></trkpt><trkpt lat="59.37412667" lon="18.064665"><ele>1.0</ele><time>2026-06-03T09:41:58.069Z</time></trkpt><trkpt lat="59.37413333" lon="18.06462333"><ele>1.0</ele><time>2026-06-03T09:41:59.069Z</time></trkpt><trkpt lat="59.37413667" lon="18.064575"><ele>1.0</ele><time>2026-06-03T09:42:00.069Z</time></trkpt><trkpt lat="59.374145" lon="18.06453167"><ele>1.0</ele><time>2026-06-03T09:42:01.069Z</time></trkpt><trkpt lat="59.37415333" lon="18.06449333"><ele>2.0</ele><time>2026-06-03T09:42:02.069Z</time></trkpt><trkpt lat="59.37416333" lon="18.06445667"><ele>2.0</ele><time>2026-06-03T09:42:03.069Z</time></trkpt><trkpt lat="59.37416833" lon="18.06441167"><ele>2.0</ele><time>2026-06-03T09:42:04.069Z</time></trkpt><trkpt lat="59.37417333" lon="18.06437167"><ele>2.0</ele><time>2026-06-03T09:42:05.069Z</time></trkpt><trkpt lat="59.37417667" lon="18.06432833"><ele>2.0</ele><time>2026-06-03T09:42:06.069Z</time></trkpt><trkpt lat="59.37417667" lon="18.06428833"><ele>2.0</ele><time>2026-06-03T09:42:07.069Z</time></trkpt><trkpt lat="59.37417667" lon="18.06424"><ele>2.0</ele><time>2026-06-03T09:42:08.069Z</time></trkpt><trkpt lat="59.37417833" lon="18.06419333"><ele>2.0</ele><time>2026-06-03T09:42:09.069Z</time></trkpt><trkpt lat="59.37417667" lon="18.06414333"><ele>2.0</ele><time>2026-06-03T09:42:10.069Z</time></trkpt><trkpt lat="59.37418167" lon="18.06409833"><ele>2.0</ele><time>2026-06-03T09:42:11.069Z</time></trkpt><trkpt lat="59.37418667" lon="18.06405833"><ele>2.0</ele><time>2026-06-03T09:42:12.069Z</time></trkpt><trkpt lat="59.37419167" lon="18.06400667"><ele>2.0</ele><time>2026-06-03T09:42:13.069Z</time></trkpt><trkpt lat="59.3742" lon="18.06396"><ele>2.0</ele><time>2026-06-03T09:42:14.069Z</time></trkpt><trkpt lat="59.37421" lon="18.063905"><ele>3.0</ele><time>2026-06-03T09:42:15.069Z</time></trkpt><trkpt lat="59.37422" lon="18.06385667"><ele>3.0</ele><time>2026-06-03T09:42:16.069Z</time></trkpt><trkpt lat="59.374225" lon="18.063805"><ele>3.0</ele><time>2026-06-03T09:42:17.069Z</time></trkpt><trkpt lat="59.37423333" lon="18.06376333"><ele>3.0</ele><time>2026-06-03T09:42:18.069Z</time></trkpt><trkpt lat="59.37424167" lon="18.06372833"><ele>3.0</ele><time>2026-06-03T09:42:19.069Z</time></trkpt><trkpt lat="59.37425333" lon="18.06369833"><ele>3.0</ele><time>2026-06-03T09:42:20.069Z</time></trkpt><trkpt lat="59.37426833" lon="18.06366667"><ele>2.0</ele><time>2026-06-03T09:42:21.068Z</time></trkpt><trkpt lat="59.37428833" lon="18.06363667"><ele>2.0</ele><time>2026-06-03T09:42:22.069Z</time></trkpt><trkpt lat="59.37430667" lon="18.06360833"><ele>2.0</ele><time>2026-06-03T09:42:23.069Z</time></trkpt><trkpt lat="59.374325" lon="18.06356833"><ele>2.0</ele><time>2026-06-03T09:42:24.068Z</time></trkpt><trkpt lat="59.37434167" lon="18.06351333"><ele>2.0</ele><time>2026-06-03T09:42:25.069Z</time></trkpt><trkpt lat="59.374355" lon="18.063455"><ele>2.0</ele><time>2026-06-03T09:42:26.068Z</time></trkpt><trkpt lat="59.37437167" lon="18.06338833"><ele>2.0</ele><time>2026-06-03T09:42:27.069Z</time></trkpt><trkpt lat="59.374385" lon="18.06332167"><ele>2.0</ele><time>2026-06-03T09:42:28.068Z</time></trkpt><trkpt lat="59.37439667" lon="18.06325333"><ele>2.0</ele><time>2026-06-03T09:42:29.069Z</time></trkpt><trkpt lat="59.374405" lon="18.06319"><ele>2.0</ele><time>2026-06-03T09:42:30.069Z</time></trkpt><trkpt lat="59.37441167" lon="18.06313333"><ele>2.0</ele><time>2026-06-03T09:42:31.069Z</time></trkpt><trkpt lat="59.37441333" lon="18.06308"><ele>2.0</ele><time>2026-06-03T09:42:32.069Z</time></trkpt><trkpt lat="59.37441833" lon="18.06303167"><ele>2.0</ele><time>2026-06-03T09:42:33.069Z</time></trkpt><trkpt lat="59.374425" lon="18.06299167"><ele>2.0</ele><time>2026-06-03T09:42:34.069Z</time></trkpt><trkpt lat="59.37442667" lon="18.06295167"><ele>2.0</ele><time>2026-06-03T09:42:35.068Z</time></trkpt><trkpt lat="59.374425" lon="18.062905"><ele>2.0</ele><time>2026-06-03T09:42:36.069Z</time></trkpt><trkpt lat="59.37441333" lon="18.062855"><ele>2.0</ele><time>2026-06-03T09:42:37.069Z</time></trkpt><trkpt lat="59.374405" lon="18.06281833"><ele>2.0</ele><time>2026-06-03T09:42:38.069Z</time></trkpt><trkpt lat="59.37438833" lon="18.06278833"><ele>2.0</ele><time>2026-06-03T09:42:39.069Z</time></trkpt><trkpt lat="59.374375" lon="18.06276"><ele>2.0</ele><time>2026-06-03T09:42:40.069Z</time></trkpt><trkpt lat="59.374365" lon="18.06272333"><ele>2.0</ele><time>2026-06-03T09:42:41.069Z</time></trkpt><trkpt lat="59.37435333" lon="18.06269167"><ele>2.0</ele><time>2026-06-03T09:42:42.068Z</time></trkpt><trkpt lat="59.37433667" lon="18.06266833"><ele>2.0</ele><time>2026-06-03T09:42:43.069Z</time></trkpt><trkpt lat="59.37432" lon="18.06264333"><ele>2.0</ele><time>2026-06-03T09:42:44.069Z</time></trkpt><trkpt lat="59.37430167" lon="18.06261167"><ele>2.0</ele><time>2026-06-03T09:42:45.069Z</time></trkpt><trkpt lat="59.37428667" lon="18.06258"><ele>2.0</ele><time>2026-06-03T09:42:46.069Z</time></trkpt><trkpt lat="59.374265" lon="18.06254333"><ele>1.0</ele><time>2026-06-03T09:42:47.069Z</time></trkpt><trkpt lat="59.37423833" lon="18.06250833"><ele>1.0</ele><time>2026-06-03T09:42:48.069Z</time></trkpt><trkpt lat="59.37421333" lon="18.06246667"><ele>1.0</ele><time>2026-06-03T09:42:49.068Z</time></trkpt><trkpt lat="59.37419167" lon="18.06243167"><ele>1.0</ele><time>2026-06-03T09:42:50.069Z</time></trkpt><trkpt lat="59.37417167" lon="18.06239333"><ele>1.0</ele><time>2026-06-03T09:42:51.069Z</time></trkpt><trkpt lat="59.374155" lon="18.06235333"><ele>1.0</ele><time>2026-06-03T09:42:52.068Z</time></trkpt><trkpt lat="59.37413333" lon="18.06230833"><ele>1.0</ele><time>2026-06-03T09:42:53.069Z</time></trkpt><trkpt lat="59.374115" lon="18.06226"><ele>1.0</ele><time>2026-06-03T09:42:54.068Z</time></trkpt><trkpt lat="59.37410333" lon="18.06221"><ele>1.0</ele><time>2026-06-03T09:42:55.068Z</time></trkpt><trkpt lat="59.37409" lon="18.06216167"><ele>2.0</ele><time>2026-06-03T09:42:56.068Z</time></trkpt><trkpt lat="59.37408333" lon="18.06210667"><ele>2.0</ele><time>2026-06-03T09:42:57.069Z</time></trkpt><trkpt lat="59.37407333" lon="18.06205"><ele>2.0</ele><time>2026-06-03T09:42:58.069Z</time></trkpt><trkpt lat="59.37406667" lon="18.06199833"><ele>2.0</ele><time>2026-06-03T09:42:59.068Z</time></trkpt><trkpt lat="59.37406167" lon="18.06194667"><ele>2.0</ele><time>2026-06-03T09:43:00.069Z</time></trkpt><trkpt lat="59.37405" lon="18.06189167"><ele>2.0</ele><time>2026-06-03T09:43:01.069Z</time></trkpt><trkpt lat="59.37404167" lon="18.06183667"><ele>2.0</ele><time>2026-06-03T09:43:02.069Z</time></trkpt><trkpt lat="59.37403" lon="18.06178333"><ele>2.0</ele><time>2026-06-03T09:43:03.069Z</time></trkpt><trkpt lat="59.37401667" lon="18.06173167"><ele>2.0</ele><time>2026-06-03T09:43:04.069Z</time></trkpt><trkpt lat="59.37400167" lon="18.061675"><ele>2.0</ele><time>2026-06-03T09:43:05.069Z</time></trkpt><trkpt lat="59.37397833" lon="18.06161833"><ele>2.0</ele><time>2026-06-03T09:43:06.069Z</time></trkpt><trkpt lat="59.37396333" lon="18.06157167"><ele>1.0</ele><time>2026-06-03T09:43:07.069Z</time></trkpt><trkpt lat="59.37393667" lon="18.06152833"><ele>1.0</ele><time>2026-06-03T09:43:08.069Z</time></trkpt><trkpt lat="59.373915" lon="18.06150167"><ele>1.0</ele><time>2026-06-03T09:43:09.069Z</time></trkpt><trkpt lat="59.37389167" lon="18.06147"><ele>1.0</ele><time>2026-06-03T09:43:10.069Z</time></trkpt><trkpt lat="59.37386333" lon="18.06143"><ele>1.0</ele><time>2026-06-03T09:43:11.069Z</time></trkpt><trkpt lat="59.37383" lon="18.06138"><ele>1.0</ele><time>2026-06-03T09:43:12.068Z</time></trkpt><trkpt lat="59.37380333" lon="18.061335"><ele>1.0</ele><time>2026-06-03T09:43:13.069Z</time></trkpt><trkpt lat="59.373785" lon="18.06128167"><ele>1.0</ele><time>2026-06-03T09:43:14.069Z</time></trkpt><trkpt lat="59.37377" lon="18.06122333"><ele>1.0</ele><time>2026-06-03T09:43:15.069Z</time></trkpt><trkpt lat="59.37376" lon="18.061165"><ele>1.0</ele><time>2026-06-03T09:43:16.069Z</time></trkpt><trkpt lat="59.37374667" lon="18.06111"><ele>1.0</ele><time>2026-06-03T09:43:17.069Z</time></trkpt><trkpt lat="59.37373167" lon="18.061045"><ele>1.0</ele><time>2026-06-03T09:43:18.069Z</time></trkpt><trkpt lat="59.37372333" lon="18.06098667"><ele>1.0</ele><time>2026-06-03T09:43:19.069Z</time></trkpt><trkpt lat="59.373705" lon="18.06093833"><ele>1.0</ele><time>2026-06-03T09:43:20.069Z</time></trkpt><trkpt lat="59.37368167" lon="18.0609"><ele>1.0</ele><time>2026-06-03T09:43:21.069Z</time></trkpt><trkpt lat="59.37366167" lon="18.06087667"><ele>1.0</ele><time>2026-06-03T09:43:22.069Z</time></trkpt><trkpt lat="59.37363667" lon="18.06084333"><ele>1.0</ele><time>2026-06-03T09:43:23.069Z</time></trkpt><trkpt lat="59.373615" lon="18.06081667"><ele>1.0</ele><time>2026-06-03T09:43:24.069Z</time></trkpt><trkpt lat="59.37358667" lon="18.06079333"><ele>1.0</ele><time>2026-06-03T09:43:25.069Z</time></trkpt><trkpt lat="59.37356167" lon="18.06076167"><ele>1.0</ele><time>2026-06-03T09:43:26.069Z</time></trkpt><trkpt lat="59.37354167" lon="18.06073167"><ele>0.0</ele><time>2026-06-03T09:43:27.069Z</time></trkpt><trkpt lat="59.373515" lon="18.06069167"><ele>0.0</ele><time>2026-06-03T09:43:28.069Z</time></trkpt><trkpt lat="59.37349" lon="18.06066167"><ele>0.0</ele><time>2026-06-03T09:43:29.069Z</time></trkpt><trkpt lat="59.37347" lon="18.06062667"><ele>0.0</ele><time>2026-06-03T09:43:30.069Z</time></trkpt><trkpt lat="59.37344667" lon="18.06058667"><ele>0.0</ele><time>2026-06-03T09:43:31.069Z</time></trkpt><trkpt lat="59.37342667" lon="18.06054667"><ele>0.0</ele><time>2026-06-03T09:43:32.069Z</time></trkpt><trkpt lat="59.37341167" lon="18.06050333"><ele>0.0</ele><time>2026-06-03T09:43:33.069Z</time></trkpt><trkpt lat="59.373395" lon="18.06045833"><ele>0.0</ele><time>2026-06-03T09:43:34.069Z</time></trkpt><trkpt lat="59.37337833" lon="18.06041167"><ele>0.0</ele><time>2026-06-03T09:43:35.069Z</time></trkpt><trkpt lat="59.373365" lon="18.06036333"><ele>0.0</ele><time>2026-06-03T09:43:36.069Z</time></trkpt><trkpt lat="59.37336" lon="18.06031667"><ele>0.0</ele><time>2026-06-03T09:43:37.069Z</time></trkpt><trkpt lat="59.37335333" lon="18.06026833"><ele>0.0</ele><time>2026-06-03T09:43:38.069Z</time></trkpt><trkpt lat="59.37335" lon="18.06022"><ele>0.0</ele><time>2026-06-03T09:43:39.069Z</time></trkpt><trkpt lat="59.37334833" lon="18.060165"><ele>0.0</ele><time>2026-06-03T09:43:40.069Z</time></trkpt><trkpt lat="59.37334667" lon="18.06011333"><ele>0.0</ele><time>2026-06-03T09:43:41.069Z</time></trkpt><trkpt lat="59.37334167" lon="18.060065"><ele>1.0</ele><time>2026-06-03T09:43:42.069Z</time></trkpt><trkpt lat="59.37334" lon="18.06001667"><ele>1.0</ele><time>2026-06-03T09:43:43.068Z</time></trkpt><trkpt lat="59.37334" lon="18.05995833"><ele>1.0</ele><time>2026-06-03T09:43:44.069Z</time></trkpt><trkpt lat="59.37334" lon="18.05990333"><ele>1.0</ele><time>2026-06-03T09:43:45.069Z</time></trkpt><trkpt lat="59.373345" lon="18.05985167"><ele>1.0</ele><time>2026-06-03T09:43:46.069Z</time></trkpt><trkpt lat="59.37334667" lon="18.0598"><ele>1.0</ele><time>2026-06-03T09:43:47.069Z</time></trkpt><trkpt lat="59.373345" lon="18.05976167"><ele>1.0</ele><time>2026-06-03T09:43:48.069Z</time></trkpt><trkpt lat="59.37334333" lon="18.05971"><ele>1.0</ele><time>2026-06-03T09:43:49.069Z</time></trkpt><trkpt lat="59.373345" lon="18.05965"><ele>1.0</ele><time>2026-06-03T09:43:50.069Z</time></trkpt><trkpt lat="59.37334833" lon="18.05959667"><ele>1.0</ele><time>2026-06-03T09:43:51.069Z</time></trkpt><trkpt lat="59.373345" lon="18.059535"><ele>1.0</ele><time>2026-06-03T09:43:52.069Z</time></trkpt><trkpt lat="59.37334667" lon="18.05947833"><ele>1.0</ele><time>2026-06-03T09:43:53.069Z</time></trkpt><trkpt lat="59.37334667" lon="18.05942333"><ele>1.0</ele><time>2026-06-03T09:43:54.069Z</time></trkpt><trkpt lat="59.37335167" lon="18.05937"><ele>1.0</ele><time>2026-06-03T09:43:55.069Z</time></trkpt><trkpt lat="59.373355" lon="18.05931667"><ele>2.0</ele><time>2026-06-03T09:43:56.069Z</time></trkpt><trkpt lat="59.37334833" lon="18.05925333"><ele>2.0</ele><time>2026-06-03T09:43:57.069Z</time></trkpt><trkpt lat="59.373345" lon="18.05918833"><ele>2.0</ele><time>2026-06-03T09:43:58.069Z</time></trkpt><trkpt lat="59.373345" lon="18.05913167"><ele>2.0</ele><time>2026-06-03T09:43:59.069Z</time></trkpt><trkpt lat="59.37334167" lon="18.05907"><ele>2.0</ele><time>2026-06-03T09:44:00.068Z</time></trkpt><trkpt lat="59.37334" lon="18.05900833"><ele>2.0</ele><time>2026-06-03T09:44:01.069Z</time></trkpt><trkpt lat="59.37334" lon="18.05894833"><ele>2.0</ele><time>2026-06-03T09:44:02.068Z</time></trkpt><trkpt lat="59.37334167" lon="18.05889"><ele>2.0</ele><time>2026-06-03T09:44:03.069Z</time></trkpt><trkpt lat="59.373335" lon="18.058825"><ele>2.0</ele><time>2026-06-03T09:44:04.069Z</time></trkpt><trkpt lat="59.37333667" lon="18.05876"><ele>2.0</ele><time>2026-06-03T09:44:05.069Z</time></trkpt><trkpt lat="59.37333833" lon="18.05869833"><ele>2.0</ele><time>2026-06-03T09:44:06.069Z</time></trkpt><trkpt lat="59.37334" lon="18.05863333"><ele>2.0</ele><time>2026-06-03T09:44:07.069Z</time></trkpt><trkpt lat="59.37334167" lon="18.05857333"><ele>2.0</ele><time>2026-06-03T09:44:08.069Z</time></trkpt><trkpt lat="59.37334" lon="18.05851333"><ele>2.0</ele><time>2026-06-03T09:44:09.068Z</time></trkpt><trkpt lat="59.37333" lon="18.058405"><ele>2.0</ele><time>2026-06-03T09:44:10.068Z</time></trkpt><trkpt lat="59.37333" lon="18.058405"><ele>2.0</ele><time>2026-06-03T09:44:11.069Z</time></trkpt><trkpt lat="59.37332333" lon="18.05834833"><ele>2.0</ele><time>2026-06-03T09:44:12.069Z</time></trkpt><trkpt lat="59.37331" lon="18.05823833"><ele>2.0</ele><time>2026-06-03T09:44:13.069Z</time></trkpt><trkpt lat="59.37331" lon="18.05823833"><ele>2.0</ele><time>2026-06-03T09:44:14.069Z</time></trkpt><trkpt lat="59.37331167" lon="18.05819333"><ele>2.0</ele><time>2026-06-03T09:44:15.069Z</time></trkpt><trkpt lat="59.37331" lon="18.05814"><ele>2.0</ele><time>2026-06-03T09:44:16.068Z</time></trkpt><trkpt lat="59.37330833" lon="18.05808167"><ele>2.0</ele><time>2026-06-03T09:44:17.069Z</time></trkpt><trkpt lat="59.37330333" lon="18.058025"><ele>2.0</ele><time>2026-06-03T09:44:18.069Z</time></trkpt><trkpt lat="59.37329667" lon="18.05797167"><ele>2.0</ele><time>2026-06-03T09:44:19.069Z</time></trkpt><trkpt lat="59.37329833" lon="18.05792167"><ele>2.0</ele><time>2026-06-03T09:44:20.069Z</time></trkpt><trkpt lat="59.37329" lon="18.057875"><ele>2.0</ele><time>2026-06-03T09:44:21.069Z</time></trkpt><trkpt lat="59.37327667" lon="18.05783"><ele>2.0</ele><time>2026-06-03T09:44:22.069Z</time></trkpt><trkpt lat="59.37326167" lon="18.057785"><ele>2.0</ele><time>2026-06-03T09:44:23.068Z</time></trkpt><trkpt lat="59.37324" lon="18.05769167"><ele>2.0</ele><time>2026-06-03T09:44:24.068Z</time></trkpt><trkpt lat="59.37324" lon="18.05769167"><ele>2.0</ele><time>2026-06-03T09:44:25.070Z</time></trkpt><trkpt lat="59.37322667" lon="18.05765167"><ele>2.0</ele><time>2026-06-03T09:44:26.069Z</time></trkpt><trkpt lat="59.37321" lon="18.05760833"><ele>2.0</ele><time>2026-06-03T09:44:27.069Z</time></trkpt><trkpt lat="59.37319667" lon="18.05755833"><ele>2.0</ele><time>2026-06-03T09:44:28.068Z</time></trkpt><trkpt lat="59.37318" lon="18.05750333"><ele>2.0</ele><time>2026-06-03T09:44:29.069Z</time></trkpt><trkpt lat="59.37316833" lon="18.05745167"><ele>1.0</ele><time>2026-06-03T09:44:30.068Z</time></trkpt><trkpt lat="59.37315333" lon="18.05740167"><ele>1.0</ele><time>2026-06-03T09:44:31.069Z</time></trkpt><trkpt lat="59.37314167" lon="18.05734833"><ele>1.0</ele><time>2026-06-03T09:44:32.069Z</time></trkpt><trkpt lat="59.37312333" lon="18.05728167"><ele>1.0</ele><time>2026-06-03T09:44:33.069Z</time></trkpt><trkpt lat="59.373105" lon="18.05722"><ele>1.0</ele><time>2026-06-03T09:44:34.068Z</time></trkpt><trkpt lat="59.37309" lon="18.057165"><ele>1.0</ele><time>2026-06-03T09:44:35.069Z</time></trkpt><trkpt lat="59.37307833" lon="18.057115"><ele>1.0</ele><time>2026-06-03T09:44:36.069Z</time></trkpt><trkpt lat="59.37306333" lon="18.057065"><ele>1.0</ele><time>2026-06-03T09:44:37.069Z</time></trkpt><trkpt lat="59.37304667" lon="18.05701833"><ele>1.0</ele><time>2026-06-03T09:44:38.069Z</time></trkpt><trkpt lat="59.37302667" lon="18.05697167"><ele>1.0</ele><time>2026-06-03T09:44:39.069Z</time></trkpt><trkpt lat="59.37301" lon="18.05692"><ele>1.0</ele><time>2026-06-03T09:44:40.068Z</time></trkpt><trkpt lat="59.37299" lon="18.05687667"><ele>1.0</ele><time>2026-06-03T09:44:41.069Z</time></trkpt><trkpt lat="59.37297333" lon="18.05684167"><ele>1.0</ele><time>2026-06-03T09:44:42.069Z</time></trkpt><trkpt lat="59.37295667" lon="18.05680167"><ele>1.0</ele><time>2026-06-03T09:44:43.069Z</time></trkpt><trkpt lat="59.37293333" lon="18.05676167"><ele>1.0</ele><time>2026-06-03T09:44:44.068Z</time></trkpt><trkpt lat="59.37290667" lon="18.05671833"><ele>1.0</ele><time>2026-06-03T09:44:45.069Z</time></trkpt><trkpt lat="59.37288333" lon="18.05668167"><ele>1.0</ele><time>2026-06-03T09:44:46.069Z</time></trkpt><trkpt lat="59.372855" lon="18.05664333"><ele>1.0</ele><time>2026-06-03T09:44:47.069Z</time></trkpt><trkpt lat="59.37283" lon="18.05660833"><ele>1.0</ele><time>2026-06-03T09:44:48.068Z</time></trkpt><trkpt lat="59.37280167" lon="18.05658"><ele>1.0</ele><time>2026-06-03T09:44:49.069Z</time></trkpt><trkpt lat="59.37278" lon="18.05654333"><ele>1.0</ele><time>2026-06-03T09:44:50.069Z</time></trkpt><trkpt lat="59.372765" lon="18.05650667"><ele>1.0</ele><time>2026-06-03T09:44:51.069Z</time></trkpt><trkpt lat="59.37275333" lon="18.056455"><ele>1.0</ele><time>2026-06-03T09:44:52.069Z</time></trkpt><trkpt lat="59.37274667" lon="18.0564"><ele>1.0</ele><time>2026-06-03T09:44:53.069Z</time></trkpt><trkpt lat="59.37274833" lon="18.05635167"><ele>1.0</ele><time>2026-06-03T09:44:54.069Z</time></trkpt><trkpt lat="59.37276" lon="18.05630333"><ele>1.0</ele><time>2026-06-03T09:44:55.069Z</time></trkpt><trkpt lat="59.37277" lon="18.05625333"><ele>1.0</ele><time>2026-06-03T09:44:56.069Z</time></trkpt><trkpt lat="59.37278333" lon="18.05620167"><ele>1.0</ele><time>2026-06-03T09:44:57.069Z</time></trkpt><trkpt lat="59.37279333" lon="18.05615667"><ele>1.0</ele><time>2026-06-03T09:44:58.069Z</time></trkpt><trkpt lat="59.37280667" lon="18.05610333"><ele>1.0</ele><time>2026-06-03T09:44:59.069Z</time></trkpt><trkpt lat="59.372825" lon="18.05604833"><ele>1.0</ele><time>2026-06-03T09:45:00.069Z</time></trkpt><trkpt lat="59.37284167" lon="18.05599333"><ele>1.0</ele><time>2026-06-03T09:45:01.069Z</time></trkpt><trkpt lat="59.37285833" lon="18.05593833"><ele>1.0</ele><time>2026-06-03T09:45:02.069Z</time></trkpt><trkpt lat="59.372875" lon="18.05588667"><ele>1.0</ele><time>2026-06-03T09:45:03.068Z</time></trkpt><trkpt lat="59.37289333" lon="18.055845"><ele>1.0</ele><time>2026-06-03T09:45:04.069Z</time></trkpt><trkpt lat="59.37291167" lon="18.05579667"><ele>1.0</ele><time>2026-06-03T09:45:05.069Z</time></trkpt><trkpt lat="59.37293333" lon="18.05576167"><ele>1.0</ele><time>2026-06-03T09:45:06.069Z</time></trkpt><trkpt lat="59.37295833" lon="18.05572"><ele>1.0</ele><time>2026-06-03T09:45:07.068Z</time></trkpt><trkpt lat="59.37298" lon="18.05568167"><ele>1.0</ele><time>2026-06-03T09:45:08.069Z</time></trkpt><trkpt lat="59.37300167" lon="18.05564333"><ele>1.0</ele><time>2026-06-03T09:45:09.069Z</time></trkpt><trkpt lat="59.37302" lon="18.05560667"><ele>1.0</ele><time>2026-06-03T09:45:10.068Z</time></trkpt><trkpt lat="59.37304333" lon="18.05556667"><ele>1.0</ele><time>2026-06-03T09:45:11.068Z</time></trkpt><trkpt lat="59.373065" lon="18.05553167"><ele>1.0</ele><time>2026-06-03T09:45:12.069Z</time></trkpt><trkpt lat="59.37309" lon="18.05549667"><ele>1.0</ele><time>2026-06-03T09:45:13.068Z</time></trkpt><trkpt lat="59.37311333" lon="18.05546667"><ele>1.0</ele><time>2026-06-03T09:45:14.069Z</time></trkpt><trkpt lat="59.37313333" lon="18.05543"><ele>1.0</ele><time>2026-06-03T09:45:15.069Z</time></trkpt><trkpt lat="59.37315167" lon="18.05539333"><ele>1.0</ele><time>2026-06-03T09:45:16.068Z</time></trkpt><trkpt lat="59.373175" lon="18.05535667"><ele>1.0</ele><time>2026-06-03T09:45:17.069Z</time></trkpt><trkpt lat="59.37320167" lon="18.05532333"><ele>1.0</ele><time>2026-06-03T09:45:18.069Z</time></trkpt><trkpt lat="59.37322667" lon="18.05529333"><ele>1.0</ele><time>2026-06-03T09:45:19.068Z</time></trkpt><trkpt lat="59.37325167" lon="18.05526333"><ele>1.0</ele><time>2026-06-03T09:45:20.069Z</time></trkpt><trkpt lat="59.37327333" lon="18.055235"><ele>1.0</ele><time>2026-06-03T09:45:21.069Z</time></trkpt><trkpt lat="59.37330167" lon="18.05520333"><ele>1.0</ele><time>2026-06-03T09:45:22.068Z</time></trkpt><trkpt lat="59.37332833" lon="18.05517167"><ele>1.0</ele><time>2026-06-03T09:45:23.069Z</time></trkpt><trkpt lat="59.37335333" lon="18.05514"><ele>1.0</ele><time>2026-06-03T09:45:24.069Z</time></trkpt><trkpt lat="59.37338167" lon="18.05510833"><ele>1.0</ele><time>2026-06-03T09:45:25.068Z</time></trkpt><trkpt lat="59.37341" lon="18.055075"><ele>1.0</ele><time>2026-06-03T09:45:26.069Z</time></trkpt><trkpt lat="59.37344167" lon="18.05504"><ele>1.0</ele><time>2026-06-03T09:45:27.069Z</time></trkpt><trkpt lat="59.37346833" lon="18.055015"><ele>1.0</ele><time>2026-06-03T09:45:28.068Z</time></trkpt><trkpt lat="59.37349833" lon="18.05500333"><ele>1.0</ele><time>2026-06-03T09:45:29.069Z</time></trkpt><trkpt lat="59.37352667" lon="18.05499333"><ele>1.0</ele><time>2026-06-03T09:45:30.069Z</time></trkpt><trkpt lat="59.37355833" lon="18.05498333"><ele>1.0</ele><time>2026-06-03T09:45:31.068Z</time></trkpt><trkpt lat="59.37358667" lon="18.05497167"><ele>1.0</ele><time>2026-06-03T09:45:32.069Z</time></trkpt><trkpt lat="59.37361333" lon="18.05495667"><ele>1.0</ele><time>2026-06-03T09:45:33.069Z</time></trkpt><trkpt lat="59.37364333" lon="18.05493333"><ele>1.0</ele><time>2026-06-03T09:45:34.068Z</time></trkpt><trkpt lat="59.37367167" lon="18.05491167"><ele>1.0</ele><time>2026-06-03T09:45:35.069Z</time></trkpt><trkpt lat="59.37369667" lon="18.05488333"><ele>1.0</ele><time>2026-06-03T09:45:36.069Z</time></trkpt><trkpt lat="59.37372167" lon="18.05485333"><ele>1.0</ele><time>2026-06-03T09:45:37.068Z</time></trkpt><trkpt lat="59.37374167" lon="18.05482"><ele>1.0</ele><time>2026-06-03T09:45:38.069Z</time></trkpt><trkpt lat="59.37376333" lon="18.054785"><ele>1.0</ele><time>2026-06-03T09:45:39.069Z</time></trkpt><trkpt lat="59.37378167" lon="18.05474333"><ele>1.0</ele><time>2026-06-03T09:45:40.068Z</time></trkpt><trkpt lat="59.3738" lon="18.05469667"><ele>1.0</ele><time>2026-06-03T09:45:41.069Z</time></trkpt><trkpt lat="59.37381333" lon="18.05465333"><ele>1.0</ele><time>2026-06-03T09:45:42.069Z</time></trkpt><trkpt lat="59.37383" lon="18.05461"><ele>1.0</ele><time>2026-06-03T09:45:43.068Z</time></trkpt><trkpt lat="59.37384667" lon="18.054565"><ele>1.0</ele><time>2026-06-03T09:45:44.069Z</time></trkpt><trkpt lat="59.37385833" lon="18.05452167"><ele>1.0</ele><time>2026-06-03T09:45:45.068Z</time></trkpt><trkpt lat="59.37387" lon="18.05447167"><ele>1.0</ele><time>2026-06-03T09:45:46.068Z</time></trkpt><trkpt lat="59.37387833" lon="18.05442"><ele>1.0</ele><time>2026-06-03T09:45:47.069Z</time></trkpt><trkpt lat="59.37388167" lon="18.05436333"><ele>1.0</ele><time>2026-06-03T09:45:48.069Z</time></trkpt><trkpt lat="59.373885" lon="18.05431"><ele>1.0</ele><time>2026-06-03T09:45:49.068Z</time></trkpt><trkpt lat="59.373885" lon="18.05426167"><ele>1.0</ele><time>2026-06-03T09:45:50.068Z</time></trkpt><trkpt lat="59.37388833" lon="18.05420833"><ele>1.0</ele><time>2026-06-03T09:45:51.069Z</time></trkpt><trkpt lat="59.37389167" lon="18.05416333"><ele>1.0</ele><time>2026-06-03T09:45:52.068Z</time></trkpt><trkpt lat="59.373895" lon="18.05411333"><ele>1.0</ele><time>2026-06-03T09:45:53.069Z</time></trkpt><trkpt lat="59.37389667" lon="18.05406167"><ele>1.0</ele><time>2026-06-03T09:45:54.069Z</time></trkpt><trkpt lat="59.37389833" lon="18.05400167"><ele>1.0</ele><time>2026-06-03T09:45:55.068Z</time></trkpt><trkpt lat="59.37389667" lon="18.05394333"><ele>1.0</ele><time>2026-06-03T09:45:56.069Z</time></trkpt><trkpt lat="59.37389333" lon="18.05389167"><ele>1.0</ele><time>2026-06-03T09:45:57.068Z</time></trkpt><trkpt lat="59.37388833" lon="18.05384833"><ele>1.0</ele><time>2026-06-03T09:45:58.068Z</time></trkpt><trkpt lat="59.37388667" lon="18.05380167"><ele>1.0</ele><time>2026-06-03T09:45:59.069Z</time></trkpt><trkpt lat="59.37389" lon="18.05376"><ele>1.0</ele><time>2026-06-03T09:46:00.069Z</time></trkpt><trkpt lat="59.37389167" lon="18.05370667"><ele>1.0</ele><time>2026-06-03T09:46:01.068Z</time></trkpt><trkpt lat="59.37389" lon="18.05366333"><ele>1.0</ele><time>2026-06-03T09:46:02.069Z</time></trkpt><trkpt lat="59.37389333" lon="18.05363167"><ele>1.0</ele><time>2026-06-03T09:46:03.069Z</time></trkpt><trkpt lat="59.3739" lon="18.05359833"><ele>1.0</ele><time>2026-06-03T09:46:04.068Z</time></trkpt><trkpt lat="59.37391" lon="18.05356"><ele>1.0</ele><time>2026-06-03T09:46:05.069Z</time></trkpt><trkpt lat="59.373925" lon="18.05353"><ele>1.0</ele><time>2026-06-03T09:46:06.069Z</time></trkpt><trkpt lat="59.37394167" lon="18.05351"><ele>2.0</ele><time>2026-06-03T09:46:07.068Z</time></trkpt><trkpt lat="59.37395667" lon="18.05348667"><ele>2.0</ele><time>2026-06-03T09:46:08.069Z</time></trkpt><trkpt lat="59.37397667" lon="18.05346667"><ele>1.0</ele><time>2026-06-03T09:46:09.069Z</time></trkpt><trkpt lat="59.37400167" lon="18.05343833"><ele>1.0</ele><time>2026-06-03T09:46:10.068Z</time></trkpt><trkpt lat="59.37403167" lon="18.05341333"><ele>1.0</ele><time>2026-06-03T09:46:11.068Z</time></trkpt><trkpt lat="59.37406667" lon="18.05339"><ele>1.0</ele><time>2026-06-03T09:46:12.069Z</time></trkpt><trkpt lat="59.374095" lon="18.05336"><ele>1.0</ele><time>2026-06-03T09:46:13.068Z</time></trkpt><trkpt lat="59.374125" lon="18.05332167"><ele>1.0</ele><time>2026-06-03T09:46:14.069Z</time></trkpt><trkpt lat="59.37414667" lon="18.05326833"><ele>1.0</ele><time>2026-06-03T09:46:15.068Z</time></trkpt><trkpt lat="59.37416667" lon="18.053215"><ele>1.0</ele><time>2026-06-03T09:46:16.068Z</time></trkpt><trkpt lat="59.37418333" lon="18.05316167"><ele>1.0</ele><time>2026-06-03T09:46:17.069Z</time></trkpt><trkpt lat="59.37419833" lon="18.05311167"><ele>1.0</ele><time>2026-06-03T09:46:18.068Z</time></trkpt><trkpt lat="59.37421833" lon="18.05306333"><ele>1.0</ele><time>2026-06-03T09:46:19.068Z</time></trkpt><trkpt lat="59.37423333" lon="18.05301833"><ele>1.0</ele><time>2026-06-03T09:46:20.069Z</time></trkpt><trkpt lat="59.37424667" lon="18.05297"><ele>2.0</ele><time>2026-06-03T09:46:21.069Z</time></trkpt><trkpt lat="59.37426" lon="18.05291667"><ele>2.0</ele><time>2026-06-03T09:46:22.068Z</time></trkpt><trkpt lat="59.37427167" lon="18.05286333"><ele>2.0</ele><time>2026-06-03T09:46:23.069Z</time></trkpt><trkpt lat="59.374285" lon="18.05281667"><ele>2.0</ele><time>2026-06-03T09:46:24.069Z</time></trkpt><trkpt lat="59.374295" lon="18.05277167"><ele>2.0</ele><time>2026-06-03T09:46:25.068Z</time></trkpt><trkpt lat="59.37430333" lon="18.05272833"><ele>2.0</ele><time>2026-06-03T09:46:26.069Z</time></trkpt><trkpt lat="59.37430667" lon="18.05268"><ele>2.0</ele><time>2026-06-03T09:46:27.069Z</time></trkpt><trkpt lat="59.37431333" lon="18.05263167"><ele>2.0</ele><time>2026-06-03T09:46:28.068Z</time></trkpt><trkpt lat="59.37432167" lon="18.05258333"><ele>2.0</ele><time>2026-06-03T09:46:29.069Z</time></trkpt><trkpt lat="59.37433167" lon="18.05253167"><ele>2.0</ele><time>2026-06-03T09:46:30.069Z</time></trkpt><trkpt lat="59.37434333" lon="18.05247833"><ele>2.0</ele><time>2026-06-03T09:46:31.068Z</time></trkpt><trkpt lat="59.374355" lon="18.052435"><ele>2.0</ele><time>2026-06-03T09:46:32.069Z</time></trkpt><trkpt lat="59.37437167" lon="18.05238667"><ele>2.0</ele><time>2026-06-03T09:46:33.069Z</time></trkpt><trkpt lat="59.37438333" lon="18.05233667"><ele>2.0</ele><time>2026-06-03T09:46:34.069Z</time></trkpt><trkpt lat="59.37439333" lon="18.05229333"><ele>2.0</ele><time>2026-06-03T09:46:35.069Z</time></trkpt><trkpt lat="59.37440833" lon="18.05224167"><ele>2.0</ele><time>2026-06-03T09:46:36.069Z</time></trkpt><trkpt lat="59.37442" lon="18.05219833"><ele>2.0</ele><time>2026-06-03T09:46:37.069Z</time></trkpt><trkpt lat="59.37443167" lon="18.05214167"><ele>2.0</ele><time>2026-06-03T09:46:38.069Z</time></trkpt><trkpt lat="59.37444333" lon="18.05208833"><ele>2.0</ele><time>2026-06-03T09:46:39.069Z</time></trkpt><trkpt lat="59.374455" lon="18.05203667"><ele>1.0</ele><time>2026-06-03T09:46:40.069Z</time></trkpt><trkpt lat="59.37447167" lon="18.05199167"><ele>1.0</ele><time>2026-06-03T09:46:41.069Z</time></trkpt><trkpt lat="59.37448167" lon="18.051945"><ele>1.0</ele><time>2026-06-03T09:46:42.069Z</time></trkpt><trkpt lat="59.374495" lon="18.051895"><ele>1.0</ele><time>2026-06-03T09:46:43.068Z</time></trkpt><trkpt lat="59.37450667" lon="18.05184833"><ele>1.0</ele><time>2026-06-03T09:46:44.069Z</time></trkpt><trkpt lat="59.37451833" lon="18.05179"><ele>1.0</ele><time>2026-06-03T09:46:45.069Z</time></trkpt><trkpt lat="59.37453333" lon="18.05174167"><ele>1.0</ele><time>2026-06-03T09:46:46.068Z</time></trkpt><trkpt lat="59.374545" lon="18.05169167"><ele>1.0</ele><time>2026-06-03T09:46:47.069Z</time></trkpt><trkpt lat="59.37456" lon="18.05163833"><ele>1.0</ele><time>2026-06-03T09:46:48.069Z</time></trkpt><trkpt lat="59.374575" lon="18.051585"><ele>1.0</ele><time>2026-06-03T09:46:49.069Z</time></trkpt><trkpt lat="59.37458667" lon="18.05152833"><ele>1.0</ele><time>2026-06-03T09:46:50.069Z</time></trkpt><trkpt lat="59.37460167" lon="18.05147667"><ele>1.0</ele><time>2026-06-03T09:46:51.069Z</time></trkpt><trkpt lat="59.37461667" lon="18.05142333"><ele>1.0</ele><time>2026-06-03T09:46:52.069Z</time></trkpt><trkpt lat="59.37463" lon="18.05137333"><ele>1.0</ele><time>2026-06-03T09:46:53.069Z</time></trkpt><trkpt lat="59.37464167" lon="18.05131667"><ele>1.0</ele><time>2026-06-03T09:46:54.069Z</time></trkpt><trkpt lat="59.374655" lon="18.05126333"><ele>1.0</ele><time>2026-06-03T09:46:55.069Z</time></trkpt><trkpt lat="59.37467" lon="18.051215"><ele>1.0</ele><time>2026-06-03T09:46:56.069Z</time></trkpt><trkpt lat="59.37468333" lon="18.05116833"><ele>1.0</ele><time>2026-06-03T09:46:57.069Z</time></trkpt><trkpt lat="59.374695" lon="18.05111667"><ele>1.0</ele><time>2026-06-03T09:46:58.069Z</time></trkpt><trkpt lat="59.374705" lon="18.05107167"><ele>1.0</ele><time>2026-06-03T09:46:59.069Z</time></trkpt><trkpt lat="59.37470833" lon="18.05102167"><ele>1.0</ele><time>2026-06-03T09:47:00.069Z</time></trkpt><trkpt lat="59.37471" lon="18.05097667"><ele>1.0</ele><time>2026-06-03T09:47:01.069Z</time></trkpt><trkpt lat="59.37470833" lon="18.05092833"><ele>1.0</ele><time>2026-06-03T09:47:02.069Z</time></trkpt><trkpt lat="59.37470833" lon="18.050875"><ele>1.0</ele><time>2026-06-03T09:47:03.069Z</time></trkpt><trkpt lat="59.37470667" lon="18.05082167"><ele>1.0</ele><time>2026-06-03T09:47:04.069Z</time></trkpt><trkpt lat="59.37470667" lon="18.05076833"><ele>1.0</ele><time>2026-06-03T09:47:05.069Z</time></trkpt><trkpt lat="59.37470833" lon="18.05071833"><ele>1.0</ele><time>2026-06-03T09:47:06.069Z</time></trkpt><trkpt lat="59.37470667" lon="18.05066833"><ele>1.0</ele><time>2026-06-03T09:47:07.069Z</time></trkpt><trkpt lat="59.37470667" lon="18.05062"><ele>1.0</ele><time>2026-06-03T09:47:08.069Z</time></trkpt><trkpt lat="59.37471" lon="18.05056833"><ele>1.0</ele><time>2026-06-03T09:47:09.069Z</time></trkpt><trkpt lat="59.37472" lon="18.05052167"><ele>1.0</ele><time>2026-06-03T09:47:10.069Z</time></trkpt><trkpt lat="59.37473" lon="18.05048333"><ele>1.0</ele><time>2026-06-03T09:47:11.069Z</time></trkpt><trkpt lat="59.374755" lon="18.05044333"><ele>1.0</ele><time>2026-06-03T09:47:12.069Z</time></trkpt><trkpt lat="59.37477167" lon="18.05040167"><ele>1.0</ele><time>2026-06-03T09:47:13.069Z</time></trkpt><trkpt lat="59.37478667" lon="18.05035333"><ele>1.0</ele><time>2026-06-03T09:47:14.069Z</time></trkpt><trkpt lat="59.37479833" lon="18.05032"><ele>1.0</ele><time>2026-06-03T09:47:15.068Z</time></trkpt><trkpt lat="59.374815" lon="18.05028833"><ele>1.0</ele><time>2026-06-03T09:47:16.069Z</time></trkpt><trkpt lat="59.37483833" lon="18.05024667"><ele>1.0</ele><time>2026-06-03T09:47:17.069Z</time></trkpt><trkpt lat="59.37485667" lon="18.05020167"><ele>1.0</ele><time>2026-06-03T09:47:18.069Z</time></trkpt><trkpt lat="59.374875" lon="18.05015667"><ele>1.0</ele><time>2026-06-03T09:47:19.069Z</time></trkpt><trkpt lat="59.374895" lon="18.05011667"><ele>1.0</ele><time>2026-06-03T09:47:20.069Z</time></trkpt><trkpt lat="59.37491667" lon="18.050075"><ele>1.0</ele><time>2026-06-03T09:47:21.068Z</time></trkpt><trkpt lat="59.374935" lon="18.05003833"><ele>1.0</ele><time>2026-06-03T09:47:22.069Z</time></trkpt><trkpt lat="59.37495" lon="18.04999333"><ele>1.0</ele><time>2026-06-03T09:47:23.069Z</time></trkpt><trkpt lat="59.374965" lon="18.04994667"><ele>1.0</ele><time>2026-06-03T09:47:24.069Z</time></trkpt><trkpt lat="59.37498" lon="18.049905"><ele>1.0</ele><time>2026-06-03T09:47:25.068Z</time></trkpt><trkpt lat="59.37499333" lon="18.04985833"><ele>1.0</ele><time>2026-06-03T09:47:26.069Z</time></trkpt><trkpt lat="59.37501" lon="18.04981167"><ele>1.0</ele><time>2026-06-03T09:47:27.069Z</time></trkpt><trkpt lat="59.375025" lon="18.049765"><ele>1.0</ele><time>2026-06-03T09:47:28.069Z</time></trkpt><trkpt lat="59.375035" lon="18.04971833"><ele>1.0</ele><time>2026-06-03T09:47:29.069Z</time></trkpt><trkpt lat="59.37504333" lon="18.049675"><ele>1.0</ele><time>2026-06-03T09:47:30.069Z</time></trkpt><trkpt lat="59.37505" lon="18.04962333"><ele>1.0</ele><time>2026-06-03T09:47:31.069Z</time></trkpt><trkpt lat="59.37506" lon="18.04957667"><ele>1.0</ele><time>2026-06-03T09:47:32.069Z</time></trkpt><trkpt lat="59.37506833" lon="18.049525"><ele>1.0</ele><time>2026-06-03T09:47:33.069Z</time></trkpt><trkpt lat="59.37507833" lon="18.049475"><ele>1.0</ele><time>2026-06-03T09:47:34.069Z</time></trkpt><trkpt lat="59.37509" lon="18.049435"><ele>1.0</ele><time>2026-06-03T09:47:35.069Z</time></trkpt><trkpt lat="59.37510833" lon="18.04940167"><ele>1.0</ele><time>2026-06-03T09:47:36.069Z</time></trkpt><trkpt lat="59.37513" lon="18.04936167"><ele>1.0</ele><time>2026-06-03T09:47:37.069Z</time></trkpt><trkpt lat="59.37515167" lon="18.04932667"><ele>1.0</ele><time>2026-06-03T09:47:38.069Z</time></trkpt><trkpt lat="59.37517667" lon="18.04928833"><ele>1.0</ele><time>2026-06-03T09:47:39.069Z</time></trkpt><trkpt lat="59.37520333" lon="18.04925"><ele>1.0</ele><time>2026-06-03T09:47:40.069Z</time></trkpt><trkpt lat="59.37523333" lon="18.04920667"><ele>1.0</ele><time>2026-06-03T09:47:41.069Z</time></trkpt><trkpt lat="59.37525333" lon="18.04916167"><ele>1.0</ele><time>2026-06-03T09:47:42.069Z</time></trkpt><trkpt lat="59.37527" lon="18.04912667"><ele>1.0</ele><time>2026-06-03T09:47:43.069Z</time></trkpt><trkpt lat="59.37528667" lon="18.04908833"><ele>1.0</ele><time>2026-06-03T09:47:44.069Z</time></trkpt><trkpt lat="59.37530333" lon="18.04905167"><ele>1.0</ele><time>2026-06-03T09:47:45.069Z</time></trkpt><trkpt lat="59.37531833" lon="18.049015"><ele>1.0</ele><time>2026-06-03T09:47:46.069Z</time></trkpt><trkpt lat="59.37533667" lon="18.04897667"><ele>1.0</ele><time>2026-06-03T09:47:47.069Z</time></trkpt><trkpt lat="59.375355" lon="18.04893833"><ele>1.0</ele><time>2026-06-03T09:47:48.069Z</time></trkpt><trkpt lat="59.37537333" lon="18.04889167"><ele>1.0</ele><time>2026-06-03T09:47:49.068Z</time></trkpt><trkpt lat="59.37539333" lon="18.048845"><ele>1.0</ele><time>2026-06-03T09:47:50.069Z</time></trkpt><trkpt lat="59.37541667" lon="18.048805"><ele>1.0</ele><time>2026-06-03T09:47:51.069Z</time></trkpt><trkpt lat="59.375445" lon="18.04875833"><ele>1.0</ele><time>2026-06-03T09:47:52.069Z</time></trkpt><trkpt lat="59.375475" lon="18.04871167"><ele>1.0</ele><time>2026-06-03T09:47:53.069Z</time></trkpt><trkpt lat="59.3755" lon="18.04866"><ele>1.0</ele><time>2026-06-03T09:47:54.069Z</time></trkpt><trkpt lat="59.37552167" lon="18.0486"><ele>1.0</ele><time>2026-06-03T09:47:55.069Z</time></trkpt><trkpt lat="59.37553167" lon="18.04853667"><ele>1.0</ele><time>2026-06-03T09:47:56.068Z</time></trkpt><trkpt lat="59.37554167" lon="18.04848"><ele>1.0</ele><time>2026-06-03T09:47:57.069Z</time></trkpt><trkpt lat="59.37555" lon="18.04842333"><ele>1.0</ele><time>2026-06-03T09:47:58.069Z</time></trkpt><trkpt lat="59.37555167" lon="18.04837"><ele>1.0</ele><time>2026-06-03T09:47:59.069Z</time></trkpt><trkpt lat="59.37555667" lon="18.048315"><ele>2.0</ele><time>2026-06-03T09:48:00.069Z</time></trkpt><trkpt lat="59.37555833" lon="18.048265"><ele>2.0</ele><time>2026-06-03T09:48:01.069Z</time></trkpt><trkpt lat="59.37555667" lon="18.04821333"><ele>2.0</ele><time>2026-06-03T09:48:02.069Z</time></trkpt><trkpt lat="59.37555167" lon="18.04817"><ele>2.0</ele><time>2026-06-03T09:48:03.068Z</time></trkpt><trkpt lat="59.37554667" lon="18.04812333"><ele>2.0</ele><time>2026-06-03T09:48:04.069Z</time></trkpt><trkpt lat="59.37554" lon="18.048065"><ele>2.0</ele><time>2026-06-03T09:48:05.069Z</time></trkpt><trkpt lat="59.37553167" lon="18.04801333"><ele>2.0</ele><time>2026-06-03T09:48:06.069Z</time></trkpt><trkpt lat="59.37552167" lon="18.047955"><ele>2.0</ele><time>2026-06-03T09:48:07.069Z</time></trkpt><trkpt lat="59.37551333" lon="18.0479"><ele>2.0</ele><time>2026-06-03T09:48:08.068Z</time></trkpt><trkpt lat="59.37550833" lon="18.04784667"><ele>2.0</ele><time>2026-06-03T09:48:09.068Z</time></trkpt><trkpt lat="59.3755" lon="18.047785"><ele>2.0</ele><time>2026-06-03T09:48:10.069Z</time></trkpt><trkpt lat="59.37548833" lon="18.04773167"><ele>2.0</ele><time>2026-06-03T09:48:11.069Z</time></trkpt><trkpt lat="59.37548" lon="18.04767667"><ele>2.0</ele><time>2026-06-03T09:48:12.069Z</time></trkpt><trkpt lat="59.375475" lon="18.04761333"><ele>2.0</ele><time>2026-06-03T09:48:13.068Z</time></trkpt><trkpt lat="59.37547667" lon="18.047565"><ele>2.0</ele><time>2026-06-03T09:48:14.069Z</time></trkpt><trkpt lat="59.37548167" lon="18.047515"><ele>2.0</ele><time>2026-06-03T09:48:15.068Z</time></trkpt><trkpt lat="59.37548833" lon="18.04746667"><ele>2.0</ele><time>2026-06-03T09:48:16.069Z</time></trkpt><trkpt lat="59.37549333" lon="18.04742667"><ele>2.0</ele><time>2026-06-03T09:48:17.069Z</time></trkpt><trkpt lat="59.375495" lon="18.04738667"><ele>2.0</ele><time>2026-06-03T09:48:18.069Z</time></trkpt><trkpt lat="59.37549167" lon="18.04733167"><ele>2.0</ele><time>2026-06-03T09:48:19.069Z</time></trkpt><trkpt lat="59.37549333" lon="18.04728833"><ele>2.0</ele><time>2026-06-03T09:48:20.068Z</time></trkpt><trkpt lat="59.37550333" lon="18.04722667"><ele>2.0</ele><time>2026-06-03T09:48:21.069Z</time></trkpt><trkpt lat="59.37550667" lon="18.04719333"><ele>2.0</ele><time>2026-06-03T09:48:22.068Z</time></trkpt><trkpt lat="59.37550667" lon="18.04719333"><ele>2.0</ele><time>2026-06-03T09:48:23.068Z</time></trkpt><trkpt lat="59.37551" lon="18.04716"><ele>2.0</ele><time>2026-06-03T09:48:24.069Z</time></trkpt><trkpt lat="59.37551167" lon="18.04713"><ele>2.0</ele><time>2026-06-03T09:48:25.069Z</time></trkpt><trkpt lat="59.37552" lon="18.04710167"><ele>2.0</ele><time>2026-06-03T09:48:26.069Z</time></trkpt><trkpt lat="59.37551167" lon="18.047075"><ele>2.0</ele><time>2026-06-03T09:48:27.068Z</time></trkpt><trkpt lat="59.37551167" lon="18.04705667"><ele>2.0</ele><time>2026-06-03T09:48:28.069Z</time></trkpt><trkpt lat="59.37549833" lon="18.04702"><ele>2.0</ele><time>2026-06-03T09:48:29.070Z</time></trkpt><trkpt lat="59.37548667" lon="18.04696167"><ele>2.0</ele><time>2026-06-03T09:48:30.069Z</time></trkpt><trkpt lat="59.375485" lon="18.04691667"><ele>2.0</ele><time>2026-06-03T09:48:31.069Z</time></trkpt><trkpt lat="59.375485" lon="18.04686"><ele>2.0</ele><time>2026-06-03T09:48:32.069Z</time></trkpt><trkpt lat="59.375495" lon="18.04681667"><ele>2.0</ele><time>2026-06-03T09:48:33.069Z</time></trkpt><trkpt lat="59.37550667" lon="18.04678333"><ele>2.0</ele><time>2026-06-03T09:48:34.069Z</time></trkpt><trkpt lat="59.37551333" lon="18.04674667"><ele>1.0</ele><time>2026-06-03T09:48:35.069Z</time></trkpt><trkpt lat="59.37553167" lon="18.04672"><ele>1.0</ele><time>2026-06-03T09:48:36.069Z</time></trkpt><trkpt lat="59.37554833" lon="18.04669333"><ele>1.0</ele><time>2026-06-03T09:48:37.068Z</time></trkpt><trkpt lat="59.37556333" lon="18.046685"><ele>1.0</ele><time>2026-06-03T09:48:38.069Z</time></trkpt><trkpt lat="59.37557167" lon="18.04665667"><ele>0.0</ele><time>2026-06-03T09:48:39.068Z</time></trkpt><trkpt lat="59.375545" lon="18.04662"><ele>0.0</ele><time>2026-06-03T09:48:40.069Z</time></trkpt><trkpt lat="59.37554" lon="18.04659833"><ele>0.0</ele><time>2026-06-03T09:48:41.068Z</time></trkpt><trkpt lat="59.37552833" lon="18.04658667"><ele>0.0</ele><time>2026-06-03T09:48:42.069Z</time></trkpt><trkpt lat="59.37551167" lon="18.04658667"><ele>0.0</ele><time>2026-06-03T09:48:43.069Z</time></trkpt><trkpt lat="59.37548667" lon="18.04658667"><ele>0.0</ele><time>2026-06-03T09:48:44.069Z</time></trkpt><trkpt lat="59.37545167" lon="18.04655833"><ele>0.0</ele><time>2026-06-03T09:48:45.069Z</time></trkpt><trkpt lat="59.37541833" lon="18.04654167"><ele>0.0</ele><time>2026-06-03T09:48:46.069Z</time></trkpt><trkpt lat="59.37539333" lon="18.046525"><ele>0.0</ele><time>2026-06-03T09:48:47.069Z</time></trkpt><trkpt lat="59.37537167" lon="18.0465"><ele>0.0</ele><time>2026-06-03T09:48:48.069Z</time></trkpt><trkpt lat="59.37535667" lon="18.04649"><ele>0.0</ele><time>2026-06-03T09:48:49.068Z</time></trkpt><trkpt lat="59.37532833" lon="18.046465"><ele>0.0</ele><time>2026-06-03T09:48:50.069Z</time></trkpt><trkpt lat="59.37529" lon="18.04643333"><ele>0.0</ele><time>2026-06-03T09:48:51.068Z</time></trkpt><trkpt lat="59.37527" lon="18.046435"><ele>-1.0</ele><time>2026-06-03T09:48:52.069Z</time></trkpt><trkpt lat="59.37525" lon="18.04643667"><ele>0.0</ele><time>2026-06-03T09:48:53.068Z</time></trkpt><trkpt lat="59.37521833" lon="18.046425"><ele>0.0</ele><time>2026-06-03T09:48:54.068Z</time></trkpt><trkpt lat="59.37518167" lon="18.046415"><ele>0.0</ele><time>2026-06-03T09:48:55.069Z</time></trkpt><trkpt lat="59.37514667" lon="18.04641"><ele>0.0</ele><time>2026-06-03T09:48:56.069Z</time></trkpt><trkpt lat="59.37512" lon="18.04641333"><ele>0.0</ele><time>2026-06-03T09:48:57.068Z</time></trkpt><trkpt lat="59.37509" lon="18.04643167"><ele>-1.0</ele><time>2026-06-03T09:48:58.069Z</time></trkpt><trkpt lat="59.37506333" lon="18.04643"><ele>-1.0</ele><time>2026-06-03T09:48:59.069Z</time></trkpt><trkpt lat="59.37503167" lon="18.04642333"><ele>0.0</ele><time>2026-06-03T09:49:00.069Z</time></trkpt><trkpt lat="59.375" lon="18.04641167"><ele>0.0</ele><time>2026-06-03T09:49:01.069Z</time></trkpt><trkpt lat="59.37497" lon="18.04640167"><ele>0.0</ele><time>2026-06-03T09:49:02.069Z</time></trkpt><trkpt lat="59.37494333" lon="18.04638"><ele>0.0</ele><time>2026-06-03T09:49:03.069Z</time></trkpt><trkpt lat="59.37492167" lon="18.046355"><ele>0.0</ele><time>2026-06-03T09:49:04.069Z</time></trkpt><trkpt lat="59.374905" lon="18.04632167"><ele>0.0</ele><time>2026-06-03T09:49:05.069Z</time></trkpt><trkpt lat="59.37489167" lon="18.04628"><ele>0.0</ele><time>2026-06-03T09:49:06.069Z</time></trkpt><trkpt lat="59.37488" lon="18.04624167"><ele>0.0</ele><time>2026-06-03T09:49:07.069Z</time></trkpt><trkpt lat="59.37487167" lon="18.04619833"><ele>0.0</ele><time>2026-06-03T09:49:08.069Z</time></trkpt><trkpt lat="59.37486333" lon="18.04615833"><ele>0.0</ele><time>2026-06-03T09:49:09.069Z</time></trkpt><trkpt lat="59.37485333" lon="18.046125"><ele>0.0</ele><time>2026-06-03T09:49:10.069Z</time></trkpt><trkpt lat="59.37484333" lon="18.04608"><ele>0.0</ele><time>2026-06-03T09:49:11.069Z</time></trkpt><trkpt lat="59.37483667" lon="18.04603667"><ele>0.0</ele><time>2026-06-03T09:49:12.069Z</time></trkpt><trkpt lat="59.37482667" lon="18.045985"><ele>0.0</ele><time>2026-06-03T09:49:13.069Z</time></trkpt><trkpt lat="59.37481667" lon="18.045935"><ele>0.0</ele><time>2026-06-03T09:49:14.069Z</time></trkpt><trkpt lat="59.37480667" lon="18.04588833"><ele>0.0</ele><time>2026-06-03T09:49:15.069Z</time></trkpt><trkpt lat="59.37479333" lon="18.04583667"><ele>0.0</ele><time>2026-06-03T09:49:16.069Z</time></trkpt><trkpt lat="59.37478" lon="18.04578833"><ele>0.0</ele><time>2026-06-03T09:49:17.069Z</time></trkpt><trkpt lat="59.37476667" lon="18.04573667"><ele>0.0</ele><time>2026-06-03T09:49:18.069Z</time></trkpt><trkpt lat="59.37475333" lon="18.04569"><ele>0.0</ele><time>2026-06-03T09:49:19.069Z</time></trkpt><trkpt lat="59.37474167" lon="18.04564333"><ele>0.0</ele><time>2026-06-03T09:49:20.069Z</time></trkpt><trkpt lat="59.374735" lon="18.04560667"><ele>0.0</ele><time>2026-06-03T09:49:21.069Z</time></trkpt><trkpt lat="59.37472333" lon="18.04556167"><ele>0.0</ele><time>2026-06-03T09:49:22.068Z</time></trkpt><trkpt lat="59.37471667" lon="18.04551833"><ele>0.0</ele><time>2026-06-03T09:49:23.069Z</time></trkpt><trkpt lat="59.37470333" lon="18.045475"><ele>0.0</ele><time>2026-06-03T09:49:24.069Z</time></trkpt><trkpt lat="59.37469167" lon="18.04543167"><ele>0.0</ele><time>2026-06-03T09:49:25.068Z</time></trkpt><trkpt lat="59.37468333" lon="18.04538333"><ele>0.0</ele><time>2026-06-03T09:49:26.069Z</time></trkpt><trkpt lat="59.37467833" lon="18.04534"><ele>0.0</ele><time>2026-06-03T09:49:27.068Z</time></trkpt><trkpt lat="59.374675" lon="18.04529667"><ele>0.0</ele><time>2026-06-03T09:49:28.069Z</time></trkpt><trkpt lat="59.374665" lon="18.04525167"><ele>0.0</ele><time>2026-06-03T09:49:29.069Z</time></trkpt><trkpt lat="59.37465333" lon="18.045205"><ele>0.0</ele><time>2026-06-03T09:49:30.069Z</time></trkpt><trkpt lat="59.37464333" lon="18.04515167"><ele>0.0</ele><time>2026-06-03T09:49:31.069Z</time></trkpt><trkpt lat="59.37462833" lon="18.04509667"><ele>0.0</ele><time>2026-06-03T09:49:32.069Z</time></trkpt><trkpt lat="59.37462167" lon="18.04504"><ele>1.0</ele><time>2026-06-03T09:49:33.069Z</time></trkpt><trkpt lat="59.37461333" lon="18.04499"><ele>1.0</ele><time>2026-06-03T09:49:34.069Z</time></trkpt><trkpt lat="59.3746" lon="18.04492667"><ele>1.0</ele><time>2026-06-03T09:49:35.069Z</time></trkpt><trkpt lat="59.37458833" lon="18.04486833"><ele>1.0</ele><time>2026-06-03T09:49:36.069Z</time></trkpt><trkpt lat="59.37457667" lon="18.04481833"><ele>0.0</ele><time>2026-06-03T09:49:37.069Z</time></trkpt><trkpt lat="59.37456" lon="18.04476167"><ele>0.0</ele><time>2026-06-03T09:49:38.069Z</time></trkpt><trkpt lat="59.37454167" lon="18.04470667"><ele>0.0</ele><time>2026-06-03T09:49:39.069Z</time></trkpt><trkpt lat="59.374525" lon="18.04465333"><ele>0.0</ele><time>2026-06-03T09:49:40.069Z</time></trkpt><trkpt lat="59.37451167" lon="18.04460667"><ele>0.0</ele><time>2026-06-03T09:49:41.069Z</time></trkpt><trkpt lat="59.37449667" lon="18.044555"><ele>0.0</ele><time>2026-06-03T09:49:42.069Z</time></trkpt><trkpt lat="59.37448167" lon="18.04450667"><ele>0.0</ele><time>2026-06-03T09:49:43.069Z</time></trkpt><trkpt lat="59.37446333" lon="18.04446167"><ele>0.0</ele><time>2026-06-03T09:49:44.069Z</time></trkpt><trkpt lat="59.37444667" lon="18.044415"><ele>0.0</ele><time>2026-06-03T09:49:45.068Z</time></trkpt><trkpt lat="59.37442833" lon="18.04437667"><ele>0.0</ele><time>2026-06-03T09:49:46.069Z</time></trkpt><trkpt lat="59.37440667" lon="18.04433333"><ele>0.0</ele><time>2026-06-03T09:49:47.069Z</time></trkpt><trkpt lat="59.374385" lon="18.04429667"><ele>0.0</ele><time>2026-06-03T09:49:48.069Z</time></trkpt><trkpt lat="59.37436333" lon="18.04426"><ele>0.0</ele><time>2026-06-03T09:49:49.068Z</time></trkpt><trkpt lat="59.37434167" lon="18.04422"><ele>0.0</ele><time>2026-06-03T09:49:50.069Z</time></trkpt><trkpt lat="59.37431333" lon="18.044175"><ele>0.0</ele><time>2026-06-03T09:49:51.069Z</time></trkpt><trkpt lat="59.37428833" lon="18.04413"><ele>0.0</ele><time>2026-06-03T09:49:52.069Z</time></trkpt><trkpt lat="59.37426333" lon="18.044095"><ele>0.0</ele><time>2026-06-03T09:49:53.069Z</time></trkpt><trkpt lat="59.37423833" lon="18.04406167"><ele>0.0</ele><time>2026-06-03T09:49:54.069Z</time></trkpt><trkpt lat="59.37421167" lon="18.04403333"><ele>0.0</ele><time>2026-06-03T09:49:55.068Z</time></trkpt><trkpt lat="59.374185" lon="18.04401167"><ele>0.0</ele><time>2026-06-03T09:49:56.069Z</time></trkpt><trkpt lat="59.37415667" lon="18.043995"><ele>0.0</ele><time>2026-06-03T09:49:57.068Z</time></trkpt><trkpt lat="59.37413" lon="18.04398667"><ele>0.0</ele><time>2026-06-03T09:49:58.069Z</time></trkpt><trkpt lat="59.37410167" lon="18.04398667"><ele>0.0</ele><time>2026-06-03T09:49:59.069Z</time></trkpt><trkpt lat="59.37407167" lon="18.04400167"><ele>0.0</ele><time>2026-06-03T09:50:00.069Z</time></trkpt><trkpt lat="59.37404167" lon="18.04401833"><ele>0.0</ele><time>2026-06-03T09:50:01.069Z</time></trkpt><trkpt lat="59.37401333" lon="18.04403667"><ele>0.0</ele><time>2026-06-03T09:50:02.069Z</time></trkpt><trkpt lat="59.37398333" lon="18.04406667"><ele>0.0</ele><time>2026-06-03T09:50:03.068Z</time></trkpt><trkpt lat="59.37396" lon="18.04410167"><ele>0.0</ele><time>2026-06-03T09:50:04.069Z</time></trkpt><trkpt lat="59.37393667" lon="18.044145"><ele>0.0</ele><time>2026-06-03T09:50:05.069Z</time></trkpt><trkpt lat="59.37390833" lon="18.04418833"><ele>0.0</ele><time>2026-06-03T09:50:06.068Z</time></trkpt><trkpt lat="59.373885" lon="18.04423667"><ele>0.0</ele><time>2026-06-03T09:50:07.069Z</time></trkpt><trkpt lat="59.37386333" lon="18.044285"><ele>0.0</ele><time>2026-06-03T09:50:08.069Z</time></trkpt><trkpt lat="59.373845" lon="18.04432833"><ele>0.0</ele><time>2026-06-03T09:50:09.069Z</time></trkpt><trkpt lat="59.37382833" lon="18.04437667"><ele>0.0</ele><time>2026-06-03T09:50:10.069Z</time></trkpt><trkpt lat="59.37381" lon="18.04442333"><ele>0.0</ele><time>2026-06-03T09:50:11.069Z</time></trkpt><trkpt lat="59.37378667" lon="18.04447167"><ele>0.0</ele><time>2026-06-03T09:50:12.069Z</time></trkpt><trkpt lat="59.373765" lon="18.04451833"><ele>0.0</ele><time>2026-06-03T09:50:13.069Z</time></trkpt><trkpt lat="59.37374667" lon="18.04456333"><ele>0.0</ele><time>2026-06-03T09:50:14.069Z</time></trkpt><trkpt lat="59.373725" lon="18.04461333"><ele>0.0</ele><time>2026-06-03T09:50:15.068Z</time></trkpt><trkpt lat="59.37371333" lon="18.04465833"><ele>0.0</ele><time>2026-06-03T09:50:16.069Z</time></trkpt><trkpt lat="59.37369833" lon="18.04470333"><ele>0.0</ele><time>2026-06-03T09:50:17.069Z</time></trkpt><trkpt lat="59.37368333" lon="18.04475333"><ele>0.0</ele><time>2026-06-03T09:50:18.068Z</time></trkpt><trkpt lat="59.37366667" lon="18.04480333"><ele>0.0</ele><time>2026-06-03T09:50:19.069Z</time></trkpt><trkpt lat="59.37364833" lon="18.044855"><ele>0.0</ele><time>2026-06-03T09:50:20.069Z</time></trkpt><trkpt lat="59.37363333" lon="18.04490333"><ele>0.0</ele><time>2026-06-03T09:50:21.068Z</time></trkpt><trkpt lat="59.37361333" lon="18.04495833"><ele>0.0</ele><time>2026-06-03T09:50:22.069Z</time></trkpt><trkpt lat="59.373595" lon="18.04500667"><ele>0.0</ele><time>2026-06-03T09:50:23.069Z</time></trkpt><trkpt lat="59.373575" lon="18.04505833"><ele>0.0</ele><time>2026-06-03T09:50:24.069Z</time></trkpt><trkpt lat="59.373555" lon="18.04511167"><ele>0.0</ele><time>2026-06-03T09:50:25.068Z</time></trkpt><trkpt lat="59.37353833" lon="18.045165"><ele>0.0</ele><time>2026-06-03T09:50:26.069Z</time></trkpt><trkpt lat="59.37351667" lon="18.04522833"><ele>0.0</ele><time>2026-06-03T09:50:27.069Z</time></trkpt><trkpt lat="59.37350167" lon="18.04528167"><ele>0.0</ele><time>2026-06-03T09:50:28.069Z</time></trkpt><trkpt lat="59.373485" lon="18.045335"><ele>0.0</ele><time>2026-06-03T09:50:29.068Z</time></trkpt><trkpt lat="59.37347167" lon="18.04537833"><ele>0.0</ele><time>2026-06-03T09:50:30.069Z</time></trkpt><trkpt lat="59.37345833" lon="18.04542"><ele>0.0</ele><time>2026-06-03T09:50:31.068Z</time></trkpt><trkpt lat="59.373445" lon="18.04546833"><ele>0.0</ele><time>2026-06-03T09:50:32.069Z</time></trkpt><trkpt lat="59.373435" lon="18.04551833"><ele>0.0</ele><time>2026-06-03T09:50:33.069Z</time></trkpt><trkpt lat="59.37342167" lon="18.04557167"><ele>0.0</ele><time>2026-06-03T09:50:34.069Z</time></trkpt><trkpt lat="59.37341333" lon="18.04562"><ele>0.0</ele><time>2026-06-03T09:50:35.069Z</time></trkpt><trkpt lat="59.37340333" lon="18.045675"><ele>0.0</ele><time>2026-06-03T09:50:36.069Z</time></trkpt><trkpt lat="59.37339667" lon="18.04573667"><ele>0.0</ele><time>2026-06-03T09:50:37.068Z</time></trkpt><trkpt lat="59.37338667" lon="18.04579833"><ele>0.0</ele><time>2026-06-03T09:50:38.069Z</time></trkpt><trkpt lat="59.37337333" lon="18.045855"><ele>0.0</ele><time>2026-06-03T09:50:39.069Z</time></trkpt><trkpt lat="59.373355" lon="18.0459"><ele>0.0</ele><time>2026-06-03T09:50:40.069Z</time></trkpt><trkpt lat="59.37333333" lon="18.04595"><ele>0.0</ele><time>2026-06-03T09:50:41.069Z</time></trkpt><trkpt lat="59.37331" lon="18.045995"><ele>0.0</ele><time>2026-06-03T09:50:42.069Z</time></trkpt><trkpt lat="59.37328833" lon="18.04604667"><ele>0.0</ele><time>2026-06-03T09:50:43.069Z</time></trkpt><trkpt lat="59.373265" lon="18.04609667"><ele>0.0</ele><time>2026-06-03T09:50:44.068Z</time></trkpt><trkpt lat="59.37324667" lon="18.046145"><ele>0.0</ele><time>2026-06-03T09:50:45.069Z</time></trkpt><trkpt lat="59.37322833" lon="18.04619333"><ele>0.0</ele><time>2026-06-03T09:50:46.069Z</time></trkpt><trkpt lat="59.37321" lon="18.04624"><ele>0.0</ele><time>2026-06-03T09:50:47.068Z</time></trkpt><trkpt lat="59.37319167" lon="18.04629333"><ele>0.0</ele><time>2026-06-03T09:50:48.069Z</time></trkpt><trkpt lat="59.373175" lon="18.04634"><ele>0.0</ele><time>2026-06-03T09:50:49.069Z</time></trkpt><trkpt lat="59.37316" lon="18.046385"><ele>0.0</ele><time>2026-06-03T09:50:50.069Z</time></trkpt><trkpt lat="59.37314167" lon="18.04643667"><ele>0.0</ele><time>2026-06-03T09:50:51.069Z</time></trkpt><trkpt lat="59.373125" lon="18.04648"><ele>0.0</ele><time>2026-06-03T09:50:52.069Z</time></trkpt><trkpt lat="59.373105" lon="18.04653167"><ele>0.0</ele><time>2026-06-03T09:50:53.068Z</time></trkpt><trkpt lat="59.373085" lon="18.04658333"><ele>0.0</ele><time>2026-06-03T09:50:54.068Z</time></trkpt><trkpt lat="59.37306667" lon="18.04663167"><ele>0.0</ele><time>2026-06-03T09:50:55.068Z</time></trkpt><trkpt lat="59.37305" lon="18.04667833"><ele>0.0</ele><time>2026-06-03T09:50:56.069Z</time></trkpt><trkpt lat="59.37303333" lon="18.046725"><ele>0.0</ele><time>2026-06-03T09:50:57.069Z</time></trkpt><trkpt lat="59.37301667" lon="18.04677"><ele>0.0</ele><time>2026-06-03T09:50:58.069Z</time></trkpt><trkpt lat="59.37300667" lon="18.04680667"><ele>0.0</ele><time>2026-06-03T09:50:59.069Z</time></trkpt><trkpt lat="59.37299667" lon="18.04685"><ele>0.0</ele><time>2026-06-03T09:51:00.069Z</time></trkpt><trkpt lat="59.372985" lon="18.04689333"><ele>0.0</ele><time>2026-06-03T09:51:01.068Z</time></trkpt><trkpt lat="59.37296833" lon="18.046945"><ele>0.0</ele><time>2026-06-03T09:51:02.069Z</time></trkpt><trkpt lat="59.37295333" lon="18.04699"><ele>0.0</ele><time>2026-06-03T09:51:03.069Z</time></trkpt><trkpt lat="59.37294" lon="18.047035"><ele>0.0</ele><time>2026-06-03T09:51:04.069Z</time></trkpt><trkpt lat="59.37292667" lon="18.04708167"><ele>0.0</ele><time>2026-06-03T09:51:05.069Z</time></trkpt><trkpt lat="59.37291667" lon="18.04712333"><ele>0.0</ele><time>2026-06-03T09:51:06.069Z</time></trkpt><trkpt lat="59.372905" lon="18.04717167"><ele>0.0</ele><time>2026-06-03T09:51:07.069Z</time></trkpt><trkpt lat="59.37288833" lon="18.04721167"><ele>0.0</ele><time>2026-06-03T09:51:08.069Z</time></trkpt><trkpt lat="59.37287167" lon="18.04724667"><ele>0.0</ele><time>2026-06-03T09:51:09.069Z</time></trkpt><trkpt lat="59.37285333" lon="18.047285"><ele>0.0</ele><time>2026-06-03T09:51:10.069Z</time></trkpt><trkpt lat="59.37283333" lon="18.04732667"><ele>0.0</ele><time>2026-06-03T09:51:11.069Z</time></trkpt><trkpt lat="59.37281333" lon="18.04736167"><ele>0.0</ele><time>2026-06-03T09:51:12.068Z</time></trkpt><trkpt lat="59.37279167" lon="18.04739167"><ele>0.0</ele><time>2026-06-03T09:51:13.069Z</time></trkpt><trkpt lat="59.37277" lon="18.04742"><ele>0.0</ele><time>2026-06-03T09:51:14.069Z</time></trkpt><trkpt lat="59.37274667" lon="18.047445"><ele>0.0</ele><time>2026-06-03T09:51:15.068Z</time></trkpt><trkpt lat="59.37272167" lon="18.04747"><ele>0.0</ele><time>2026-06-03T09:51:16.069Z</time></trkpt><trkpt lat="59.37269333" lon="18.047485"><ele>0.0</ele><time>2026-06-03T09:51:17.069Z</time></trkpt><trkpt lat="59.37266833" lon="18.0475"><ele>0.0</ele><time>2026-06-03T09:51:18.069Z</time></trkpt><trkpt lat="59.37264333" lon="18.04752"><ele>0.0</ele><time>2026-06-03T09:51:19.069Z</time></trkpt><trkpt lat="59.37261833" lon="18.04754333"><ele>0.0</ele><time>2026-06-03T09:51:20.069Z</time></trkpt><trkpt lat="59.372595" lon="18.04756333"><ele>0.0</ele><time>2026-06-03T09:51:21.069Z</time></trkpt><trkpt lat="59.37257167" lon="18.04758333"><ele>0.0</ele><time>2026-06-03T09:51:22.068Z</time></trkpt><trkpt lat="59.37254333" lon="18.04760167"><ele>0.0</ele><time>2026-06-03T09:51:23.069Z</time></trkpt><trkpt lat="59.37251333" lon="18.04762167"><ele>0.0</ele><time>2026-06-03T09:51:24.068Z</time></trkpt><trkpt lat="59.37248833" lon="18.04764833"><ele>0.0</ele><time>2026-06-03T09:51:25.069Z</time></trkpt><trkpt lat="59.37246" lon="18.04767"><ele>0.0</ele><time>2026-06-03T09:51:26.069Z</time></trkpt><trkpt lat="59.37243667" lon="18.04769167"><ele>0.0</ele><time>2026-06-03T09:51:27.069Z</time></trkpt><trkpt lat="59.37241" lon="18.047715"><ele>0.0</ele><time>2026-06-03T09:51:28.069Z</time></trkpt><trkpt lat="59.37238667" lon="18.04774167"><ele>0.0</ele><time>2026-06-03T09:51:29.069Z</time></trkpt><trkpt lat="59.37236667" lon="18.04776667"><ele>0.0</ele><time>2026-06-03T09:51:30.069Z</time></trkpt><trkpt lat="59.372345" lon="18.04778833"><ele>0.0</ele><time>2026-06-03T09:51:31.069Z</time></trkpt><trkpt lat="59.37232167" lon="18.047805"><ele>0.0</ele><time>2026-06-03T09:51:32.069Z</time></trkpt><trkpt lat="59.37229333" lon="18.04781833"><ele>0.0</ele><time>2026-06-03T09:51:33.069Z</time></trkpt><trkpt lat="59.37226833" lon="18.04783167"><ele>0.0</ele><time>2026-06-03T09:51:34.070Z</time></trkpt><trkpt lat="59.372245" lon="18.04782333"><ele>0.0</ele><time>2026-06-03T09:51:35.069Z</time></trkpt><trkpt lat="59.37222" lon="18.04780667"><ele>0.0</ele><time>2026-06-03T09:51:36.069Z</time></trkpt><trkpt lat="59.37219667" lon="18.04778833"><ele>0.0</ele><time>2026-06-03T09:51:37.069Z</time></trkpt><trkpt lat="59.37216667" lon="18.04775833"><ele>0.0</ele><time>2026-06-03T09:51:38.069Z</time></trkpt><trkpt lat="59.37214" lon="18.04772667"><ele>0.0</ele><time>2026-06-03T09:51:39.069Z</time></trkpt><trkpt lat="59.37211" lon="18.04768833"><ele>0.0</ele><time>2026-06-03T09:51:40.068Z</time></trkpt><trkpt lat="59.37208333" lon="18.04764833"><ele>0.0</ele><time>2026-06-03T09:51:41.069Z</time></trkpt><trkpt lat="59.37205667" lon="18.04760167"><ele>0.0</ele><time>2026-06-03T09:51:42.069Z</time></trkpt><trkpt lat="59.37203" lon="18.04755167"><ele>0.0</ele><time>2026-06-03T09:51:43.069Z</time></trkpt><trkpt lat="59.37201" lon="18.04749833"><ele>0.0</ele><time>2026-06-03T09:51:44.069Z</time></trkpt><trkpt lat="59.371995" lon="18.04745333"><ele>0.0</ele><time>2026-06-03T09:51:45.069Z</time></trkpt><trkpt lat="59.37198333" lon="18.04740667"><ele>0.0</ele><time>2026-06-03T09:51:46.069Z</time></trkpt><trkpt lat="59.37197167" lon="18.047355"><ele>0.0</ele><time>2026-06-03T09:51:47.069Z</time></trkpt><trkpt lat="59.37195833" lon="18.04729833"><ele>0.0</ele><time>2026-06-03T09:51:48.069Z</time></trkpt><trkpt lat="59.371945" lon="18.04724667"><ele>0.0</ele><time>2026-06-03T09:51:49.069Z</time></trkpt><trkpt lat="59.37193167" lon="18.04719833"><ele>0.0</ele><time>2026-06-03T09:51:50.069Z</time></trkpt><trkpt lat="59.37192" lon="18.04715167"><ele>0.0</ele><time>2026-06-03T09:51:51.069Z</time></trkpt><trkpt lat="59.37190833" lon="18.04711"><ele>0.0</ele><time>2026-06-03T09:51:52.069Z</time></trkpt><trkpt lat="59.37189833" lon="18.04706"><ele>0.0</ele><time>2026-06-03T09:51:53.069Z</time></trkpt><trkpt lat="59.37188667" lon="18.04701167"><ele>0.0</ele><time>2026-06-03T09:51:54.069Z</time></trkpt><trkpt lat="59.37187833" lon="18.04696"><ele>0.0</ele><time>2026-06-03T09:51:55.069Z</time></trkpt><trkpt lat="59.37187167" lon="18.04690667"><ele>0.0</ele><time>2026-06-03T09:51:56.069Z</time></trkpt><trkpt lat="59.371865" lon="18.04685667"><ele>0.0</ele><time>2026-06-03T09:51:57.069Z</time></trkpt><trkpt lat="59.37185667" lon="18.04680167"><ele>0.0</ele><time>2026-06-03T09:51:58.069Z</time></trkpt><trkpt lat="59.37184667" lon="18.04675167"><ele>0.0</ele><time>2026-06-03T09:51:59.069Z</time></trkpt><trkpt lat="59.371835" lon="18.04669667"><ele>0.0</ele><time>2026-06-03T09:52:00.069Z</time></trkpt><trkpt lat="59.37182167" lon="18.04664333"><ele>0.0</ele><time>2026-06-03T09:52:01.069Z</time></trkpt><trkpt lat="59.37181167" lon="18.04659"><ele>0.0</ele><time>2026-06-03T09:52:02.069Z</time></trkpt><trkpt lat="59.3718" lon="18.04653667"><ele>0.0</ele><time>2026-06-03T09:52:03.069Z</time></trkpt><trkpt lat="59.371785" lon="18.04647833"><ele>-1.0</ele><time>2026-06-03T09:52:04.069Z</time></trkpt><trkpt lat="59.37177833" lon="18.04641833"><ele>-1.0</ele><time>2026-06-03T09:52:05.069Z</time></trkpt><trkpt lat="59.37176667" lon="18.04636333"><ele>0.0</ele><time>2026-06-03T09:52:06.069Z</time></trkpt><trkpt lat="59.37175667" lon="18.04629833"><ele>0.0</ele><time>2026-06-03T09:52:07.069Z</time></trkpt><trkpt lat="59.37174333" lon="18.04623"><ele>0.0</ele><time>2026-06-03T09:52:08.069Z</time></trkpt><trkpt lat="59.37173" lon="18.046165"><ele>0.0</ele><time>2026-06-03T09:52:09.068Z</time></trkpt><trkpt lat="59.371725" lon="18.0461"><ele>0.0</ele><time>2026-06-03T09:52:10.069Z</time></trkpt><trkpt lat="59.37172333" lon="18.04604333"><ele>0.0</ele><time>2026-06-03T09:52:11.069Z</time></trkpt><trkpt lat="59.37171833" lon="18.04599"><ele>0.0</ele><time>2026-06-03T09:52:12.069Z</time></trkpt><trkpt lat="59.37171" lon="18.04594333"><ele>0.0</ele><time>2026-06-03T09:52:13.069Z</time></trkpt><trkpt lat="59.37169833" lon="18.04589333"><ele>0.0</ele><time>2026-06-03T09:52:14.069Z</time></trkpt><trkpt lat="59.37168" lon="18.04584667"><ele>0.0</ele><time>2026-06-03T09:52:15.069Z</time></trkpt><trkpt lat="59.371665" lon="18.04580333"><ele>0.0</ele><time>2026-06-03T09:52:16.069Z</time></trkpt><trkpt lat="59.37165" lon="18.04576"><ele>0.0</ele><time>2026-06-03T09:52:17.069Z</time></trkpt><trkpt lat="59.37163167" lon="18.04571833"><ele>0.0</ele><time>2026-06-03T09:52:18.069Z</time></trkpt><trkpt lat="59.371615" lon="18.04567833"><ele>0.0</ele><time>2026-06-03T09:52:19.069Z</time></trkpt><trkpt lat="59.3716" lon="18.04564333"><ele>0.0</ele><time>2026-06-03T09:52:20.069Z</time></trkpt><trkpt lat="59.37158667" lon="18.04561"><ele>0.0</ele><time>2026-06-03T09:52:21.069Z</time></trkpt><trkpt lat="59.37156667" lon="18.045575"><ele>0.0</ele><time>2026-06-03T09:52:22.069Z</time></trkpt><trkpt lat="59.37154667" lon="18.04554833"><ele>0.0</ele><time>2026-06-03T09:52:23.069Z</time></trkpt><trkpt lat="59.37152833" lon="18.04551667"><ele>0.0</ele><time>2026-06-03T09:52:24.069Z</time></trkpt><trkpt lat="59.37150833" lon="18.04548"><ele>0.0</ele><time>2026-06-03T09:52:25.069Z</time></trkpt><trkpt lat="59.37149" lon="18.04544167"><ele>0.0</ele><time>2026-06-03T09:52:26.068Z</time></trkpt><trkpt lat="59.37147333" lon="18.0454"><ele>0.0</ele><time>2026-06-03T09:52:27.069Z</time></trkpt><trkpt lat="59.37146" lon="18.04535667"><ele>0.0</ele><time>2026-06-03T09:52:28.069Z</time></trkpt><trkpt lat="59.37145" lon="18.045305"><ele>0.0</ele><time>2026-06-03T09:52:29.069Z</time></trkpt><trkpt lat="59.37144167" lon="18.045255"><ele>0.0</ele><time>2026-06-03T09:52:30.069Z</time></trkpt><trkpt lat="59.37143667" lon="18.04520667"><ele>-1.0</ele><time>2026-06-03T09:52:31.069Z</time></trkpt><trkpt lat="59.37142833" lon="18.045155"><ele>-1.0</ele><time>2026-06-03T09:52:32.069Z</time></trkpt><trkpt lat="59.37141667" lon="18.04510833"><ele>0.0</ele><time>2026-06-03T09:52:33.069Z</time></trkpt><trkpt lat="59.371405" lon="18.04505833"><ele>0.0</ele><time>2026-06-03T09:52:34.069Z</time></trkpt><trkpt lat="59.37139333" lon="18.04500833"><ele>0.0</ele><time>2026-06-03T09:52:35.069Z</time></trkpt><trkpt lat="59.37137833" lon="18.04495833"><ele>0.0</ele><time>2026-06-03T09:52:36.069Z</time></trkpt><trkpt lat="59.37136667" lon="18.04491167"><ele>0.0</ele><time>2026-06-03T09:52:37.069Z</time></trkpt><trkpt lat="59.37135" lon="18.04486667"><ele>0.0</ele><time>2026-06-03T09:52:38.069Z</time></trkpt><trkpt lat="59.37132833" lon="18.04482"><ele>0.0</ele><time>2026-06-03T09:52:39.069Z</time></trkpt><trkpt lat="59.37130667" lon="18.04477833"><ele>0.0</ele><time>2026-06-03T09:52:40.069Z</time></trkpt><trkpt lat="59.37127833" lon="18.04474667"><ele>0.0</ele><time>2026-06-03T09:52:41.069Z</time></trkpt><trkpt lat="59.37124833" lon="18.04471667"><ele>0.0</ele><time>2026-06-03T09:52:42.069Z</time></trkpt><trkpt lat="59.37122" lon="18.04469"><ele>0.0</ele><time>2026-06-03T09:52:43.069Z</time></trkpt><trkpt lat="59.371195" lon="18.04466167"><ele>0.0</ele><time>2026-06-03T09:52:44.069Z</time></trkpt><trkpt lat="59.37116667" lon="18.044635"><ele>0.0</ele><time>2026-06-03T09:52:45.069Z</time></trkpt><trkpt lat="59.37114167" lon="18.04460833"><ele>0.0</ele><time>2026-06-03T09:52:46.069Z</time></trkpt><trkpt lat="59.37111333" lon="18.04458333"><ele>0.0</ele><time>2026-06-03T09:52:47.069Z</time></trkpt><trkpt lat="59.37108333" lon="18.04455333"><ele>0.0</ele><time>2026-06-03T09:52:48.069Z</time></trkpt><trkpt lat="59.371055" lon="18.04452167"><ele>0.0</ele><time>2026-06-03T09:52:49.069Z</time></trkpt><trkpt lat="59.37102667" lon="18.04449833"><ele>0.0</ele><time>2026-06-03T09:52:50.069Z</time></trkpt><trkpt lat="59.371" lon="18.04447"><ele>0.0</ele><time>2026-06-03T09:52:51.069Z</time></trkpt><trkpt lat="59.370975" lon="18.04444333"><ele>0.0</ele><time>2026-06-03T09:52:52.069Z</time></trkpt><trkpt lat="59.37095167" lon="18.04442"><ele>0.0</ele><time>2026-06-03T09:52:53.069Z</time></trkpt><trkpt lat="59.370925" lon="18.04439333"><ele>0.0</ele><time>2026-06-03T09:52:54.069Z</time></trkpt><trkpt lat="59.3709" lon="18.04436833"><ele>0.0</ele><time>2026-06-03T09:52:55.069Z</time></trkpt><trkpt lat="59.37087167" lon="18.04434333"><ele>0.0</ele><time>2026-06-03T09:52:56.069Z</time></trkpt><trkpt lat="59.37084667" lon="18.04430667"><ele>0.0</ele><time>2026-06-03T09:52:57.069Z</time></trkpt><trkpt lat="59.37082833" lon="18.04425833"><ele>0.0</ele><time>2026-06-03T09:52:58.069Z</time></trkpt><trkpt lat="59.37081667" lon="18.044205"><ele>0.0</ele><time>2026-06-03T09:52:59.069Z</time></trkpt><trkpt lat="59.370815" lon="18.044145"><ele>0.0</ele><time>2026-06-03T09:53:00.069Z</time></trkpt><trkpt lat="59.37082" lon="18.04408333"><ele>0.0</ele><time>2026-06-03T09:53:01.069Z</time></trkpt><trkpt lat="59.37082667" lon="18.04402"><ele>0.0</ele><time>2026-06-03T09:53:02.069Z</time></trkpt><trkpt lat="59.370835" lon="18.043965"><ele>0.0</ele><time>2026-06-03T09:53:03.068Z</time></trkpt><trkpt lat="59.37085" lon="18.04391167"><ele>0.0</ele><time>2026-06-03T09:53:04.069Z</time></trkpt><trkpt lat="59.37086167" lon="18.04386833"><ele>0.0</ele><time>2026-06-03T09:53:05.069Z</time></trkpt><trkpt lat="59.37087333" lon="18.043815"><ele>0.0</ele><time>2026-06-03T09:53:06.069Z</time></trkpt><trkpt lat="59.37088667" lon="18.04377"><ele>0.0</ele><time>2026-06-03T09:53:07.069Z</time></trkpt><trkpt lat="59.370895" lon="18.04372"><ele>0.0</ele><time>2026-06-03T09:53:08.069Z</time></trkpt><trkpt lat="59.370905" lon="18.04365833"><ele>0.0</ele><time>2026-06-03T09:53:09.069Z</time></trkpt><trkpt lat="59.370915" lon="18.04361167"><ele>0.0</ele><time>2026-06-03T09:53:10.069Z</time></trkpt><trkpt lat="59.37092333" lon="18.04356167"><ele>0.0</ele><time>2026-06-03T09:53:11.069Z</time></trkpt><trkpt lat="59.37093333" lon="18.04351167"><ele>0.0</ele><time>2026-06-03T09:53:12.069Z</time></trkpt><trkpt lat="59.370945" lon="18.043465"><ele>0.0</ele><time>2026-06-03T09:53:13.069Z</time></trkpt><trkpt lat="59.37095833" lon="18.04342167"><ele>0.0</ele><time>2026-06-03T09:53:14.069Z</time></trkpt><trkpt lat="59.37097167" lon="18.04338"><ele>0.0</ele><time>2026-06-03T09:53:15.069Z</time></trkpt><trkpt lat="59.370995" lon="18.04333667"><ele>0.0</ele><time>2026-06-03T09:53:16.069Z</time></trkpt><trkpt lat="59.37101833" lon="18.04328833"><ele>0.0</ele><time>2026-06-03T09:53:17.069Z</time></trkpt><trkpt lat="59.37104" lon="18.04324333"><ele>0.0</ele><time>2026-06-03T09:53:18.069Z</time></trkpt><trkpt lat="59.37106" lon="18.04319667"><ele>0.0</ele><time>2026-06-03T09:53:19.069Z</time></trkpt><trkpt lat="59.37107833" lon="18.043155"><ele>0.0</ele><time>2026-06-03T09:53:20.069Z</time></trkpt><trkpt lat="59.37109833" lon="18.04310667"><ele>0.0</ele><time>2026-06-03T09:53:21.068Z</time></trkpt><trkpt lat="59.37111333" lon="18.043055"><ele>0.0</ele><time>2026-06-03T09:53:22.069Z</time></trkpt><trkpt lat="59.37112333" lon="18.04299167"><ele>0.0</ele><time>2026-06-03T09:53:23.069Z</time></trkpt><trkpt lat="59.37113" lon="18.04292667"><ele>0.0</ele><time>2026-06-03T09:53:24.069Z</time></trkpt><trkpt lat="59.371135" lon="18.04287"><ele>0.0</ele><time>2026-06-03T09:53:25.069Z</time></trkpt><trkpt lat="59.37114667" lon="18.042815"><ele>0.0</ele><time>2026-06-03T09:53:26.069Z</time></trkpt><trkpt lat="59.37115667" lon="18.04276167"><ele>0.0</ele><time>2026-06-03T09:53:27.069Z</time></trkpt><trkpt lat="59.371175" lon="18.04272"><ele>0.0</ele><time>2026-06-03T09:53:28.069Z</time></trkpt><trkpt lat="59.371195" lon="18.04268333"><ele>0.0</ele><time>2026-06-03T09:53:29.069Z</time></trkpt><trkpt lat="59.37121333" lon="18.04264833"><ele>0.0</ele><time>2026-06-03T09:53:30.069Z</time></trkpt><trkpt lat="59.37123" lon="18.04260167"><ele>0.0</ele><time>2026-06-03T09:53:31.069Z</time></trkpt><trkpt lat="59.37124333" lon="18.042545"><ele>0.0</ele><time>2026-06-03T09:53:32.068Z</time></trkpt><trkpt lat="59.371255" lon="18.04248833"><ele>0.0</ele><time>2026-06-03T09:53:33.069Z</time></trkpt><trkpt lat="59.37126333" lon="18.04243"><ele>0.0</ele><time>2026-06-03T09:53:34.069Z</time></trkpt><trkpt lat="59.37127" lon="18.04237"><ele>0.0</ele><time>2026-06-03T09:53:35.069Z</time></trkpt><trkpt lat="59.37127667" lon="18.04231667"><ele>0.0</ele><time>2026-06-03T09:53:36.069Z</time></trkpt><trkpt lat="59.371275" lon="18.04225667"><ele>0.0</ele><time>2026-06-03T09:53:37.068Z</time></trkpt><trkpt lat="59.37127333" lon="18.042205"><ele>0.0</ele><time>2026-06-03T09:53:38.069Z</time></trkpt><trkpt lat="59.371275" lon="18.04214667"><ele>0.0</ele><time>2026-06-03T09:53:39.069Z</time></trkpt><trkpt lat="59.37127" lon="18.04208333"><ele>0.0</ele><time>2026-06-03T09:53:40.069Z</time></trkpt><trkpt lat="59.37127" lon="18.04202667"><ele>-1.0</ele><time>2026-06-03T09:53:41.069Z</time></trkpt><trkpt lat="59.37125833" lon="18.041965"><ele>-1.0</ele><time>2026-06-03T09:53:42.069Z</time></trkpt><trkpt lat="59.37125333" lon="18.04190333"><ele>0.0</ele><time>2026-06-03T09:53:43.069Z</time></trkpt><trkpt lat="59.371245" lon="18.04183833"><ele>0.0</ele><time>2026-06-03T09:53:44.069Z</time></trkpt><trkpt lat="59.37124" lon="18.04177833"><ele>0.0</ele><time>2026-06-03T09:53:45.069Z</time></trkpt><trkpt lat="59.37122833" lon="18.04172167"><ele>0.0</ele><time>2026-06-03T09:53:46.069Z</time></trkpt><trkpt lat="59.37122167" lon="18.04166833"><ele>0.0</ele><time>2026-06-03T09:53:47.069Z</time></trkpt><trkpt lat="59.37121167" lon="18.04162"><ele>0.0</ele><time>2026-06-03T09:53:48.069Z</time></trkpt><trkpt lat="59.37120333" lon="18.041575"><ele>0.0</ele><time>2026-06-03T09:53:49.069Z</time></trkpt><trkpt lat="59.37119167" lon="18.04152833"><ele>0.0</ele><time>2026-06-03T09:53:50.069Z</time></trkpt><trkpt lat="59.37118667" lon="18.04148333"><ele>0.0</ele><time>2026-06-03T09:53:51.069Z</time></trkpt><trkpt lat="59.37117667" lon="18.04143333"><ele>0.0</ele><time>2026-06-03T09:53:52.069Z</time></trkpt><trkpt lat="59.37116" lon="18.04139167"><ele>0.0</ele><time>2026-06-03T09:53:53.069Z</time></trkpt><trkpt lat="59.37114333" lon="18.041345"><ele>0.0</ele><time>2026-06-03T09:53:54.069Z</time></trkpt><trkpt lat="59.37112833" lon="18.04130333"><ele>0.0</ele><time>2026-06-03T09:53:55.069Z</time></trkpt><trkpt lat="59.37111333" lon="18.04125833"><ele>0.0</ele><time>2026-06-03T09:53:56.069Z</time></trkpt><trkpt lat="59.37109833" lon="18.041215"><ele>0.0</ele><time>2026-06-03T09:53:57.069Z</time></trkpt><trkpt lat="59.371085" lon="18.04117167"><ele>0.0</ele><time>2026-06-03T09:53:58.069Z</time></trkpt><trkpt lat="59.371075" lon="18.04112167"><ele>0.0</ele><time>2026-06-03T09:53:59.069Z</time></trkpt><trkpt lat="59.37106167" lon="18.04108"><ele>0.0</ele><time>2026-06-03T09:54:00.069Z</time></trkpt><trkpt lat="59.37104333" lon="18.04104333"><ele>0.0</ele><time>2026-06-03T09:54:01.069Z</time></trkpt><trkpt lat="59.37101833" lon="18.041015"><ele>0.0</ele><time>2026-06-03T09:54:02.069Z</time></trkpt><trkpt lat="59.37099167" lon="18.04100167"><ele>0.0</ele><time>2026-06-03T09:54:03.068Z</time></trkpt><trkpt lat="59.37096333" lon="18.04101167"><ele>0.0</ele><time>2026-06-03T09:54:04.069Z</time></trkpt><trkpt lat="59.37094167" lon="18.041035"><ele>0.0</ele><time>2026-06-03T09:54:05.069Z</time></trkpt><trkpt lat="59.37091667" lon="18.04106333"><ele>0.0</ele><time>2026-06-03T09:54:06.069Z</time></trkpt><trkpt lat="59.37089667" lon="18.04109667"><ele>0.0</ele><time>2026-06-03T09:54:07.069Z</time></trkpt><trkpt lat="59.370875" lon="18.04112667"><ele>0.0</ele><time>2026-06-03T09:54:08.069Z</time></trkpt><trkpt lat="59.37085167" lon="18.041155"><ele>0.0</ele><time>2026-06-03T09:54:09.069Z</time></trkpt><trkpt lat="59.37082833" lon="18.04117667"><ele>0.0</ele><time>2026-06-03T09:54:10.068Z</time></trkpt><trkpt lat="59.37079833" lon="18.04119333"><ele>0.0</ele><time>2026-06-03T09:54:11.069Z</time></trkpt><trkpt lat="59.37077" lon="18.04120833"><ele>0.0</ele><time>2026-06-03T09:54:12.069Z</time></trkpt><trkpt lat="59.37074167" lon="18.04121833"><ele>0.0</ele><time>2026-06-03T09:54:13.069Z</time></trkpt><trkpt lat="59.370715" lon="18.04122333"><ele>0.0</ele><time>2026-06-03T09:54:14.069Z</time></trkpt><trkpt lat="59.37068833" lon="18.04122333"><ele>0.0</ele><time>2026-06-03T09:54:15.069Z</time></trkpt><trkpt lat="59.37066" lon="18.04121333"><ele>0.0</ele><time>2026-06-03T09:54:16.068Z</time></trkpt><trkpt lat="59.37063667" lon="18.04119667"><ele>0.0</ele><time>2026-06-03T09:54:17.069Z</time></trkpt><trkpt lat="59.37060667" lon="18.04118333"><ele>0.0</ele><time>2026-06-03T09:54:18.069Z</time></trkpt><trkpt lat="59.37057833" lon="18.04117167"><ele>0.0</ele><time>2026-06-03T09:54:19.069Z</time></trkpt><trkpt lat="59.370555" lon="18.04114667"><ele>0.0</ele><time>2026-06-03T09:54:20.069Z</time></trkpt><trkpt lat="59.37053" lon="18.04111667"><ele>0.0</ele><time>2026-06-03T09:54:21.069Z</time></trkpt><trkpt lat="59.37051" lon="18.04108333"><ele>0.0</ele><time>2026-06-03T09:54:22.069Z</time></trkpt><trkpt lat="59.37049167" lon="18.04104"><ele>-1.0</ele><time>2026-06-03T09:54:23.069Z</time></trkpt><trkpt lat="59.370475" lon="18.041"><ele>-1.0</ele><time>2026-06-03T09:54:24.068Z</time></trkpt><trkpt lat="59.37045833" lon="18.04095167"><ele>0.0</ele><time>2026-06-03T09:54:25.070Z</time></trkpt><trkpt lat="59.37044167" lon="18.04090833"><ele>0.0</ele><time>2026-06-03T09:54:26.069Z</time></trkpt><trkpt lat="59.37042333" lon="18.04086333"><ele>0.0</ele><time>2026-06-03T09:54:27.069Z</time></trkpt><trkpt lat="59.37040333" lon="18.04082"><ele>0.0</ele><time>2026-06-03T09:54:28.069Z</time></trkpt><trkpt lat="59.37038667" lon="18.04079167"><ele>0.0</ele><time>2026-06-03T09:54:29.069Z</time></trkpt><trkpt lat="59.37036167" lon="18.040765"><ele>0.0</ele><time>2026-06-03T09:54:30.069Z</time></trkpt><trkpt lat="59.37033333" lon="18.04074667"><ele>0.0</ele><time>2026-06-03T09:54:31.068Z</time></trkpt><trkpt lat="59.37030833" lon="18.040745"><ele>0.0</ele><time>2026-06-03T09:54:32.069Z</time></trkpt><trkpt lat="59.37027667" lon="18.04075167"><ele>0.0</ele><time>2026-06-03T09:54:33.069Z</time></trkpt><trkpt lat="59.37024667" lon="18.04077333"><ele>0.0</ele><time>2026-06-03T09:54:34.069Z</time></trkpt><trkpt lat="59.37022" lon="18.04081"><ele>0.0</ele><time>2026-06-03T09:54:35.069Z</time></trkpt><trkpt lat="59.370195" lon="18.04084167"><ele>0.0</ele><time>2026-06-03T09:54:36.069Z</time></trkpt><trkpt lat="59.37017167" lon="18.04087667"><ele>0.0</ele><time>2026-06-03T09:54:37.069Z</time></trkpt><trkpt lat="59.37014833" lon="18.04090167"><ele>0.0</ele><time>2026-06-03T09:54:38.068Z</time></trkpt><trkpt lat="59.37012667" lon="18.04093667"><ele>0.0</ele><time>2026-06-03T09:54:39.069Z</time></trkpt><trkpt lat="59.37010333" lon="18.04097167"><ele>0.0</ele><time>2026-06-03T09:54:40.069Z</time></trkpt><trkpt lat="59.37007333" lon="18.04101167"><ele>0.0</ele><time>2026-06-03T09:54:41.069Z</time></trkpt><trkpt lat="59.37004167" lon="18.04105"><ele>0.0</ele><time>2026-06-03T09:54:42.069Z</time></trkpt><trkpt lat="59.37001333" lon="18.04108667"><ele>0.0</ele><time>2026-06-03T09:54:43.069Z</time></trkpt><trkpt lat="59.36998167" lon="18.04112167"><ele>0.0</ele><time>2026-06-03T09:54:44.068Z</time></trkpt><trkpt lat="59.369955" lon="18.04116"><ele>0.0</ele><time>2026-06-03T09:54:45.068Z</time></trkpt><trkpt lat="59.36993333" lon="18.04119667"><ele>0.0</ele><time>2026-06-03T09:54:46.069Z</time></trkpt><trkpt lat="59.36990667" lon="18.04123833"><ele>0.0</ele><time>2026-06-03T09:54:47.069Z</time></trkpt><trkpt lat="59.36988167" lon="18.04127833"><ele>0.0</ele><time>2026-06-03T09:54:48.069Z</time></trkpt><trkpt lat="59.369855" lon="18.04131833"><ele>0.0</ele><time>2026-06-03T09:54:49.069Z</time></trkpt><trkpt lat="59.36983333" lon="18.04136833"><ele>0.0</ele><time>2026-06-03T09:54:50.069Z</time></trkpt><trkpt lat="59.36981333" lon="18.04142"><ele>0.0</ele><time>2026-06-03T09:54:51.069Z</time></trkpt><trkpt lat="59.36979333" lon="18.04146667"><ele>0.0</ele><time>2026-06-03T09:54:52.068Z</time></trkpt><trkpt lat="59.36977833" lon="18.04151667"><ele>0.0</ele><time>2026-06-03T09:54:53.069Z</time></trkpt><trkpt lat="59.36976167" lon="18.041575"><ele>0.0</ele><time>2026-06-03T09:54:54.069Z</time></trkpt><trkpt lat="59.369745" lon="18.04163167"><ele>0.0</ele><time>2026-06-03T09:54:55.069Z</time></trkpt><trkpt lat="59.36973" lon="18.041695"><ele>0.0</ele><time>2026-06-03T09:54:56.069Z</time></trkpt><trkpt lat="59.36971333" lon="18.04176"><ele>0.0</ele><time>2026-06-03T09:54:57.069Z</time></trkpt><trkpt lat="59.36970167" lon="18.04182167"><ele>0.0</ele><time>2026-06-03T09:54:58.069Z</time></trkpt><trkpt lat="59.36969" lon="18.04188333"><ele>0.0</ele><time>2026-06-03T09:54:59.068Z</time></trkpt><trkpt lat="59.36967833" lon="18.04194333"><ele>0.0</ele><time>2026-06-03T09:55:00.069Z</time></trkpt><trkpt lat="59.36966833" lon="18.042"><ele>0.0</ele><time>2026-06-03T09:55:01.069Z</time></trkpt><trkpt lat="59.36965833" lon="18.04206167"><ele>0.0</ele><time>2026-06-03T09:55:02.068Z</time></trkpt><trkpt lat="59.36964833" lon="18.04212333"><ele>0.0</ele><time>2026-06-03T09:55:03.069Z</time></trkpt><trkpt lat="59.369635" lon="18.04218167"><ele>0.0</ele><time>2026-06-03T09:55:04.069Z</time></trkpt><trkpt lat="59.36962167" lon="18.04223667"><ele>0.0</ele><time>2026-06-03T09:55:05.069Z</time></trkpt><trkpt lat="59.36960167" lon="18.04229"><ele>0.0</ele><time>2026-06-03T09:55:06.069Z</time></trkpt><trkpt lat="59.36958333" lon="18.04233833"><ele>0.0</ele><time>2026-06-03T09:55:07.069Z</time></trkpt><trkpt lat="59.36956167" lon="18.04239"><ele>0.0</ele><time>2026-06-03T09:55:08.069Z</time></trkpt><trkpt lat="59.36954667" lon="18.04243333"><ele>0.0</ele><time>2026-06-03T09:55:09.069Z</time></trkpt><trkpt lat="59.369535" lon="18.04247167"><ele>0.0</ele><time>2026-06-03T09:55:10.069Z</time></trkpt><trkpt lat="59.36952167" lon="18.04251833"><ele>0.0</ele><time>2026-06-03T09:55:11.069Z</time></trkpt><trkpt lat="59.36951" lon="18.04257"><ele>0.0</ele><time>2026-06-03T09:55:12.069Z</time></trkpt><trkpt lat="59.36949333" lon="18.04261833"><ele>0.0</ele><time>2026-06-03T09:55:13.069Z</time></trkpt><trkpt lat="59.369475" lon="18.04266667"><ele>0.0</ele><time>2026-06-03T09:55:14.069Z</time></trkpt><trkpt lat="59.369455" lon="18.04270667"><ele>0.0</ele><time>2026-06-03T09:55:15.069Z</time></trkpt><trkpt lat="59.36943667" lon="18.04274833"><ele>0.0</ele><time>2026-06-03T09:55:16.069Z</time></trkpt><trkpt lat="59.36941833" lon="18.04279333"><ele>0.0</ele><time>2026-06-03T09:55:17.069Z</time></trkpt><trkpt lat="59.36939833" lon="18.04283167"><ele>0.0</ele><time>2026-06-03T09:55:18.069Z</time></trkpt><trkpt lat="59.36938167" lon="18.04287"><ele>0.0</ele><time>2026-06-03T09:55:19.069Z</time></trkpt><trkpt lat="59.36936333" lon="18.04291667"><ele>0.0</ele><time>2026-06-03T09:55:20.069Z</time></trkpt><trkpt lat="59.369345" lon="18.04295667"><ele>0.0</ele><time>2026-06-03T09:55:21.069Z</time></trkpt><trkpt lat="59.36932833" lon="18.04299833"><ele>0.0</ele><time>2026-06-03T09:55:22.069Z</time></trkpt><trkpt lat="59.36931167" lon="18.04303"><ele>0.0</ele><time>2026-06-03T09:55:23.069Z</time></trkpt><trkpt lat="59.36929333" lon="18.04305667"><ele>0.0</ele><time>2026-06-03T09:55:24.069Z</time></trkpt><trkpt lat="59.36926667" lon="18.043075"><ele>0.0</ele><time>2026-06-03T09:55:25.069Z</time></trkpt><trkpt lat="59.369245" lon="18.04309833"><ele>0.0</ele><time>2026-06-03T09:55:26.069Z</time></trkpt><trkpt lat="59.36922333" lon="18.04312333"><ele>0.0</ele><time>2026-06-03T09:55:27.069Z</time></trkpt><trkpt lat="59.36920167" lon="18.04315167"><ele>0.0</ele><time>2026-06-03T09:55:28.069Z</time></trkpt><trkpt lat="59.36918333" lon="18.04318667"><ele>0.0</ele><time>2026-06-03T09:55:29.068Z</time></trkpt><trkpt lat="59.36916333" lon="18.04322333"><ele>0.0</ele><time>2026-06-03T09:55:30.069Z</time></trkpt><trkpt lat="59.36914667" lon="18.043265"><ele>0.0</ele><time>2026-06-03T09:55:31.069Z</time></trkpt><trkpt lat="59.36913167" lon="18.04331167"><ele>0.0</ele><time>2026-06-03T09:55:32.068Z</time></trkpt><trkpt lat="59.36911833" lon="18.043355"><ele>0.0</ele><time>2026-06-03T09:55:33.069Z</time></trkpt><trkpt lat="59.36910667" lon="18.04340667"><ele>0.0</ele><time>2026-06-03T09:55:34.068Z</time></trkpt><trkpt lat="59.36909333" lon="18.043455"><ele>0.0</ele><time>2026-06-03T09:55:35.068Z</time></trkpt><trkpt lat="59.36908167" lon="18.04350333"><ele>0.0</ele><time>2026-06-03T09:55:36.069Z</time></trkpt><trkpt lat="59.369075" lon="18.04355333"><ele>0.0</ele><time>2026-06-03T09:55:37.069Z</time></trkpt><trkpt lat="59.369065" lon="18.0436"><ele>0.0</ele><time>2026-06-03T09:55:38.068Z</time></trkpt><trkpt lat="59.369055" lon="18.04363833"><ele>0.0</ele><time>2026-06-03T09:55:39.069Z</time></trkpt><trkpt lat="59.36904" lon="18.04365333"><ele>0.0</ele><time>2026-06-03T09:55:40.069Z</time></trkpt><trkpt lat="59.36902167" lon="18.04365167"><ele>0.0</ele><time>2026-06-03T09:55:41.068Z</time></trkpt><trkpt lat="59.369" lon="18.043645"><ele>0.0</ele><time>2026-06-03T09:55:42.069Z</time></trkpt><trkpt lat="59.36897667" lon="18.043645"><ele>0.0</ele><time>2026-06-03T09:55:43.069Z</time></trkpt><trkpt lat="59.36895333" lon="18.04365333"><ele>0.0</ele><time>2026-06-03T09:55:44.068Z</time></trkpt><trkpt lat="59.36893167" lon="18.043665"><ele>0.0</ele><time>2026-06-03T09:55:45.068Z</time></trkpt><trkpt lat="59.36891333" lon="18.04368333"><ele>0.0</ele><time>2026-06-03T09:55:46.069Z</time></trkpt><trkpt lat="59.36889167" lon="18.04370333"><ele>0.0</ele><time>2026-06-03T09:55:47.068Z</time></trkpt><trkpt lat="59.36887333" lon="18.04373833"><ele>0.0</ele><time>2026-06-03T09:55:48.068Z</time></trkpt><trkpt lat="59.36885167" lon="18.04378833"><ele>0.0</ele><time>2026-06-03T09:55:49.069Z</time></trkpt><trkpt lat="59.36883167" lon="18.04384"><ele>0.0</ele><time>2026-06-03T09:55:50.068Z</time></trkpt><trkpt lat="59.36881833" lon="18.043885"><ele>0.0</ele><time>2026-06-03T09:55:51.069Z</time></trkpt><trkpt lat="59.3688" lon="18.04393833"><ele>0.0</ele><time>2026-06-03T09:55:52.069Z</time></trkpt><trkpt lat="59.36878" lon="18.043995"><ele>0.0</ele><time>2026-06-03T09:55:53.068Z</time></trkpt><trkpt lat="59.36876333" lon="18.04404167"><ele>0.0</ele><time>2026-06-03T09:55:54.068Z</time></trkpt><trkpt lat="59.368745" lon="18.04408167"><ele>0.0</ele><time>2026-06-03T09:55:55.068Z</time></trkpt><trkpt lat="59.36872667" lon="18.04412"><ele>0.0</ele><time>2026-06-03T09:55:56.068Z</time></trkpt><trkpt lat="59.368705" lon="18.04415333"><ele>0.0</ele><time>2026-06-03T09:55:57.069Z</time></trkpt><trkpt lat="59.368685" lon="18.044185"><ele>0.0</ele><time>2026-06-03T09:55:58.069Z</time></trkpt><trkpt lat="59.36866167" lon="18.04421833"><ele>0.0</ele><time>2026-06-03T09:55:59.068Z</time></trkpt><trkpt lat="59.36863667" lon="18.04425333"><ele>0.0</ele><time>2026-06-03T09:56:00.069Z</time></trkpt><trkpt lat="59.36861333" lon="18.04429167"><ele>0.0</ele><time>2026-06-03T09:56:01.069Z</time></trkpt><trkpt lat="59.36858833" lon="18.04432833"><ele>0.0</ele><time>2026-06-03T09:56:02.068Z</time></trkpt><trkpt lat="59.36856667" lon="18.04436833"><ele>0.0</ele><time>2026-06-03T09:56:03.069Z</time></trkpt><trkpt lat="59.36854167" lon="18.044405"><ele>0.0</ele><time>2026-06-03T09:56:04.069Z</time></trkpt><trkpt lat="59.36852" lon="18.04444333"><ele>0.0</ele><time>2026-06-03T09:56:05.069Z</time></trkpt><trkpt lat="59.3685" lon="18.04448333"><ele>0.0</ele><time>2026-06-03T09:56:06.069Z</time></trkpt><trkpt lat="59.36848" lon="18.04452333"><ele>0.0</ele><time>2026-06-03T09:56:07.069Z</time></trkpt><trkpt lat="59.36846167" lon="18.04456833"><ele>0.0</ele><time>2026-06-03T09:56:08.069Z</time></trkpt><trkpt lat="59.36844" lon="18.04461167"><ele>0.0</ele><time>2026-06-03T09:56:09.069Z</time></trkpt><trkpt lat="59.36841833" lon="18.04465167"><ele>0.0</ele><time>2026-06-03T09:56:10.069Z</time></trkpt><trkpt lat="59.36840167" lon="18.04469333"><ele>0.0</ele><time>2026-06-03T09:56:11.069Z</time></trkpt><trkpt lat="59.368385" lon="18.044735"><ele>0.0</ele><time>2026-06-03T09:56:12.069Z</time></trkpt><trkpt lat="59.36837167" lon="18.04478"><ele>0.0</ele><time>2026-06-03T09:56:13.069Z</time></trkpt><trkpt lat="59.36835" lon="18.04482"><ele>0.0</ele><time>2026-06-03T09:56:14.068Z</time></trkpt><trkpt lat="59.36832833" lon="18.04483667"><ele>0.0</ele><time>2026-06-03T09:56:15.069Z</time></trkpt><trkpt lat="59.36829833" lon="18.04484167"><ele>0.0</ele><time>2026-06-03T09:56:16.069Z</time></trkpt><trkpt lat="59.36827167" lon="18.044825"><ele>0.0</ele><time>2026-06-03T09:56:17.069Z</time></trkpt><trkpt lat="59.36823833" lon="18.04481167"><ele>0.0</ele><time>2026-06-03T09:56:18.069Z</time></trkpt><trkpt lat="59.36820667" lon="18.044775"><ele>0.0</ele><time>2026-06-03T09:56:19.069Z</time></trkpt><trkpt lat="59.36817833" lon="18.04473167"><ele>0.0</ele><time>2026-06-03T09:56:20.069Z</time></trkpt><trkpt lat="59.36815667" lon="18.04468"><ele>0.0</ele><time>2026-06-03T09:56:21.068Z</time></trkpt><trkpt lat="59.36813833" lon="18.044625"><ele>0.0</ele><time>2026-06-03T09:56:22.069Z</time></trkpt><trkpt lat="59.36811667" lon="18.04457333"><ele>0.0</ele><time>2026-06-03T09:56:23.068Z</time></trkpt><trkpt lat="59.36810333" lon="18.04451667"><ele>0.0</ele><time>2026-06-03T09:56:24.069Z</time></trkpt><trkpt lat="59.36808667" lon="18.04445667"><ele>0.0</ele><time>2026-06-03T09:56:25.069Z</time></trkpt><trkpt lat="59.36807667" lon="18.044395"><ele>0.0</ele><time>2026-06-03T09:56:26.069Z</time></trkpt><trkpt lat="59.36807" lon="18.04433667"><ele>0.0</ele><time>2026-06-03T09:56:27.069Z</time></trkpt><trkpt lat="59.36806667" lon="18.04427833"><ele>0.0</ele><time>2026-06-03T09:56:28.069Z</time></trkpt><trkpt lat="59.36806833" lon="18.04421833"><ele>0.0</ele><time>2026-06-03T09:56:29.069Z</time></trkpt><trkpt lat="59.36806667" lon="18.04416333"><ele>0.0</ele><time>2026-06-03T09:56:30.069Z</time></trkpt><trkpt lat="59.36806667" lon="18.044105"><ele>0.0</ele><time>2026-06-03T09:56:31.069Z</time></trkpt><trkpt lat="59.36806167" lon="18.04404667"><ele>0.0</ele><time>2026-06-03T09:56:32.069Z</time></trkpt><trkpt lat="59.36806333" lon="18.04398833"><ele>0.0</ele><time>2026-06-03T09:56:33.069Z</time></trkpt><trkpt lat="59.36807" lon="18.04392667"><ele>0.0</ele><time>2026-06-03T09:56:34.069Z</time></trkpt><trkpt lat="59.368075" lon="18.04386333"><ele>0.0</ele><time>2026-06-03T09:56:35.069Z</time></trkpt><trkpt lat="59.36807667" lon="18.0438"><ele>0.0</ele><time>2026-06-03T09:56:36.069Z</time></trkpt><trkpt lat="59.36808" lon="18.04374"><ele>0.0</ele><time>2026-06-03T09:56:37.068Z</time></trkpt><trkpt lat="59.36808167" lon="18.04368"><ele>0.0</ele><time>2026-06-03T09:56:38.069Z</time></trkpt><trkpt lat="59.36808333" lon="18.04361333"><ele>0.0</ele><time>2026-06-03T09:56:39.069Z</time></trkpt><trkpt lat="59.36808667" lon="18.043555"><ele>0.0</ele><time>2026-06-03T09:56:40.069Z</time></trkpt><trkpt lat="59.36808833" lon="18.0435"><ele>0.0</ele><time>2026-06-03T09:56:41.069Z</time></trkpt><trkpt lat="59.36808833" lon="18.04344333"><ele>0.0</ele><time>2026-06-03T09:56:42.069Z</time></trkpt><trkpt lat="59.36808333" lon="18.04338167"><ele>0.0</ele><time>2026-06-03T09:56:43.069Z</time></trkpt><trkpt lat="59.36808333" lon="18.04333167"><ele>0.0</ele><time>2026-06-03T09:56:44.068Z</time></trkpt><trkpt lat="59.36808667" lon="18.04327833"><ele>0.0</ele><time>2026-06-03T09:56:45.069Z</time></trkpt><trkpt lat="59.36808833" lon="18.04322833"><ele>0.0</ele><time>2026-06-03T09:56:46.069Z</time></trkpt><trkpt lat="59.36808833" lon="18.04317333"><ele>0.0</ele><time>2026-06-03T09:56:47.069Z</time></trkpt><trkpt lat="59.36807667" lon="18.04312833"><ele>0.0</ele><time>2026-06-03T09:56:48.069Z</time></trkpt><trkpt lat="59.36806333" lon="18.043085"><ele>0.0</ele><time>2026-06-03T09:56:49.069Z</time></trkpt><trkpt lat="59.36804333" lon="18.04305167"><ele>0.0</ele><time>2026-06-03T09:56:50.069Z</time></trkpt><trkpt lat="59.36802333" lon="18.04302"><ele>0.0</ele><time>2026-06-03T09:56:51.069Z</time></trkpt><trkpt lat="59.36798833" lon="18.04300167"><ele>0.0</ele><time>2026-06-03T09:56:52.069Z</time></trkpt><trkpt lat="59.36795333" lon="18.04300833"><ele>0.0</ele><time>2026-06-03T09:56:53.069Z</time></trkpt><trkpt lat="59.36792667" lon="18.04302833"><ele>0.0</ele><time>2026-06-03T09:56:54.069Z</time></trkpt><trkpt lat="59.36790667" lon="18.04305833"><ele>0.0</ele><time>2026-06-03T09:56:55.069Z</time></trkpt><trkpt lat="59.36788833" lon="18.04311167"><ele>0.0</ele><time>2026-06-03T09:56:56.069Z</time></trkpt><trkpt lat="59.36787167" lon="18.04317667"><ele>0.0</ele><time>2026-06-03T09:56:57.069Z</time></trkpt><trkpt lat="59.36786" lon="18.043245"><ele>0.0</ele><time>2026-06-03T09:56:58.069Z</time></trkpt><trkpt lat="59.36785333" lon="18.0433"><ele>0.0</ele><time>2026-06-03T09:56:59.069Z</time></trkpt><trkpt lat="59.367845" lon="18.04336167"><ele>0.0</ele><time>2026-06-03T09:57:00.069Z</time></trkpt><trkpt lat="59.36784" lon="18.04342333"><ele>0.0</ele><time>2026-06-03T09:57:01.069Z</time></trkpt><trkpt lat="59.36783667" lon="18.043485"><ele>0.0</ele><time>2026-06-03T09:57:02.068Z</time></trkpt><trkpt lat="59.36783" lon="18.04354667"><ele>0.0</ele><time>2026-06-03T09:57:03.069Z</time></trkpt><trkpt lat="59.36781833" lon="18.04361"><ele>0.0</ele><time>2026-06-03T09:57:04.069Z</time></trkpt><trkpt lat="59.36780333" lon="18.043665"><ele>0.0</ele><time>2026-06-03T09:57:05.069Z</time></trkpt><trkpt lat="59.367785" lon="18.04371167"><ele>0.0</ele><time>2026-06-03T09:57:06.069Z</time></trkpt><trkpt lat="59.36776" lon="18.04376"><ele>0.0</ele><time>2026-06-03T09:57:07.069Z</time></trkpt><trkpt lat="59.367735" lon="18.04379833"><ele>0.0</ele><time>2026-06-03T09:57:08.069Z</time></trkpt><trkpt lat="59.367715" lon="18.043835"><ele>0.0</ele><time>2026-06-03T09:57:09.069Z</time></trkpt><trkpt lat="59.36769" lon="18.04386667"><ele>0.0</ele><time>2026-06-03T09:57:10.069Z</time></trkpt><trkpt lat="59.36766833" lon="18.04389167"><ele>0.0</ele><time>2026-06-03T09:57:11.069Z</time></trkpt><trkpt lat="59.36764667" lon="18.04389833"><ele>0.0</ele><time>2026-06-03T09:57:12.069Z</time></trkpt><trkpt lat="59.36762833" lon="18.04389"><ele>0.0</ele><time>2026-06-03T09:57:13.069Z</time></trkpt><trkpt lat="59.36761167" lon="18.04387833"><ele>0.0</ele><time>2026-06-03T09:57:14.069Z</time></trkpt><trkpt lat="59.36758667" lon="18.04386833"><ele>0.0</ele><time>2026-06-03T09:57:15.069Z</time></trkpt><trkpt lat="59.36756333" lon="18.04386333"><ele>0.0</ele><time>2026-06-03T09:57:16.069Z</time></trkpt><trkpt lat="59.36753833" lon="18.04386667"><ele>0.0</ele><time>2026-06-03T09:57:17.069Z</time></trkpt><trkpt lat="59.36751167" lon="18.04386667"><ele>0.0</ele><time>2026-06-03T09:57:18.069Z</time></trkpt><trkpt lat="59.367485" lon="18.04385333"><ele>0.0</ele><time>2026-06-03T09:57:19.069Z</time></trkpt><trkpt lat="59.367455" lon="18.04384333"><ele>0.0</ele><time>2026-06-03T09:57:20.069Z</time></trkpt><trkpt lat="59.36742167" lon="18.04384"><ele>-1.0</ele><time>2026-06-03T09:57:21.069Z</time></trkpt><trkpt lat="59.36739333" lon="18.04383333"><ele>-1.0</ele><time>2026-06-03T09:57:22.069Z</time></trkpt><trkpt lat="59.367365" lon="18.043835"><ele>-1.0</ele><time>2026-06-03T09:57:23.069Z</time></trkpt><trkpt lat="59.36733333" lon="18.04383333"><ele>0.0</ele><time>2026-06-03T09:57:24.069Z</time></trkpt><trkpt lat="59.367305" lon="18.04383167"><ele>0.0</ele><time>2026-06-03T09:57:25.069Z</time></trkpt><trkpt lat="59.36727833" lon="18.04382167"><ele>0.0</ele><time>2026-06-03T09:57:26.069Z</time></trkpt><trkpt lat="59.36725" lon="18.04380667"><ele>0.0</ele><time>2026-06-03T09:57:27.068Z</time></trkpt><trkpt lat="59.367225" lon="18.04379167"><ele>0.0</ele><time>2026-06-03T09:57:28.069Z</time></trkpt><trkpt lat="59.367195" lon="18.04380667"><ele>0.0</ele><time>2026-06-03T09:57:29.069Z</time></trkpt><trkpt lat="59.36717333" lon="18.04381167"><ele>0.0</ele><time>2026-06-03T09:57:30.069Z</time></trkpt><trkpt lat="59.36715667" lon="18.04382833"><ele>0.0</ele><time>2026-06-03T09:57:31.069Z</time></trkpt><trkpt lat="59.36714" lon="18.043855"><ele>0.0</ele><time>2026-06-03T09:57:32.069Z</time></trkpt><trkpt lat="59.36711833" lon="18.04389"><ele>-1.0</ele><time>2026-06-03T09:57:33.069Z</time></trkpt><trkpt lat="59.367095" lon="18.04393167"><ele>0.0</ele><time>2026-06-03T09:57:34.069Z</time></trkpt><trkpt lat="59.367075" lon="18.043975"><ele>0.0</ele><time>2026-06-03T09:57:35.069Z</time></trkpt><trkpt lat="59.36705667" lon="18.04403"><ele>0.0</ele><time>2026-06-03T09:57:36.069Z</time></trkpt><trkpt lat="59.36704" lon="18.04407167"><ele>0.0</ele><time>2026-06-03T09:57:37.069Z</time></trkpt><trkpt lat="59.36702" lon="18.044105"><ele>0.0</ele><time>2026-06-03T09:57:38.069Z</time></trkpt><trkpt lat="59.366995" lon="18.04414167"><ele>0.0</ele><time>2026-06-03T09:57:39.069Z</time></trkpt><trkpt lat="59.36697667" lon="18.04417333"><ele>0.0</ele><time>2026-06-03T09:57:40.069Z</time></trkpt><trkpt lat="59.36695833" lon="18.04421167"><ele>0.0</ele><time>2026-06-03T09:57:41.069Z</time></trkpt><trkpt lat="59.36694167" lon="18.04424333"><ele>0.0</ele><time>2026-06-03T09:57:42.069Z</time></trkpt><trkpt lat="59.36692333" lon="18.04427333"><ele>0.0</ele><time>2026-06-03T09:57:43.069Z</time></trkpt><trkpt lat="59.36690167" lon="18.04430833"><ele>0.0</ele><time>2026-06-03T09:57:44.069Z</time></trkpt><trkpt lat="59.36688" lon="18.04434"><ele>0.0</ele><time>2026-06-03T09:57:45.069Z</time></trkpt><trkpt lat="59.36685333" lon="18.04437"><ele>0.0</ele><time>2026-06-03T09:57:46.069Z</time></trkpt><trkpt lat="59.36683" lon="18.0444"><ele>0.0</ele><time>2026-06-03T09:57:47.069Z</time></trkpt><trkpt lat="59.36680667" lon="18.04442833"><ele>0.0</ele><time>2026-06-03T09:57:48.069Z</time></trkpt><trkpt lat="59.36678" lon="18.04445667"><ele>0.0</ele><time>2026-06-03T09:57:49.068Z</time></trkpt><trkpt lat="59.36675667" lon="18.04448667"><ele>0.0</ele><time>2026-06-03T09:57:50.069Z</time></trkpt><trkpt lat="59.36673333" lon="18.04451333"><ele>0.0</ele><time>2026-06-03T09:57:51.069Z</time></trkpt><trkpt lat="59.36670833" lon="18.04454167"><ele>0.0</ele><time>2026-06-03T09:57:52.069Z</time></trkpt><trkpt lat="59.366685" lon="18.04457667"><ele>0.0</ele><time>2026-06-03T09:57:53.069Z</time></trkpt><trkpt lat="59.36666" lon="18.04461"><ele>0.0</ele><time>2026-06-03T09:57:54.069Z</time></trkpt><trkpt lat="59.36663833" lon="18.04464333"><ele>0.0</ele><time>2026-06-03T09:57:55.068Z</time></trkpt><trkpt lat="59.36661167" lon="18.04467167"><ele>0.0</ele><time>2026-06-03T09:57:56.069Z</time></trkpt><trkpt lat="59.36658667" lon="18.04470167"><ele>0.0</ele><time>2026-06-03T09:57:57.069Z</time></trkpt><trkpt lat="59.36656167" lon="18.044735"><ele>0.0</ele><time>2026-06-03T09:57:58.069Z</time></trkpt><trkpt lat="59.366535" lon="18.04476667"><ele>0.0</ele><time>2026-06-03T09:57:59.069Z</time></trkpt><trkpt lat="59.36651333" lon="18.04480333"><ele>0.0</ele><time>2026-06-03T09:58:00.069Z</time></trkpt><trkpt lat="59.36648667" lon="18.04484167"><ele>0.0</ele><time>2026-06-03T09:58:01.069Z</time></trkpt><trkpt lat="59.36646667" lon="18.04488"><ele>0.0</ele><time>2026-06-03T09:58:02.069Z</time></trkpt><trkpt lat="59.36644833" lon="18.04492333"><ele>0.0</ele><time>2026-06-03T09:58:03.069Z</time></trkpt><trkpt lat="59.36643167" lon="18.04496833"><ele>0.0</ele><time>2026-06-03T09:58:04.069Z</time></trkpt><trkpt lat="59.36642" lon="18.04501167"><ele>0.0</ele><time>2026-06-03T09:58:05.069Z</time></trkpt><trkpt lat="59.366405" lon="18.04505833"><ele>0.0</ele><time>2026-06-03T09:58:06.069Z</time></trkpt><trkpt lat="59.366395" lon="18.045095"><ele>0.0</ele><time>2026-06-03T09:58:07.069Z</time></trkpt><trkpt lat="59.366385" lon="18.04514333"><ele>0.0</ele><time>2026-06-03T09:58:08.068Z</time></trkpt><trkpt lat="59.36637667" lon="18.04518833"><ele>0.0</ele><time>2026-06-03T09:58:09.069Z</time></trkpt><trkpt lat="59.36636833" lon="18.04523167"><ele>0.0</ele><time>2026-06-03T09:58:10.069Z</time></trkpt><trkpt lat="59.36636" lon="18.04528167"><ele>0.0</ele><time>2026-06-03T09:58:11.068Z</time></trkpt><trkpt lat="59.36635" lon="18.04532667"><ele>0.0</ele><time>2026-06-03T09:58:12.069Z</time></trkpt><trkpt lat="59.36634" lon="18.04537167"><ele>1.0</ele><time>2026-06-03T09:58:13.069Z</time></trkpt><trkpt lat="59.36632833" lon="18.04542"><ele>1.0</ele><time>2026-06-03T09:58:14.068Z</time></trkpt><trkpt lat="59.36632" lon="18.04546333"><ele>1.0</ele><time>2026-06-03T09:58:15.069Z</time></trkpt><trkpt lat="59.36630833" lon="18.045505"><ele>1.0</ele><time>2026-06-03T09:58:16.069Z</time></trkpt><trkpt lat="59.36629833" lon="18.04554833"><ele>1.0</ele><time>2026-06-03T09:58:17.068Z</time></trkpt><trkpt lat="59.36628333" lon="18.04559"><ele>1.0</ele><time>2026-06-03T09:58:18.069Z</time></trkpt><trkpt lat="59.36626667" lon="18.04563167"><ele>1.0</ele><time>2026-06-03T09:58:19.069Z</time></trkpt><trkpt lat="59.36625" lon="18.04567167"><ele>1.0</ele><time>2026-06-03T09:58:20.068Z</time></trkpt><trkpt lat="59.36623" lon="18.04570833"><ele>1.0</ele><time>2026-06-03T09:58:21.069Z</time></trkpt><trkpt lat="59.36620833" lon="18.04574667"><ele>1.0</ele><time>2026-06-03T09:58:22.069Z</time></trkpt><trkpt lat="59.36619" lon="18.04578333"><ele>1.0</ele><time>2026-06-03T09:58:23.068Z</time></trkpt><trkpt lat="59.36617" lon="18.04581833"><ele>1.0</ele><time>2026-06-03T09:58:24.069Z</time></trkpt><trkpt lat="59.366155" lon="18.04584833"><ele>1.0</ele><time>2026-06-03T09:58:25.069Z</time></trkpt><trkpt lat="59.36613667" lon="18.04588"><ele>1.0</ele><time>2026-06-03T09:58:26.068Z</time></trkpt><trkpt lat="59.36612" lon="18.04591333"><ele>1.0</ele><time>2026-06-03T09:58:27.069Z</time></trkpt><trkpt lat="59.36610333" lon="18.04594167"><ele>1.0</ele><time>2026-06-03T09:58:28.069Z</time></trkpt><trkpt lat="59.36608667" lon="18.04596167"><ele>1.0</ele><time>2026-06-03T09:58:29.068Z</time></trkpt><trkpt lat="59.36607" lon="18.04598667"><ele>1.0</ele><time>2026-06-03T09:58:30.069Z</time></trkpt><trkpt lat="59.36604667" lon="18.046005"><ele>2.0</ele><time>2026-06-03T09:58:31.069Z</time></trkpt><trkpt lat="59.36602" lon="18.04602833"><ele>2.0</ele><time>2026-06-03T09:58:32.068Z</time></trkpt><trkpt lat="59.36599333" lon="18.04604667"><ele>2.0</ele><time>2026-06-03T09:58:33.069Z</time></trkpt><trkpt lat="59.365965" lon="18.046055"><ele>2.0</ele><time>2026-06-03T09:58:34.069Z</time></trkpt><trkpt lat="59.36593833" lon="18.04606"><ele>2.0</ele><time>2026-06-03T09:58:35.068Z</time></trkpt><trkpt lat="59.36591167" lon="18.04605833"><ele>2.0</ele><time>2026-06-03T09:58:36.069Z</time></trkpt><trkpt lat="59.36588833" lon="18.04606"><ele>2.0</ele><time>2026-06-03T09:58:37.069Z</time></trkpt><trkpt lat="59.36586" lon="18.04606667"><ele>2.0</ele><time>2026-06-03T09:58:38.068Z</time></trkpt><trkpt lat="59.36583333" lon="18.04607333"><ele>2.0</ele><time>2026-06-03T09:58:39.068Z</time></trkpt><trkpt lat="59.36580833" lon="18.04608667"><ele>2.0</ele><time>2026-06-03T09:58:40.069Z</time></trkpt><trkpt lat="59.36578" lon="18.046095"><ele>2.0</ele><time>2026-06-03T09:58:41.068Z</time></trkpt><trkpt lat="59.36575333" lon="18.04610167"><ele>2.0</ele><time>2026-06-03T09:58:42.069Z</time></trkpt><trkpt lat="59.36572" lon="18.04611333"><ele>2.0</ele><time>2026-06-03T09:58:43.069Z</time></trkpt><trkpt lat="59.36568833" lon="18.04612833"><ele>2.0</ele><time>2026-06-03T09:58:44.069Z</time></trkpt><trkpt lat="59.36565833" lon="18.04614667"><ele>2.0</ele><time>2026-06-03T09:58:45.068Z</time></trkpt><trkpt lat="59.36563333" lon="18.04617667"><ele>2.0</ele><time>2026-06-03T09:58:46.069Z</time></trkpt><trkpt lat="59.36561167" lon="18.04620833"><ele>2.0</ele><time>2026-06-03T09:58:47.068Z</time></trkpt><trkpt lat="59.36559333" lon="18.04625"><ele>2.0</ele><time>2026-06-03T09:58:48.069Z</time></trkpt><trkpt lat="59.36557667" lon="18.046295"><ele>2.0</ele><time>2026-06-03T09:58:49.068Z</time></trkpt><trkpt lat="59.36556333" lon="18.046355"><ele>2.0</ele><time>2026-06-03T09:58:50.069Z</time></trkpt><trkpt lat="59.36555167" lon="18.04641667"><ele>2.0</ele><time>2026-06-03T09:58:51.069Z</time></trkpt><trkpt lat="59.36554167" lon="18.04647"><ele>1.0</ele><time>2026-06-03T09:58:52.069Z</time></trkpt><trkpt lat="59.36553667" lon="18.04651333"><ele>1.0</ele><time>2026-06-03T09:58:53.069Z</time></trkpt><trkpt lat="59.36553167" lon="18.04656833"><ele>1.0</ele><time>2026-06-03T09:58:54.069Z</time></trkpt><trkpt lat="59.36553" lon="18.04662333"><ele>1.0</ele><time>2026-06-03T09:58:55.069Z</time></trkpt><trkpt lat="59.36552167" lon="18.04667333"><ele>1.0</ele><time>2026-06-03T09:58:56.069Z</time></trkpt><trkpt lat="59.36551333" lon="18.04672833"><ele>1.0</ele><time>2026-06-03T09:58:57.069Z</time></trkpt><trkpt lat="59.3655" lon="18.04678"><ele>1.0</ele><time>2026-06-03T09:58:58.068Z</time></trkpt><trkpt lat="59.36548167" lon="18.04683833"><ele>1.0</ele><time>2026-06-03T09:58:59.069Z</time></trkpt><trkpt lat="59.365465" lon="18.04689167"><ele>1.0</ele><time>2026-06-03T09:59:00.069Z</time></trkpt><trkpt lat="59.365445" lon="18.04693167"><ele>1.0</ele><time>2026-06-03T09:59:01.068Z</time></trkpt><trkpt lat="59.36542" lon="18.04697333"><ele>1.0</ele><time>2026-06-03T09:59:02.068Z</time></trkpt><trkpt lat="59.3654" lon="18.04700833"><ele>0.0</ele><time>2026-06-03T09:59:03.069Z</time></trkpt><trkpt lat="59.36537833" lon="18.04705"><ele>0.0</ele><time>2026-06-03T09:59:04.069Z</time></trkpt><trkpt lat="59.36535833" lon="18.04708167"><ele>0.0</ele><time>2026-06-03T09:59:05.069Z</time></trkpt><trkpt lat="59.36533667" lon="18.047115"><ele>0.0</ele><time>2026-06-03T09:59:06.069Z</time></trkpt><trkpt lat="59.36531667" lon="18.04715667"><ele>0.0</ele><time>2026-06-03T09:59:07.069Z</time></trkpt><trkpt lat="59.36530167" lon="18.04719167"><ele>0.0</ele><time>2026-06-03T09:59:08.069Z</time></trkpt><trkpt lat="59.36528333" lon="18.04722"><ele>0.0</ele><time>2026-06-03T09:59:09.069Z</time></trkpt><trkpt lat="59.36526333" lon="18.04723833"><ele>0.0</ele><time>2026-06-03T09:59:10.069Z</time></trkpt><trkpt lat="59.36524" lon="18.04726333"><ele>0.0</ele><time>2026-06-03T09:59:11.068Z</time></trkpt><trkpt lat="59.365215" lon="18.04728667"><ele>0.0</ele><time>2026-06-03T09:59:12.069Z</time></trkpt><trkpt lat="59.36519" lon="18.04730333"><ele>0.0</ele><time>2026-06-03T09:59:13.069Z</time></trkpt><trkpt lat="59.365165" lon="18.047325"><ele>0.0</ele><time>2026-06-03T09:59:14.069Z</time></trkpt><trkpt lat="59.36514" lon="18.04734833"><ele>0.0</ele><time>2026-06-03T09:59:15.068Z</time></trkpt><trkpt lat="59.36511667" lon="18.047365"><ele>0.0</ele><time>2026-06-03T09:59:16.069Z</time></trkpt><trkpt lat="59.365095" lon="18.047375"><ele>0.0</ele><time>2026-06-03T09:59:17.069Z</time></trkpt><trkpt lat="59.36506833" lon="18.04738"><ele>0.0</ele><time>2026-06-03T09:59:18.069Z</time></trkpt><trkpt lat="59.36504667" lon="18.04738667"><ele>0.0</ele><time>2026-06-03T09:59:19.069Z</time></trkpt><trkpt lat="59.36501667" lon="18.04739833"><ele>0.0</ele><time>2026-06-03T09:59:20.069Z</time></trkpt><trkpt lat="59.36499167" lon="18.047405"><ele>0.0</ele><time>2026-06-03T09:59:21.069Z</time></trkpt><trkpt lat="59.36496333" lon="18.04741333"><ele>0.0</ele><time>2026-06-03T09:59:22.069Z</time></trkpt><trkpt lat="59.36493" lon="18.04742"><ele>0.0</ele><time>2026-06-03T09:59:23.069Z</time></trkpt><trkpt lat="59.36489833" lon="18.04740667"><ele>0.0</ele><time>2026-06-03T09:59:24.069Z</time></trkpt><trkpt lat="59.364875" lon="18.04738167"><ele>0.0</ele><time>2026-06-03T09:59:25.068Z</time></trkpt><trkpt lat="59.36485667" lon="18.04735667"><ele>0.0</ele><time>2026-06-03T09:59:26.069Z</time></trkpt><trkpt lat="59.36483833" lon="18.04732167"><ele>0.0</ele><time>2026-06-03T09:59:27.068Z</time></trkpt><trkpt lat="59.36482167" lon="18.04727833"><ele>0.0</ele><time>2026-06-03T09:59:28.069Z</time></trkpt><trkpt lat="59.3648" lon="18.04723167"><ele>0.0</ele><time>2026-06-03T09:59:29.069Z</time></trkpt><trkpt lat="59.364785" lon="18.04719333"><ele>0.0</ele><time>2026-06-03T09:59:30.069Z</time></trkpt><trkpt lat="59.364775" lon="18.04715"><ele>0.0</ele><time>2026-06-03T09:59:31.069Z</time></trkpt><trkpt lat="59.36475667" lon="18.04710167"><ele>0.0</ele><time>2026-06-03T09:59:32.069Z</time></trkpt><trkpt lat="59.36474333" lon="18.04705667"><ele>0.0</ele><time>2026-06-03T09:59:33.068Z</time></trkpt><trkpt lat="59.36473" lon="18.047025"><ele>0.0</ele><time>2026-06-03T09:59:34.069Z</time></trkpt><trkpt lat="59.36470833" lon="18.04698667"><ele>0.0</ele><time>2026-06-03T09:59:35.069Z</time></trkpt><trkpt lat="59.36468333" lon="18.046955"><ele>0.0</ele><time>2026-06-03T09:59:36.069Z</time></trkpt><trkpt lat="59.364655" lon="18.046925"><ele>0.0</ele><time>2026-06-03T09:59:37.069Z</time></trkpt><trkpt lat="59.36462333" lon="18.04689167"><ele>0.0</ele><time>2026-06-03T09:59:38.069Z</time></trkpt><trkpt lat="59.36459667" lon="18.04686"><ele>0.0</ele><time>2026-06-03T09:59:39.069Z</time></trkpt><trkpt lat="59.36457333" lon="18.04682833"><ele>0.0</ele><time>2026-06-03T09:59:40.069Z</time></trkpt><trkpt lat="59.36455" lon="18.0468"><ele>0.0</ele><time>2026-06-03T09:59:41.069Z</time></trkpt><trkpt lat="59.36452833" lon="18.04677833"><ele>0.0</ele><time>2026-06-03T09:59:42.069Z</time></trkpt><trkpt lat="59.36450833" lon="18.04675833"><ele>0.0</ele><time>2026-06-03T09:59:43.068Z</time></trkpt><trkpt lat="59.36449333" lon="18.04674333"><ele>0.0</ele><time>2026-06-03T09:59:44.069Z</time></trkpt><trkpt lat="59.36448167" lon="18.04674333"><ele>0.0</ele><time>2026-06-03T09:59:45.068Z</time></trkpt><trkpt lat="59.36447" lon="18.04673833"><ele>0.0</ele><time>2026-06-03T09:59:46.069Z</time></trkpt><trkpt lat="59.36445667" lon="18.04673"><ele>0.0</ele><time>2026-06-03T09:59:47.069Z</time></trkpt><trkpt lat="59.36444" lon="18.04672833"><ele>0.0</ele><time>2026-06-03T09:59:48.069Z</time></trkpt><trkpt lat="59.36442333" lon="18.04672"><ele>0.0</ele><time>2026-06-03T09:59:49.069Z</time></trkpt><trkpt lat="59.36439667" lon="18.04671"><ele>0.0</ele><time>2026-06-03T09:59:50.069Z</time></trkpt><trkpt lat="59.36437167" lon="18.04670167"><ele>0.0</ele><time>2026-06-03T09:59:51.069Z</time></trkpt><trkpt lat="59.364345" lon="18.04670167"><ele>0.0</ele><time>2026-06-03T09:59:52.069Z</time></trkpt><trkpt lat="59.36432333" lon="18.04670167"><ele>0.0</ele><time>2026-06-03T09:59:53.069Z</time></trkpt><trkpt lat="59.36430167" lon="18.04670333"><ele>0.0</ele><time>2026-06-03T09:59:54.069Z</time></trkpt><trkpt lat="59.36428" lon="18.0467"><ele>0.0</ele><time>2026-06-03T09:59:55.069Z</time></trkpt><trkpt lat="59.36426167" lon="18.04669"><ele>0.0</ele><time>2026-06-03T09:59:56.069Z</time></trkpt><trkpt lat="59.36424167" lon="18.046695"><ele>0.0</ele><time>2026-06-03T09:59:57.069Z</time></trkpt><trkpt lat="59.36422" lon="18.046695"><ele>0.0</ele><time>2026-06-03T09:59:58.069Z</time></trkpt><trkpt lat="59.36419667" lon="18.046695"><ele>0.0</ele><time>2026-06-03T09:59:59.069Z</time></trkpt><trkpt lat="59.36417167" lon="18.04669333"><ele>0.0</ele><time>2026-06-03T10:00:00.069Z</time></trkpt><trkpt lat="59.36414833" lon="18.04668833"><ele>0.0</ele><time>2026-06-03T10:00:01.068Z</time></trkpt><trkpt lat="59.36413167" lon="18.04668333"><ele>0.0</ele><time>2026-06-03T10:00:02.069Z</time></trkpt><trkpt lat="59.36411833" lon="18.04667833"><ele>0.0</ele><time>2026-06-03T10:00:03.069Z</time></trkpt><trkpt lat="59.36410333" lon="18.04667"><ele>0.0</ele><time>2026-06-03T10:00:04.069Z</time></trkpt><trkpt lat="59.36408333" lon="18.04666667"><ele>0.0</ele><time>2026-06-03T10:00:05.069Z</time></trkpt><trkpt lat="59.36407" lon="18.04666167"><ele>0.0</ele><time>2026-06-03T10:00:06.069Z</time></trkpt><trkpt lat="59.364055" lon="18.04666667"><ele>0.0</ele><time>2026-06-03T10:00:07.069Z</time></trkpt><trkpt lat="59.36403667" lon="18.046665"><ele>0.0</ele><time>2026-06-03T10:00:08.069Z</time></trkpt><trkpt lat="59.364015" lon="18.04666167"><ele>0.0</ele><time>2026-06-03T10:00:09.069Z</time></trkpt><trkpt lat="59.36399" lon="18.04665833"><ele>0.0</ele><time>2026-06-03T10:00:10.069Z</time></trkpt><trkpt lat="59.363965" lon="18.04665667"><ele>0.0</ele><time>2026-06-03T10:00:11.069Z</time></trkpt><trkpt lat="59.36394167" lon="18.04666167"><ele>0.0</ele><time>2026-06-03T10:00:12.069Z</time></trkpt><trkpt lat="59.36391833" lon="18.04666667"><ele>0.0</ele><time>2026-06-03T10:00:13.069Z</time></trkpt><trkpt lat="59.36389333" lon="18.04667167"><ele>0.0</ele><time>2026-06-03T10:00:14.069Z</time></trkpt><trkpt lat="59.36387167" lon="18.04667167"><ele>0.0</ele><time>2026-06-03T10:00:15.069Z</time></trkpt><trkpt lat="59.36385167" lon="18.04668167"><ele>0.0</ele><time>2026-06-03T10:00:16.069Z</time></trkpt><trkpt lat="59.363835" lon="18.04669333"><ele>0.0</ele><time>2026-06-03T10:00:17.069Z</time></trkpt><trkpt lat="59.36381833" lon="18.04672333"><ele>0.0</ele><time>2026-06-03T10:00:18.069Z</time></trkpt><trkpt lat="59.36381" lon="18.04674167"><ele>0.0</ele><time>2026-06-03T10:00:19.068Z</time></trkpt><trkpt lat="59.36379667" lon="18.04675333"><ele>0.0</ele><time>2026-06-03T10:00:20.069Z</time></trkpt><trkpt lat="59.36378667" lon="18.046765"><ele>0.0</ele><time>2026-06-03T10:00:21.069Z</time></trkpt><trkpt lat="59.363765" lon="18.04677"><ele>0.0</ele><time>2026-06-03T10:00:22.069Z</time></trkpt><trkpt lat="59.36374167" lon="18.04678333"><ele>0.0</ele><time>2026-06-03T10:00:23.069Z</time></trkpt><trkpt lat="59.36372667" lon="18.04679167"><ele>0.0</ele><time>2026-06-03T10:00:24.069Z</time></trkpt><trkpt lat="59.363715" lon="18.04681"><ele>0.0</ele><time>2026-06-03T10:00:25.069Z</time></trkpt><trkpt lat="59.36370167" lon="18.04682"><ele>0.0</ele><time>2026-06-03T10:00:26.069Z</time></trkpt><trkpt lat="59.363685" lon="18.04682333"><ele>0.0</ele><time>2026-06-03T10:00:27.069Z</time></trkpt><trkpt lat="59.36366667" lon="18.046825"><ele>0.0</ele><time>2026-06-03T10:00:28.069Z</time></trkpt><trkpt lat="59.36364833" lon="18.04682"><ele>0.0</ele><time>2026-06-03T10:00:29.069Z</time></trkpt><trkpt lat="59.36363" lon="18.04681333"><ele>0.0</ele><time>2026-06-03T10:00:30.068Z</time></trkpt><trkpt lat="59.36361" lon="18.04681167"><ele>0.0</ele><time>2026-06-03T10:00:31.069Z</time></trkpt><trkpt lat="59.36358667" lon="18.04681333"><ele>0.0</ele><time>2026-06-03T10:00:32.069Z</time></trkpt><trkpt lat="59.363565" lon="18.046825"><ele>0.0</ele><time>2026-06-03T10:00:33.069Z</time></trkpt><trkpt lat="59.36354167" lon="18.04684167"><ele>0.0</ele><time>2026-06-03T10:00:34.069Z</time></trkpt><trkpt lat="59.36351833" lon="18.04685833"><ele>0.0</ele><time>2026-06-03T10:00:35.069Z</time></trkpt><trkpt lat="59.36349667" lon="18.04688"><ele>0.0</ele><time>2026-06-03T10:00:36.069Z</time></trkpt><trkpt lat="59.363475" lon="18.046905"><ele>0.0</ele><time>2026-06-03T10:00:37.069Z</time></trkpt><trkpt lat="59.36345167" lon="18.04692333"><ele>0.0</ele><time>2026-06-03T10:00:38.069Z</time></trkpt><trkpt lat="59.36343167" lon="18.046945"><ele>0.0</ele><time>2026-06-03T10:00:39.069Z</time></trkpt><trkpt lat="59.363415" lon="18.04697667"><ele>0.0</ele><time>2026-06-03T10:00:40.069Z</time></trkpt><trkpt lat="59.36340167" lon="18.047005"><ele>0.0</ele><time>2026-06-03T10:00:41.069Z</time></trkpt><trkpt lat="59.363395" lon="18.04703167"><ele>0.0</ele><time>2026-06-03T10:00:42.069Z</time></trkpt><trkpt lat="59.36338333" lon="18.047055"><ele>0.0</ele><time>2026-06-03T10:00:43.069Z</time></trkpt><trkpt lat="59.36336667" lon="18.04708333"><ele>0.0</ele><time>2026-06-03T10:00:44.069Z</time></trkpt><trkpt lat="59.363355" lon="18.047105"><ele>0.0</ele><time>2026-06-03T10:00:45.068Z</time></trkpt><trkpt lat="59.36334" lon="18.04712333"><ele>0.0</ele><time>2026-06-03T10:00:46.069Z</time></trkpt><trkpt lat="59.36332333" lon="18.04715"><ele>0.0</ele><time>2026-06-03T10:00:47.069Z</time></trkpt><trkpt lat="59.363305" lon="18.04717333"><ele>0.0</ele><time>2026-06-03T10:00:48.069Z</time></trkpt><trkpt lat="59.36329" lon="18.0472"><ele>0.0</ele><time>2026-06-03T10:00:49.069Z</time></trkpt><trkpt lat="59.36327333" lon="18.04722167"><ele>0.0</ele><time>2026-06-03T10:00:50.069Z</time></trkpt><trkpt lat="59.36326167" lon="18.04723667"><ele>0.0</ele><time>2026-06-03T10:00:51.068Z</time></trkpt><trkpt lat="59.36325333" lon="18.04724167"><ele>0.0</ele><time>2026-06-03T10:00:52.069Z</time></trkpt><trkpt lat="59.36324833" lon="18.04724"><ele>0.0</ele><time>2026-06-03T10:00:53.069Z</time></trkpt><trkpt lat="59.363245" lon="18.04723333"><ele>0.0</ele><time>2026-06-03T10:00:54.069Z</time></trkpt><trkpt lat="59.36323667" lon="18.04722"><ele>0.0</ele><time>2026-06-03T10:00:55.068Z</time></trkpt><trkpt lat="59.36322833" lon="18.04720333"><ele>0.0</ele><time>2026-06-03T10:00:56.069Z</time></trkpt><trkpt lat="59.36322167" lon="18.04719333"><ele>0.0</ele><time>2026-06-03T10:00:57.069Z</time></trkpt><trkpt lat="59.36321833" lon="18.04718167"><ele>0.0</ele><time>2026-06-03T10:00:58.069Z</time></trkpt><trkpt lat="59.36321333" lon="18.04716667"><ele>0.0</ele><time>2026-06-03T10:00:59.068Z</time></trkpt><trkpt lat="59.36321" lon="18.04716"><ele>0.0</ele><time>2026-06-03T10:01:00.069Z</time></trkpt><trkpt lat="59.36319667" lon="18.047155"><ele>0.0</ele><time>2026-06-03T10:01:01.068Z</time></trkpt><trkpt lat="59.36317667" lon="18.04715333"><ele>0.0</ele><time>2026-06-03T10:01:02.069Z</time></trkpt><trkpt lat="59.36314667" lon="18.04716833"><ele>0.0</ele><time>2026-06-03T10:01:03.068Z</time></trkpt><trkpt lat="59.36311833" lon="18.04719833"><ele>0.0</ele><time>2026-06-03T10:01:04.069Z</time></trkpt><trkpt lat="59.36309833" lon="18.04723333"><ele>0.0</ele><time>2026-06-03T10:01:05.069Z</time></trkpt><trkpt lat="59.36308" lon="18.04727667"><ele>0.0</ele><time>2026-06-03T10:01:06.069Z</time></trkpt><trkpt lat="59.36306333" lon="18.047325"><ele>1.0</ele><time>2026-06-03T10:01:07.068Z</time></trkpt><trkpt lat="59.36304333" lon="18.04737333"><ele>1.0</ele><time>2026-06-03T10:01:08.069Z</time></trkpt><trkpt lat="59.36302667" lon="18.04741167"><ele>1.0</ele><time>2026-06-03T10:01:09.068Z</time></trkpt><trkpt lat="59.36301333" lon="18.04744833"><ele>1.0</ele><time>2026-06-03T10:01:10.069Z</time></trkpt><trkpt lat="59.36299667" lon="18.04748333"><ele>1.0</ele><time>2026-06-03T10:01:11.068Z</time></trkpt><trkpt lat="59.36298333" lon="18.04752"><ele>1.0</ele><time>2026-06-03T10:01:12.069Z</time></trkpt><trkpt lat="59.36296667" lon="18.04756"><ele>1.0</ele><time>2026-06-03T10:01:13.068Z</time></trkpt><trkpt lat="59.36295333" lon="18.0476"><ele>1.0</ele><time>2026-06-03T10:01:14.068Z</time></trkpt><trkpt lat="59.36293667" lon="18.04764667"><ele>1.0</ele><time>2026-06-03T10:01:15.069Z</time></trkpt><trkpt lat="59.36292333" lon="18.04768833"><ele>1.0</ele><time>2026-06-03T10:01:16.069Z</time></trkpt><trkpt lat="59.36291" lon="18.04772333"><ele>1.0</ele><time>2026-06-03T10:01:17.069Z</time></trkpt><trkpt lat="59.36289667" lon="18.04776"><ele>2.0</ele><time>2026-06-03T10:01:18.069Z</time></trkpt><trkpt lat="59.36288333" lon="18.04779"><ele>2.0</ele><time>2026-06-03T10:01:19.068Z</time></trkpt><trkpt lat="59.36286833" lon="18.04781667"><ele>2.0</ele><time>2026-06-03T10:01:20.069Z</time></trkpt><trkpt lat="59.362855" lon="18.04783667"><ele>2.0</ele><time>2026-06-03T10:01:21.068Z</time></trkpt><trkpt lat="59.36284" lon="18.047875"><ele>2.0</ele><time>2026-06-03T10:01:22.069Z</time></trkpt><trkpt lat="59.36282333" lon="18.04794"><ele>1.0</ele><time>2026-06-03T10:01:23.069Z</time></trkpt><trkpt lat="59.36281333" lon="18.04799167"><ele>1.0</ele><time>2026-06-03T10:01:24.069Z</time></trkpt><trkpt lat="59.3628" lon="18.04805167"><ele>1.0</ele><time>2026-06-03T10:01:25.068Z</time></trkpt><trkpt lat="59.36278667" lon="18.04810167"><ele>1.0</ele><time>2026-06-03T10:01:26.069Z</time></trkpt><trkpt lat="59.36277167" lon="18.04815167"><ele>1.0</ele><time>2026-06-03T10:01:27.069Z</time></trkpt><trkpt lat="59.36275333" lon="18.0482"><ele>1.0</ele><time>2026-06-03T10:01:28.069Z</time></trkpt><trkpt lat="59.36273667" lon="18.04825333"><ele>0.0</ele><time>2026-06-03T10:01:29.069Z</time></trkpt><trkpt lat="59.36272167" lon="18.04831333"><ele>0.0</ele><time>2026-06-03T10:01:30.069Z</time></trkpt><trkpt lat="59.36270167" lon="18.048355"><ele>0.0</ele><time>2026-06-03T10:01:31.069Z</time></trkpt><trkpt lat="59.36268167" lon="18.04838833"><ele>0.0</ele><time>2026-06-03T10:01:32.069Z</time></trkpt><trkpt lat="59.36266" lon="18.04842667"><ele>0.0</ele><time>2026-06-03T10:01:33.068Z</time></trkpt><trkpt lat="59.362635" lon="18.04846667"><ele>0.0</ele><time>2026-06-03T10:01:34.069Z</time></trkpt><trkpt lat="59.36261833" lon="18.04849667"><ele>0.0</ele><time>2026-06-03T10:01:35.069Z</time></trkpt><trkpt lat="59.36259833" lon="18.04852333"><ele>0.0</ele><time>2026-06-03T10:01:36.069Z</time></trkpt><trkpt lat="59.36258" lon="18.04855333"><ele>0.0</ele><time>2026-06-03T10:01:37.069Z</time></trkpt><trkpt lat="59.36255833" lon="18.04858"><ele>0.0</ele><time>2026-06-03T10:01:38.069Z</time></trkpt><trkpt lat="59.36253833" lon="18.04861333"><ele>0.0</ele><time>2026-06-03T10:01:39.068Z</time></trkpt><trkpt lat="59.362515" lon="18.04864167"><ele>0.0</ele><time>2026-06-03T10:01:40.068Z</time></trkpt><trkpt lat="59.36249333" lon="18.04867"><ele>0.0</ele><time>2026-06-03T10:01:41.069Z</time></trkpt><trkpt lat="59.36246833" lon="18.04869167"><ele>0.0</ele><time>2026-06-03T10:01:42.068Z</time></trkpt><trkpt lat="59.362445" lon="18.04871667"><ele>0.0</ele><time>2026-06-03T10:01:43.069Z</time></trkpt><trkpt lat="59.36241667" lon="18.048745"><ele>0.0</ele><time>2026-06-03T10:01:44.069Z</time></trkpt><trkpt lat="59.36239" lon="18.04877"><ele>0.0</ele><time>2026-06-03T10:01:45.068Z</time></trkpt><trkpt lat="59.36236" lon="18.04879"><ele>0.0</ele><time>2026-06-03T10:01:46.069Z</time></trkpt><trkpt lat="59.36232667" lon="18.04880667"><ele>0.0</ele><time>2026-06-03T10:01:47.068Z</time></trkpt><trkpt lat="59.3623" lon="18.04882167"><ele>0.0</ele><time>2026-06-03T10:01:48.069Z</time></trkpt><trkpt lat="59.36227167" lon="18.04883667"><ele>0.0</ele><time>2026-06-03T10:01:49.068Z</time></trkpt><trkpt lat="59.36224667" lon="18.04885167"><ele>0.0</ele><time>2026-06-03T10:01:50.069Z</time></trkpt><trkpt lat="59.36219333" lon="18.048865"><ele>0.0</ele><time>2026-06-03T10:01:51.068Z</time></trkpt><trkpt lat="59.36219333" lon="18.048865"><ele>0.0</ele><time>2026-06-03T10:01:52.069Z</time></trkpt><trkpt lat="59.36217167" lon="18.04887"><ele>0.0</ele><time>2026-06-03T10:01:53.069Z</time></trkpt><trkpt lat="59.36213667" lon="18.048885"><ele>0.0</ele><time>2026-06-03T10:01:54.069Z</time></trkpt><trkpt lat="59.36211167" lon="18.04890667"><ele>0.0</ele><time>2026-06-03T10:01:55.068Z</time></trkpt><trkpt lat="59.36208167" lon="18.04893333"><ele>0.0</ele><time>2026-06-03T10:01:56.068Z</time></trkpt><trkpt lat="59.36205167" lon="18.04896333"><ele>0.0</ele><time>2026-06-03T10:01:57.068Z</time></trkpt><trkpt lat="59.362025" lon="18.048995"><ele>0.0</ele><time>2026-06-03T10:01:58.069Z</time></trkpt><trkpt lat="59.361995" lon="18.04901667"><ele>0.0</ele><time>2026-06-03T10:01:59.069Z</time></trkpt><trkpt lat="59.36196833" lon="18.04903833"><ele>0.0</ele><time>2026-06-03T10:02:00.069Z</time></trkpt><trkpt lat="59.36194" lon="18.04905833"><ele>0.0</ele><time>2026-06-03T10:02:01.069Z</time></trkpt><trkpt lat="59.36191167" lon="18.04908167"><ele>0.0</ele><time>2026-06-03T10:02:02.069Z</time></trkpt><trkpt lat="59.36186" lon="18.04912"><ele>0.0</ele><time>2026-06-03T10:02:03.068Z</time></trkpt><trkpt lat="59.36186" lon="18.04912"><ele>0.0</ele><time>2026-06-03T10:02:04.069Z</time></trkpt><trkpt lat="59.36183333" lon="18.049135"><ele>0.0</ele><time>2026-06-03T10:02:05.068Z</time></trkpt><trkpt lat="59.361805" lon="18.04915833"><ele>0.0</ele><time>2026-06-03T10:02:06.069Z</time></trkpt><trkpt lat="59.36177833" lon="18.04919"><ele>0.0</ele><time>2026-06-03T10:02:07.068Z</time></trkpt><trkpt lat="59.36175167" lon="18.049225"><ele>0.0</ele><time>2026-06-03T10:02:08.069Z</time></trkpt><trkpt lat="59.36172667" lon="18.04926333"><ele>0.0</ele><time>2026-06-03T10:02:09.068Z</time></trkpt><trkpt lat="59.361705" lon="18.0493"><ele>0.0</ele><time>2026-06-03T10:02:10.068Z</time></trkpt><trkpt lat="59.36167833" lon="18.04933833"><ele>0.0</ele><time>2026-06-03T10:02:11.069Z</time></trkpt><trkpt lat="59.36165667" lon="18.04938"><ele>0.0</ele><time>2026-06-03T10:02:12.069Z</time></trkpt><trkpt lat="59.36161" lon="18.049475"><ele>0.0</ele><time>2026-06-03T10:02:13.068Z</time></trkpt><trkpt lat="59.36161" lon="18.049475"><ele>0.0</ele><time>2026-06-03T10:02:14.069Z</time></trkpt><trkpt lat="59.36156667" lon="18.049555"><ele>0.0</ele><time>2026-06-03T10:02:15.069Z</time></trkpt><trkpt lat="59.36156667" lon="18.049555"><ele>0.0</ele><time>2026-06-03T10:02:16.069Z</time></trkpt><trkpt lat="59.36154667" lon="18.04959333"><ele>0.0</ele><time>2026-06-03T10:02:17.068Z</time></trkpt><trkpt lat="59.36152167" lon="18.049635"><ele>0.0</ele><time>2026-06-03T10:02:18.069Z</time></trkpt><trkpt lat="59.36149667" lon="18.04967167"><ele>0.0</ele><time>2026-06-03T10:02:19.068Z</time></trkpt><trkpt lat="59.361475" lon="18.04970333"><ele>0.0</ele><time>2026-06-03T10:02:20.069Z</time></trkpt><trkpt lat="59.36142833" lon="18.04977"><ele>0.0</ele><time>2026-06-03T10:02:21.068Z</time></trkpt><trkpt lat="59.36142833" lon="18.04977"><ele>0.0</ele><time>2026-06-03T10:02:22.068Z</time></trkpt><trkpt lat="59.36140333" lon="18.04979833"><ele>0.0</ele><time>2026-06-03T10:02:23.068Z</time></trkpt><trkpt lat="59.36137833" lon="18.04983833"><ele>0.0</ele><time>2026-06-03T10:02:24.068Z</time></trkpt><trkpt lat="59.36132667" lon="18.049905"><ele>0.0</ele><time>2026-06-03T10:02:25.068Z</time></trkpt><trkpt lat="59.36132667" lon="18.049905"><ele>0.0</ele><time>2026-06-03T10:02:26.069Z</time></trkpt><trkpt lat="59.36129667" lon="18.04993333"><ele>0.0</ele><time>2026-06-03T10:02:27.068Z</time></trkpt><trkpt lat="59.36127333" lon="18.04995833"><ele>0.0</ele><time>2026-06-03T10:02:28.069Z</time></trkpt><trkpt lat="59.36124833" lon="18.04998"><ele>0.0</ele><time>2026-06-03T10:02:29.068Z</time></trkpt><trkpt lat="59.36122333" lon="18.05"><ele>0.0</ele><time>2026-06-03T10:02:30.069Z</time></trkpt><trkpt lat="59.36119833" lon="18.05001167"><ele>0.0</ele><time>2026-06-03T10:02:31.068Z</time></trkpt><trkpt lat="59.36117167" lon="18.05003"><ele>1.0</ele><time>2026-06-03T10:02:32.069Z</time></trkpt><trkpt lat="59.36112" lon="18.05006167"><ele>1.0</ele><time>2026-06-03T10:02:33.068Z</time></trkpt><trkpt lat="59.36112" lon="18.05006167"><ele>1.0</ele><time>2026-06-03T10:02:34.069Z</time></trkpt><trkpt lat="59.361095" lon="18.05007833"><ele>1.0</ele><time>2026-06-03T10:02:35.069Z</time></trkpt><trkpt lat="59.36106833" lon="18.05009833"><ele>1.0</ele><time>2026-06-03T10:02:36.069Z</time></trkpt><trkpt lat="59.36101667" lon="18.05013333"><ele>1.0</ele><time>2026-06-03T10:02:37.068Z</time></trkpt><trkpt lat="59.36101667" lon="18.05013333"><ele>1.0</ele><time>2026-06-03T10:02:38.068Z</time></trkpt><trkpt lat="59.36096667" lon="18.05017333"><ele>1.0</ele><time>2026-06-03T10:02:39.069Z</time></trkpt><trkpt lat="59.36096667" lon="18.05017333"><ele>1.0</ele><time>2026-06-03T10:02:40.069Z</time></trkpt><trkpt lat="59.36094167" lon="18.05018833"><ele>1.0</ele><time>2026-06-03T10:02:41.068Z</time></trkpt><trkpt lat="59.36092" lon="18.05020667"><ele>1.0</ele><time>2026-06-03T10:02:42.069Z</time></trkpt><trkpt lat="59.36087833" lon="18.05025167"><ele>1.0</ele><time>2026-06-03T10:02:43.068Z</time></trkpt><trkpt lat="59.36087833" lon="18.05025167"><ele>1.0</ele><time>2026-06-03T10:02:44.069Z</time></trkpt><trkpt lat="59.360855" lon="18.05027333"><ele>1.0</ele><time>2026-06-03T10:02:45.068Z</time></trkpt><trkpt lat="59.36083" lon="18.05031167"><ele>1.0</ele><time>2026-06-03T10:02:46.069Z</time></trkpt><trkpt lat="59.36081167" lon="18.050355"><ele>1.0</ele><time>2026-06-03T10:02:47.069Z</time></trkpt><trkpt lat="59.36079167" lon="18.05039167"><ele>1.0</ele><time>2026-06-03T10:02:48.069Z</time></trkpt><trkpt lat="59.36077" lon="18.05043167"><ele>1.0</ele><time>2026-06-03T10:02:49.068Z</time></trkpt><trkpt lat="59.360745" lon="18.05046333"><ele>1.0</ele><time>2026-06-03T10:02:50.068Z</time></trkpt><trkpt lat="59.36072" lon="18.05050167"><ele>1.0</ele><time>2026-06-03T10:02:51.068Z</time></trkpt><trkpt lat="59.36069333" lon="18.05053667"><ele>1.0</ele><time>2026-06-03T10:02:52.068Z</time></trkpt><trkpt lat="59.360665" lon="18.05057167"><ele>2.0</ele><time>2026-06-03T10:02:53.068Z</time></trkpt><trkpt lat="59.36063833" lon="18.05061"><ele>2.0</ele><time>2026-06-03T10:02:54.068Z</time></trkpt><trkpt lat="59.36060667" lon="18.050645"><ele>2.0</ele><time>2026-06-03T10:02:55.069Z</time></trkpt><trkpt lat="59.36058333" lon="18.05068167"><ele>2.0</ele><time>2026-06-03T10:02:56.069Z</time></trkpt><trkpt lat="59.36056167" lon="18.05071167"><ele>2.0</ele><time>2026-06-03T10:02:57.068Z</time></trkpt><trkpt lat="59.36054" lon="18.05074"><ele>2.0</ele><time>2026-06-03T10:02:58.069Z</time></trkpt><trkpt lat="59.36051833" lon="18.05077833"><ele>2.0</ele><time>2026-06-03T10:02:59.068Z</time></trkpt><trkpt lat="59.36049667" lon="18.050825"><ele>2.0</ele><time>2026-06-03T10:03:00.069Z</time></trkpt><trkpt lat="59.36047833" lon="18.050865"><ele>2.0</ele><time>2026-06-03T10:03:01.068Z</time></trkpt><trkpt lat="59.36045833" lon="18.05090333"><ele>2.0</ele><time>2026-06-03T10:03:02.069Z</time></trkpt><trkpt lat="59.36043833" lon="18.05094333"><ele>2.0</ele><time>2026-06-03T10:03:03.068Z</time></trkpt><trkpt lat="59.360415" lon="18.05100167"><ele>2.0</ele><time>2026-06-03T10:03:04.068Z</time></trkpt><trkpt lat="59.36039333" lon="18.05105333"><ele>2.0</ele><time>2026-06-03T10:03:05.069Z</time></trkpt><trkpt lat="59.36037667" lon="18.05111"><ele>2.0</ele><time>2026-06-03T10:03:06.068Z</time></trkpt><trkpt lat="59.36036" lon="18.05117333"><ele>2.0</ele><time>2026-06-03T10:03:07.068Z</time></trkpt><trkpt lat="59.36034333" lon="18.05123833"><ele>2.0</ele><time>2026-06-03T10:03:08.069Z</time></trkpt><trkpt lat="59.36033167" lon="18.05129833"><ele>2.0</ele><time>2026-06-03T10:03:09.068Z</time></trkpt><trkpt lat="59.36032167" lon="18.05135333"><ele>2.0</ele><time>2026-06-03T10:03:10.069Z</time></trkpt><trkpt lat="59.36031167" lon="18.05141833"><ele>2.0</ele><time>2026-06-03T10:03:11.069Z</time></trkpt><trkpt lat="59.36030333" lon="18.05147833"><ele>2.0</ele><time>2026-06-03T10:03:12.069Z</time></trkpt><trkpt lat="59.36029333" lon="18.05154167"><ele>2.0</ele><time>2026-06-03T10:03:13.068Z</time></trkpt><trkpt lat="59.36028667" lon="18.05160333"><ele>2.0</ele><time>2026-06-03T10:03:14.069Z</time></trkpt><trkpt lat="59.36028" lon="18.05166833"><ele>2.0</ele><time>2026-06-03T10:03:15.069Z</time></trkpt><trkpt lat="59.360275" lon="18.05172833"><ele>2.0</ele><time>2026-06-03T10:03:16.069Z</time></trkpt><trkpt lat="59.36027" lon="18.05179333"><ele>2.0</ele><time>2026-06-03T10:03:17.069Z</time></trkpt><trkpt lat="59.360265" lon="18.051855"><ele>2.0</ele><time>2026-06-03T10:03:18.068Z</time></trkpt><trkpt lat="59.36025667" lon="18.05191833"><ele>2.0</ele><time>2026-06-03T10:03:19.068Z</time></trkpt><trkpt lat="59.36024833" lon="18.05198667"><ele>2.0</ele><time>2026-06-03T10:03:20.068Z</time></trkpt><trkpt lat="59.36023833" lon="18.05204667"><ele>2.0</ele><time>2026-06-03T10:03:21.069Z</time></trkpt><trkpt lat="59.360225" lon="18.05210833"><ele>2.0</ele><time>2026-06-03T10:03:22.069Z</time></trkpt><trkpt lat="59.36021" lon="18.05216833"><ele>2.0</ele><time>2026-06-03T10:03:23.069Z</time></trkpt><trkpt lat="59.36019667" lon="18.05223"><ele>2.0</ele><time>2026-06-03T10:03:24.069Z</time></trkpt><trkpt lat="59.36018167" lon="18.052295"><ele>2.0</ele><time>2026-06-03T10:03:25.068Z</time></trkpt><trkpt lat="59.36016833" lon="18.05236333"><ele>2.0</ele><time>2026-06-03T10:03:26.069Z</time></trkpt><trkpt lat="59.36015333" lon="18.052435"><ele>2.0</ele><time>2026-06-03T10:03:27.068Z</time></trkpt><trkpt lat="59.36014333" lon="18.05249167"><ele>2.0</ele><time>2026-06-03T10:03:28.069Z</time></trkpt><trkpt lat="59.360135" lon="18.052545"><ele>2.0</ele><time>2026-06-03T10:03:29.069Z</time></trkpt><trkpt lat="59.36012833" lon="18.052605"><ele>2.0</ele><time>2026-06-03T10:03:30.069Z</time></trkpt><trkpt lat="59.36012833" lon="18.05265"><ele>2.0</ele><time>2026-06-03T10:03:31.068Z</time></trkpt><trkpt lat="59.36012667" lon="18.05271667"><ele>2.0</ele><time>2026-06-03T10:03:32.068Z</time></trkpt><trkpt lat="59.360125" lon="18.05278167"><ele>2.0</ele><time>2026-06-03T10:03:33.070Z</time></trkpt><trkpt lat="59.36012" lon="18.05284833"><ele>2.0</ele><time>2026-06-03T10:03:34.068Z</time></trkpt><trkpt lat="59.36011667" lon="18.05291"><ele>2.0</ele><time>2026-06-03T10:03:35.069Z</time></trkpt><trkpt lat="59.36011667" lon="18.05297167"><ele>2.0</ele><time>2026-06-03T10:03:36.069Z</time></trkpt><trkpt lat="59.36012" lon="18.05304"><ele>2.0</ele><time>2026-06-03T10:03:37.068Z</time></trkpt><trkpt lat="59.36012333" lon="18.05310333"><ele>2.0</ele><time>2026-06-03T10:03:38.069Z</time></trkpt><trkpt lat="59.36012333" lon="18.053165"><ele>2.0</ele><time>2026-06-03T10:03:39.068Z</time></trkpt><trkpt lat="59.360125" lon="18.05323167"><ele>2.0</ele><time>2026-06-03T10:03:40.069Z</time></trkpt><trkpt lat="59.36012833" lon="18.05329333"><ele>2.0</ele><time>2026-06-03T10:03:41.068Z</time></trkpt><trkpt lat="59.36013" lon="18.05336333"><ele>2.0</ele><time>2026-06-03T10:03:42.069Z</time></trkpt><trkpt lat="59.36013667" lon="18.05341167"><ele>2.0</ele><time>2026-06-03T10:03:43.069Z</time></trkpt><trkpt lat="59.36014167" lon="18.05347"><ele>2.0</ele><time>2026-06-03T10:03:44.069Z</time></trkpt><trkpt lat="59.36014333" lon="18.05352333"><ele>2.0</ele><time>2026-06-03T10:03:45.069Z</time></trkpt><trkpt lat="59.36014167" lon="18.05359"><ele>2.0</ele><time>2026-06-03T10:03:46.069Z</time></trkpt><trkpt lat="59.36013833" lon="18.05365167"><ele>2.0</ele><time>2026-06-03T10:03:47.069Z</time></trkpt><trkpt lat="59.36013833" lon="18.05371167"><ele>2.0</ele><time>2026-06-03T10:03:48.068Z</time></trkpt><trkpt lat="59.36013167" lon="18.053765"><ele>2.0</ele><time>2026-06-03T10:03:49.069Z</time></trkpt><trkpt lat="59.36013" lon="18.05381333"><ele>2.0</ele><time>2026-06-03T10:03:50.069Z</time></trkpt><trkpt lat="59.36012667" lon="18.05387"><ele>2.0</ele><time>2026-06-03T10:03:51.069Z</time></trkpt><trkpt lat="59.36012333" lon="18.05393333"><ele>2.0</ele><time>2026-06-03T10:03:52.069Z</time></trkpt><trkpt lat="59.36012167" lon="18.05400667"><ele>2.0</ele><time>2026-06-03T10:03:53.068Z</time></trkpt><trkpt lat="59.36011667" lon="18.05407"><ele>2.0</ele><time>2026-06-03T10:03:54.068Z</time></trkpt><trkpt lat="59.360115" lon="18.05413"><ele>2.0</ele><time>2026-06-03T10:03:55.068Z</time></trkpt><trkpt lat="59.36011" lon="18.05418667"><ele>2.0</ele><time>2026-06-03T10:03:56.069Z</time></trkpt><trkpt lat="59.360105" lon="18.05423333"><ele>2.0</ele><time>2026-06-03T10:03:57.069Z</time></trkpt><trkpt lat="59.36009667" lon="18.05428167"><ele>2.0</ele><time>2026-06-03T10:03:58.069Z</time></trkpt><trkpt lat="59.360085" lon="18.054335"><ele>2.0</ele><time>2026-06-03T10:03:59.068Z</time></trkpt><trkpt lat="59.36007" lon="18.05438667"><ele>2.0</ele><time>2026-06-03T10:04:00.069Z</time></trkpt><trkpt lat="59.36004833" lon="18.05443"><ele>2.0</ele><time>2026-06-03T10:04:01.069Z</time></trkpt><trkpt lat="59.36003" lon="18.05447333"><ele>2.0</ele><time>2026-06-03T10:04:02.068Z</time></trkpt><trkpt lat="59.36000833" lon="18.054515"><ele>2.0</ele><time>2026-06-03T10:04:03.068Z</time></trkpt><trkpt lat="59.35998333" lon="18.05454833"><ele>2.0</ele><time>2026-06-03T10:04:04.069Z</time></trkpt><trkpt lat="59.35995333" lon="18.05458333"><ele>2.0</ele><time>2026-06-03T10:04:05.068Z</time></trkpt><trkpt lat="59.35992333" lon="18.054615"><ele>2.0</ele><time>2026-06-03T10:04:06.069Z</time></trkpt><trkpt lat="59.359895" lon="18.05464833"><ele>2.0</ele><time>2026-06-03T10:04:07.068Z</time></trkpt><trkpt lat="59.35986333" lon="18.05468333"><ele>2.0</ele><time>2026-06-03T10:04:08.069Z</time></trkpt><trkpt lat="59.35983167" lon="18.05470167"><ele>2.0</ele><time>2026-06-03T10:04:09.068Z</time></trkpt><trkpt lat="59.35980333" lon="18.054725"><ele>2.0</ele><time>2026-06-03T10:04:10.069Z</time></trkpt><trkpt lat="59.359775" lon="18.05475167"><ele>2.0</ele><time>2026-06-03T10:04:11.069Z</time></trkpt><trkpt lat="59.35975" lon="18.05478167"><ele>2.0</ele><time>2026-06-03T10:04:12.069Z</time></trkpt><trkpt lat="59.35972667" lon="18.054815"><ele>2.0</ele><time>2026-06-03T10:04:13.068Z</time></trkpt><trkpt lat="59.35969833" lon="18.05484"><ele>2.0</ele><time>2026-06-03T10:04:14.069Z</time></trkpt><trkpt lat="59.35967667" lon="18.05487167"><ele>2.0</ele><time>2026-06-03T10:04:15.068Z</time></trkpt><trkpt lat="59.35965167" lon="18.05489"><ele>2.0</ele><time>2026-06-03T10:04:16.068Z</time></trkpt><trkpt lat="59.35962667" lon="18.05491"><ele>2.0</ele><time>2026-06-03T10:04:17.069Z</time></trkpt><trkpt lat="59.35960167" lon="18.05493833"><ele>2.0</ele><time>2026-06-03T10:04:18.069Z</time></trkpt><trkpt lat="59.359575" lon="18.05497333"><ele>2.0</ele><time>2026-06-03T10:04:19.069Z</time></trkpt><trkpt lat="59.35955167" lon="18.05501167"><ele>2.0</ele><time>2026-06-03T10:04:20.069Z</time></trkpt><trkpt lat="59.35952667" lon="18.05504"><ele>3.0</ele><time>2026-06-03T10:04:21.069Z</time></trkpt><trkpt lat="59.3595" lon="18.05506667"><ele>3.0</ele><time>2026-06-03T10:04:22.069Z</time></trkpt><trkpt lat="59.359475" lon="18.0551"><ele>3.0</ele><time>2026-06-03T10:04:23.068Z</time></trkpt><trkpt lat="59.35944667" lon="18.05512833"><ele>3.0</ele><time>2026-06-03T10:04:24.069Z</time></trkpt><trkpt lat="59.35942" lon="18.055155"><ele>3.0</ele><time>2026-06-03T10:04:25.069Z</time></trkpt><trkpt lat="59.35938833" lon="18.05518"><ele>3.0</ele><time>2026-06-03T10:04:26.069Z</time></trkpt><trkpt lat="59.35935667" lon="18.0552"><ele>3.0</ele><time>2026-06-03T10:04:27.069Z</time></trkpt><trkpt lat="59.35932333" lon="18.05520667"><ele>3.0</ele><time>2026-06-03T10:04:28.068Z</time></trkpt><trkpt lat="59.35929333" lon="18.05519667"><ele>3.0</ele><time>2026-06-03T10:04:29.069Z</time></trkpt><trkpt lat="59.359265" lon="18.05518667"><ele>3.0</ele><time>2026-06-03T10:04:30.068Z</time></trkpt><trkpt lat="59.35923833" lon="18.05515667"><ele>3.0</ele><time>2026-06-03T10:04:31.068Z</time></trkpt><trkpt lat="59.35921333" lon="18.05513"><ele>4.0</ele><time>2026-06-03T10:04:32.069Z</time></trkpt><trkpt lat="59.35918833" lon="18.05510333"><ele>4.0</ele><time>2026-06-03T10:04:33.068Z</time></trkpt><trkpt lat="59.359165" lon="18.05507333"><ele>4.0</ele><time>2026-06-03T10:04:34.068Z</time></trkpt><trkpt lat="59.35914333" lon="18.05503833"><ele>4.0</ele><time>2026-06-03T10:04:35.068Z</time></trkpt><trkpt lat="59.35912667" lon="18.05498833"><ele>4.0</ele><time>2026-06-03T10:04:36.069Z</time></trkpt><trkpt lat="59.359115" lon="18.05493"><ele>4.0</ele><time>2026-06-03T10:04:37.068Z</time></trkpt><trkpt lat="59.35910667" lon="18.05487667"><ele>4.0</ele><time>2026-06-03T10:04:38.069Z</time></trkpt><trkpt lat="59.359105" lon="18.05481833"><ele>4.0</ele><time>2026-06-03T10:04:39.069Z</time></trkpt><trkpt lat="59.35910667" lon="18.05475667"><ele>4.0</ele><time>2026-06-03T10:04:40.069Z</time></trkpt><trkpt lat="59.35910667" lon="18.05469167"><ele>4.0</ele><time>2026-06-03T10:04:41.068Z</time></trkpt><trkpt lat="59.35910833" lon="18.054625"><ele>4.0</ele><time>2026-06-03T10:04:42.069Z</time></trkpt><trkpt lat="59.35910833" lon="18.05456667"><ele>4.0</ele><time>2026-06-03T10:04:43.069Z</time></trkpt><trkpt lat="59.35910833" lon="18.05450167"><ele>4.0</ele><time>2026-06-03T10:04:44.069Z</time></trkpt><trkpt lat="59.35910667" lon="18.05444"><ele>4.0</ele><time>2026-06-03T10:04:45.069Z</time></trkpt><trkpt lat="59.35910167" lon="18.054375"><ele>4.0</ele><time>2026-06-03T10:04:46.069Z</time></trkpt><trkpt lat="59.3591" lon="18.05431"><ele>4.0</ele><time>2026-06-03T10:04:47.069Z</time></trkpt><trkpt lat="59.359095" lon="18.05425167"><ele>4.0</ele><time>2026-06-03T10:04:48.069Z</time></trkpt><trkpt lat="59.35909" lon="18.054195"><ele>4.0</ele><time>2026-06-03T10:04:49.069Z</time></trkpt><trkpt lat="59.35908667" lon="18.05414167"><ele>4.0</ele><time>2026-06-03T10:04:50.069Z</time></trkpt><trkpt lat="59.35908167" lon="18.05408667"><ele>4.0</ele><time>2026-06-03T10:04:51.068Z</time></trkpt><trkpt lat="59.359075" lon="18.05402667"><ele>4.0</ele><time>2026-06-03T10:04:52.069Z</time></trkpt><trkpt lat="59.35906333" lon="18.05397167"><ele>4.0</ele><time>2026-06-03T10:04:53.069Z</time></trkpt><trkpt lat="59.35905333" lon="18.05391667"><ele>4.0</ele><time>2026-06-03T10:04:54.069Z</time></trkpt><trkpt lat="59.359045" lon="18.05386667"><ele>4.0</ele><time>2026-06-03T10:04:55.068Z</time></trkpt><trkpt lat="59.35903833" lon="18.05382333"><ele>3.0</ele><time>2026-06-03T10:04:56.069Z</time></trkpt></trkseg></trk></gpx>
